,sp500_Close,sp500_Volume,vix_Close,vix_Volume,dji_Close,dji_Volume,ndx_Close,ndx_Volume,n225_Close,n225_Volume,ftse_Close,ftse_Volume,hsi_Close,hsi_Volume,n100_Close,n100_Volume,Overall EMV Tracker,infectious_daily_infect_emv_index,GPR,trade_US Trade Policy Uncertainty,trade_Japanese Trade Policy Uncertainty,trade_Trade Policy EMV Fraction
2015-01-02,1869.4665628948821,2343930585.4300213,16.66469654266903,0.0,16509.234021429766,57396853.512946725,3612.8520467033677,1476893498.560187,15883.684266291693,113210.32750665356,6755.140021190332,349143502.97503644,22578.908291755928,1225235340.9464011,805.369681831141,174729074.27618402,17.151421413469492,0.9986806689761704,120.6951339890636,44.8814675079826,104.35073071283962,0.014860043908555522
2015-01-09,1870.7220404764926,3501889607.0646367,15.621730246635376,0.0,16482.53932592027,134416120.3398698,3617.7450356606996,2026089318.2717257,15885.933366794738,157843.51660921768,6728.410680890333,553064613.2795237,22594.62187237768,1674334966.4431963,802.6770478127116,249282719.16400456,14.82340245837885,0.8911703667783681,157.1020487094695,37.4475510848763,70.81248581290401,0.011307143542233234
2015-01-16,1881.264012652454,3628227607.0646367,15.170148427885378,0.0,16573.862042031207,119722184.04179287,3677.1969478444744,2679151082.6948028,15829.030045824704,150660.08712203818,5045.841397998986,613861244.7218316,22754.570420998713,1670248200.794158,805.0288204401154,283893059.26015836,11.12335236801606,1.0618537458992474,205.66751830791722,25.204199547605732,22.23115865438877,0.006057123372837007
2015-01-23,1888.1700270519732,3759931342.64156,15.743590785577686,0.0,16651.039982973994,177479054.23410058,3697.6815757483205,2056029419.2332642,15681.470169164248,152248.36837203818,6725.409536204274,745819487.0295237,22924.178180076116,1967071952.9576194,801.4437605982886,280965000.9428507,5.824907637889307,1.1956998997454011,267.9414772353208,7.30877499838391,-43.559128095356456,-0.0011448329724131328
2015-01-30,1910.769158463512,3555733977.256944,14.678581195193072,0.0,16859.85368687111,160928486.92640826,3751.1941127286086,2029411356.7332642,15852.732226493217,147205.15923742278,6722.072025841775,742525322.9429852,23321.87707393814,1965893555.8422346,812.9786489180001,274179002.4332353,28.890285832827377,0.7396216030421044,53.7649941251073,170.99729639011994,343.3470836490001,0.037736016971326926
2015-02-06,1908.9420044971657,3814009208.026175,15.145677222596914,0.0,16852.7916742163,172157477.31102365,3740.737280452646,2163096981.733264,15780.621259989848,169197.8515451151,6674.695791361967,796069930.7795236,23461.18143938157,1807411371.7556963,807.0494801415578,302546499.21208143,118.370710435825,0.8792988008443022,-805.1840174100904,753.9013068923973,1779.3463850679207,0.18367356396229786
2015-02-13,1863.0023907418772,4056959270.5261755,19.913369679327687,0.0,16456.819990792264,187898996.54179287,3630.726395718031,2263039885.579418,15053.43220782879,186359.67846819203,6590.31127730716,835642919.914139,22824.10563839535,2215361710.3614655,785.3775796266539,339769566.08708143,312.31740492987683,0.8111600645805659,-2677.2276437576393,1993.652349674799,4860.835367341867,0.4976416987587405
2015-02-20,1904.3894646885115,3556127352.2569447,16.38440318413538,0.0,16802.4053139764,131776496.54179287,3738.774591941109,1946921500.9640334,15105.792107892014,165931.3611604997,6697.023767514371,669141788.2314467,23067.872149796793,1975339988.4864655,799.3948435511732,298231626.375543,648.7815927979776,0.8468983887563901,-5930.687971304903,4127.881967906908,10184.210621651298,1.040614312118895
2015-02-27,1926.3773748591848,3432743938.795406,14.894407980289223,0.0,17009.291425772553,105065794.61871596,3800.11801129207,1845424832.6948025,15340.776815167732,143159.14962203818,6721.250771529275,757946112.8949083,23423.2763997141,1591870421.323004,809.6417393939616,268514256.8082353,19.21172815504312,0.7901435810640824,52.73679336866844,-15.047680219331063,78.1674560127014,-0.004450038009172671
2015-03-06,1938.7737034740887,3885390010.9107904,14.680297617308456,0.0,17105.18575000861,124673246.54179287,3840.0976563925506,2093296625.9640334,15473.82326091533,152745.5919297305,6738.227987704275,824571231.0800045,23481.62354936915,2000068181.7316577,819.4607876641538,296174974.9332353,-2992.175020975478,0.6951916579871593,28835.205439822654,-19592.082184721377,-48023.414627954204,-4.9578054854771505
2015-03-13,1934.6622876744495,3456729339.035791,14.34999949254884,0.0,16976.206014410654,90317026.5898698,3840.893705537382,1977784318.2717257,15395.772395373504,149229.87077588434,6726.982289579275,771815390.5631776,23367.02708705449,1674227402.2364657,820.4097877761731,299965200.4140045,-9801.16148657014,0.6988283338113351,93978.87675761663,-63760.167135616706,-156686.65612862966,-16.139706164136726
2015-03-20,1953.6776506575022,3683220979.660791,13.057811994231534,0.0,17020.738718133372,151658744.13794672,3915.0678514552906,2126266890.3871102,15551.926060118694,140951.31308357665,6747.646949105718,844851061.8612545,23807.075224092467,1552531927.0922348,828.2455377982885,326552895.22169685,-21823.530500605495,0.7150955041410055,209045.90953631012,-141676.24812292279,-348477.677544394,-35.870406207839586
2015-03-27,1930.7730934334638,3216391051.776175,14.300259259616148,0.0,16827.335032157887,117043349.9071775,3857.381961254329,1935409592.310187,15367.526259120858,141241.66164126893,6726.644391686487,677953422.6304852,23944.559295821313,1653635150.0249271,826.5087929838654,236165467.33708143,12.92101231871182,1.0587047074377087,387598.4625654627,-21.565644336552992,17.273774713034094,-0.00947847275606954
2015-04-03,1915.9888285055792,3139646748.89156,14.467638979808454,0.0,16692.581609974233,116966335.48410058,3812.554260410098,1901944496.156341,15139.249587169656,149963.7890451151,6690.420588320621,704219228.1593313,23551.26953023221,1708689866.1627476,821.2307424468462,237057182.72169682,105629.11925464704,1.0227569052399066,175.5818074692268,684852.7930147221,1685301.735815509,173.39159006172045
2015-04-10,1923.2726819651944,3110723873.89156,14.401994737500761,0.0,16803.95488728337,82776931.63794671,3828.1175562293292,1931967803.8486488,14988.28132280908,149992.9236604997,6751.311085356679,709467501.0920236,23581.804908747916,1724049963.6507285,828.3130653064615,242873909.69285068,344945.99042882404,0.9626229766684781,-1754981.2105718607,2236595.7405688334,5503879.246564812,566.2813124161968
2015-04-17,1930.3363802070214,2995771287.3530984,14.545927329808457,0.0,16820.987878124237,62887946.06102364,3852.963630400483,1749088510.5794177,15150.881418117493,134381.12077588434,6835.492771244659,680239725.8997159,23995.510000935054,1590368071.5553758,839.2746481127115,237527394.01977375,767884.4607372945,0.8164382239212252,-5679630.392406719,4978856.189732577,12252253.344009435,1260.6082016112796
2015-04-24,1946.96975098731,3166658623.89156,12.997960933654607,0.0,16965.398984744428,99358845.09948519,3902.668952707695,1759190683.656341,15447.640148726508,136534.39000665356,6809.841841673986,730696313.0151006,23931.466192285174,1597967772.084222,847.6867770165578,254463191.27938914,1424365.4563825028,1.0547864382069396,-12575530.441531293,9235283.053220527,22726927.566136193,2338.3207706675757
2015-05-01,1945.5501397204828,3367808537.3530984,12.627052380289223,0.0,16913.13472876654,110683522.98410057,3881.958090556253,1871491875.9640334,15720.968434975426,150514.4501028074,6852.439201406679,799894644.8901006,23944.54097595344,1429554036.8919144,857.4451426343461,255437343.10631222,29.558795082100826,1.132667619525621,73.01288965693212,227.47584373404854,283.1705703266355,0.11700129434612172
2015-05-08,1936.680506428656,3445562888.3146367,12.720417714904608,0.0,16769.516154479046,90408989.33025442,3885.9774015865405,1920490525.0024948,9989.350554803914,132475.21933382662,6819.822778658603,703046764.9862545,23818.46534867652,1460702218.7669144,854.9478045540577,236230092.33708143,-6452989.659656717,0.7961291579871593,60718282.78794722,-41839432.35503274,-102963446.68525875,-10593.283070286896
2015-05-15,1935.6197940954828,3247015941.199252,13.015489930289224,0.0,16727.052872334814,73703229.7148698,3903.6041420947145,1930822385.579418,15591.55688384021,157481.93808357665,6836.82130952014,735821078.351639,23552.36936966306,1611580358.5265298,850.362258121846,234693429.69285068,-20882558.626604646,0.6996628118333132,198250201.7007325,-135396818.2520438,-333200028.8439217,-34281.15940785464
2015-05-22,1918.24067850606,3273998494.0838675,13.731513868750765,0.0,16546.429180303563,90239811.44563901,3838.6350883028877,1934018510.579418,15546.055176724705,148961.5294297305,6891.463453363409,789151734.9381776,23534.26803244575,1605334814.1996067,847.7973723439616,243909033.34669682,-46236543.76968044,0.9038867129322142,441266932.5683366,-299785052.02782434,-737745230.1479893,-75902.79197518737
2015-05-29,1927.7586648903145,2968646081.824252,12.266607618750763,0.0,16637.53553947508,53931163.60910057,3852.461669072238,1732309384.3774948,15523.998215986243,129231.93808357665,6934.16033344514,712737567.4381775,23416.631368078924,1573781900.4496067,851.0240604497308,246699446.71208143,19.587488870665506,0.7012768228223242,818439578.2078507,19.936651471379783,113.01952020173977,0.005306503067372891
2015-06-05,1913.3820966659155,3488057189.997329,13.265540236058456,0.0,16399.300441031326,89215565.05140828,3846.816163662623,1946807187.2621102,15408.276416074707,141462.87558357665,6876.493197561967,952863022.2458699,23435.48432879431,2017778101.7957604,842.7108360050192,256020973.15438914,223241792.69847178,0.8298516854596868,225.99483218344827,1447437827.724457,3562020042.663096,366478.0112422436
2015-06-12,1934.8284668356268,3214345349.8530984,12.547903341827686,0.0,16634.293839038175,71848662.4071775,3874.9541999548105,1956103342.3101873,15394.923893075185,138871.9140451151,6888.087819110526,741182542.8708698,23659.330948281808,1602426232.5649912,840.3946538800192,242236897.04861993,728903436.8168368,0.8033406964486979,-3707811673.849651,4726007801.418666,11630298600.787231,1196582.0046370614
2015-06-19,1942.6639323019735,3403350191.199252,13.792446562981532,0.0,16743.65083560164,109406152.7917929,3885.2137508043297,2037119952.8871102,15290.69394809153,140439.51019896124,6843.788526854275,876846323.7362545,23381.707454579886,1645333385.0649912,832.0425721915577,267310728.34669682,1622399613.1961532,0.896946465679467,-11998756671.104532,10519189371.102354,25886819829.396408,2663362.764295983
2015-06-26,1945.6235755577425,3569830673.170406,13.840659405890186,0.0,16712.552478386853,98545807.83986978,3920.660170641229,2255205260.579418,15307.1299157961,140541.69769896124,6884.191694143698,922275934.8740749,23263.70566553878,1812510672.5770104,839.7393344655962,292058168.62313914,12.963618699981424,0.6160261360091374,-26566595315.548748,-21.042943749001545,20.759916736540333,-0.009192045319174336
2015-07-03,2068.73748775,3620325000.0,17.49000025,0.0,17675.9697265,103222500.0,4409.8125,1841345000.0,20347.4578128,148120.0,6593.279980599998,694800660.0,26140.859863499998,2394602650.0,949.4159912,634863720.0,-7848323637.407106,0.08285714285714285,104.67240770470508,-50886355466.452034,-125226941237.13153,-12883961.081359936
2015-07-10,2064.9420656,3613136000.0,17.911999800000004,0.0,17656.987890599998,90424000.0,4394.295996,1851386000.0,19972.335937599997,191300.0,6542.720117,751179240.0,24604.4437502,3894746900.0,929.7899904,589262180.0,-25632599611.44236,0.08571428571428574,128270026308.99855,-166194672056.5597,-408990784356.28723,-42078975.21774061
2015-07-17,2113.3759766,3190098000.0,12.912,0.0,18057.6257814,87024000.0,4560.5600586,1749226000.0,20437.89375,136560.0,6763.439941600001,591944740.0,25195.7457032,1704752240.0,992.9039918,499287020.0,-57062856182.66847,0.24571428571428566,418812479646.6843,-369979744882.80084,-910488309748.7164,-93675497.18386698
2015-07-24,2108.6879392,3585296000.0,12.594000000000001,0.0,17834.2375002,95934000.0,4627.506152200001,1926434000.0,20666.02978525,127425.0,6691.979980599999,589278840.0,25350.243750200007,1155553540.0,997.6880006,345499700.0,-105849121624.61176,0.8099999999999999,932196356713.5104,-686296369036.6101,-1688916297826.429,-173763981.74527195
2015-07-31,2096.3859864,3850828000.0,13.158,0.0,17651.6179688,99444000.0,4569.6839844000015,1938704000.0,20417.994140400002,152400.0,6611.319922,788822020.0,24521.9218752,1730885900.0,977.76001,515731620.0,23.855627059936523,0.1542857142857143,87.27613997096137,51.49281967826279,107.60328407161057,0.014970059880239518
2015-08-07,2090.4660644000005,3768210000.0,13.046,0.0,17496.4980468,93472000.0,4559.7520508,1990116000.0,20614.3058594,165560.0,6718.6400392000005,842757120.0,24451.8898438,1176461420.0,1001.3719972,481458540.0,479554959486.83966,0.19142857142857145,-4509479897175.605,3109301451274.6094,7651723266098.426,787246771.4944772
2015-08-14,2089.8459962,3501872000.0,13.174,0.0,17461.233984600003,97302000.0,4533.070019200001,1781340000.0,20607.4417968,155000.0,6618.180078,765023560.0,24189.035937599998,1517314120.0,975.6920044,410468000.0,1551886207444.3901,0.4542857142857143,-14727946641914.785,10062000071780.375,24761716180600.074,2547606655.626153
2015-08-21,2057.117993,3654262000.0,17.846,0.0,17171.137890799993,122340000.0,4440.3479492000015,1930658000.0,20173.3421874,139720.0,6407.1399414,648976340.0,23124.9121094,1879323920.0,939.502002,348532220.0,3436064194606.839,1.0014285714285711,-32787103541040.184,22278487949878.47,54825441425137.94,5640709975.6540785
2015-08-28,1935.571997,5217994000.0,31.8460002,0.0,16224.215820399999,203866000.0,4185.692040999998,2607744000.0,18486.993750200007,250820.0,6079.8599608,1176404360.0,21437.5703128,3265445040.0,882.1300048,721238900.0,31.47818374633789,1.09,-60818653901443.914,20.829575502112576,111.38439574580171,0.0392156862745098
2015-09-04,1941.4479982,3743472000.0,27.866,0.0,16282.979687600002,136662000.0,4218.562011600001,1879976000.0,18225.2242188,171280.0,6094.69995125,812300575.0,21157.8896485,2369040350.0,886.4660035999998,428948420.0,-16590183321893.842,1.1142857142857143,77.39725272830906,-107566150772979.36,-264711039268821.22,-27234768404.338352
2015-09-11,1956.19754025,3511420000.0,24.6750005,0.0,16377.435059,117495000.0,4294.12744125,1815327500.0,18124.3800782,179080.0,6144.6399416,639552760.0,21408.1476564,2266440680.0,885.6199952000002,543741020.0,-54168362716731.31,0.06571428571428573,275542079320614.03,-351212651364327.5,-864304107555921.2,-88923840370.40665
2015-09-18,1974.9320068,4015154000.0,22.312000200000004,0.0,16554.015820200002,151324000.0,4352.3058593999995,1977048000.0,18133.2519532,140360.0,6148.5000978,893838780.0,21751.8503906,1815066800.0,883.3480099999998,520189160.0,-120568415130076.23,0.32142857142857145,891680805216660.5,-781732188769216.4,-1923775636035498.8,-197927461031.22122
2015-09-25,1942.4099854000003,3616308000.0,22.3599998,0.0,16327.307812600002,109756000.0,4273.9200196,1943418000.0,17726.169922,176350.0,6029.440039,813982160.0,21427.744140799998,1688229320.0,860.7959962000001,446585140.0,-223624217507515.7,0.1471428571428572,1974289398845108.2,-1449917449982841.8,-3568122055881852.5,-367105875519.8058
2015-10-02,1912.2139892,4269258000.0,24.489999800000003,0.0,16216.0197266,131024000.0,4165.6621094,2279344000.0,17482.3300782,156020.0,6026.440039,939308100.0,20969.66341133333,2277560033.333333,850.8900024000002,779879800.0,24.70808982849121,0.39428571428571424,75.74017472140042,19.60964023142349,118.01788337325405,0.02373887240356083
2015-10-09,1998.2240236,4169880000.0,18.3680002,0.0,16922.829687600002,113564000.0,4338.35,2005744000.0,18218.8820312,154520.0,6350.4999998,810392220.0,22203.1179688,2071740900.0,898.03999,816262620.0,1013094614355220.0,0.15714285714285714,-9532366452261694.0,6568624705361169.0,1.6164820064955108e+16,1663115871494.6572
2015-10-16,2014.4719724,3456296000.0,16.594,0.0,17099.244140600003,112170000.0,4387.8520508,1721906000.0,18128.6103515,137650.0,6339.960058600001,622516000.0,22745.367969000006,1755781000.0,899.5779905999999,569980000.0,3278450002520709.5,0.4614285714285714,-3.1123989018883784e+16,2.1256561210281816e+16,5.231056767232695e+16,5381967444930.158
2015-10-23,2042.2059814,3757184000.0,15.268000199999998,0.0,17350.423437600002,128542000.0,4488.2160158,1912264000.0,18430.7660158,130880.0,6373.239941599999,623213960.0,23015.534668,1336518500.0,918.9080078,476905960.0,7258856541459154.0,0.055714285714285716,-6.927604676080955e+16,4.7064414058943544e+16,1.1582147235546006e+17,11916280426272.809
2015-10-30,2079.2379884,4113186000.0,14.945999999999998,0.0,17680.6679688,117160000.0,4653.65,1966272000.0,18929.1976564,143100.0,6395.399902599999,673616160.0,22935.1058596,1534201800.0,939.35,540774400.0,19.644874572753906,0.1557142857142857,237.0819621385383,68.60896335299901,365.9805057086965,0.020134228187919462
2015-11-06,2103.056006,4106372000.0,14.716,0.0,17877.6500002,99876000.0,4710.1298828,2026768000.0,18998.04003875,143125.0,6375.3999024,661809660.0,22782.081641,1732019200.0,951.5279910000003,251125960.0,-3.5047536197540372e+16,0.4971428571428572,3.351214073133967e+17,-2.2723851145503834e+17,-5.592144191920379e+17,-57534718752808.61
2015-11-13,2060.8620118,3938264000.0,17.264,0.0,17576.844531400002,114676000.0,4605.052050799999,1850242000.0,19660.0140624,138780.0,6232.940039,702186400.0,22553.1398438,1721555300.0,941.8939942,227424940.0,-1.1443316862684576e+17,0.33714285714285713,1.0945054312292316e+18,-7.419529507946619e+17,-1.8258823550186404e+18,-187855720751073.88
2015-11-20,2071.5239744000005,3930538000.0,17.262,0.0,17653.2460938,135872000.0,4625.2879882,1851806000.0,19682.6242188,126580.0,6271.7399414,695271020.0,22343.654297,1453605920.0,947.677991,210356480.0,-2.5470631386359987e+17,0.6857142857142857,2.4365693277973565e+18,-1.6514451485073597e+18,-4.064064377277792e+18,-418130850913716.25
2015-11-27,2088.6775512500008,2948172500.0,15.464999999999998,0.0,17807.91259775,106732500.0,4674.38757325,1486557500.0,19900.205078,124750.0,6337.720117200001,607639360.0,22461.7582032,1404076380.0,952.0119874000003,192556740.0,13.429577827453613,0.10857142857142854,4.519730353067623e+18,20.503121626281946,241.11915480734783,0.015706806282722512
2015-12-04,2080.7719726000005,4091838000.0,15.925999999999998,0.0,17732.65,125388000.0,4677.952050800001,2061076000.0,19828.476562599997,132100.0,6337.2,728289500.0,22302.071875,1892556200.0,943.0079957999999,277894280.0,1.2321363346571343e+18,0.3428571428571429,165.83636742918173,7.988830513478523e+18,1.9659824327367442e+19,2022699030255651.8
2015-12-11,2050.5760252,4123770000.0,19.355999999999998,0.0,17526.154297,115446000.0,4638.2280276,1931812000.0,19353.770312599998,127920.0,6105.2600586,745752280.0,21816.1542968,1491419020.0,906.2879762,255790620.0,4.024153251800984e+18,0.10428571428571426,-2.047687380395608e+19,2.6091494410679316e+19,6.420892215537725e+19,6606128438118817.0
2015-12-18,2037.1720214,4922378000.0,20.236000800000006,0.0,17453.378125,170020000.0,4589.0041016000005,2385962000.0,18967.918359400002,153580.0,6021.6,860601560.0,21582.6101564,1663217980.0,894.4300050000003,303408380.0,8.95850131312473e+18,0.11285714285714288,-6.626514313135119e+19,5.808443971035347e+19,1.4294080703458212e+20,1.4706450421855076e+16
2015-12-25,2046.350006,3044272500.0,16.65250025,0.0,17455.91699225,84912500.0,4599.292358749999,1382110000.0,18840.3671875,135650.0,6119.633300999999,515984933.3333333,21950.1049805,996339125.0,899.617508,150625475.0,1.6617631080321548e+19,0.21714285714285714,-1.4671906005473588e+20,1.0774411443125207e+20,2.6514899251553478e+20,2.727982717973e+16
2016-01-01,2060.540038750001,2514317500.0,17.1225,0.0,17569.5371095,70770000.0,4639.4274905,1344782500.0,18963.097005333333,99900.0,6294.350098,388129600.0,21928.947266,802493675.0,911.5566606666665,110741066.66666669,16.98362159729004,1.5099999999999998,142.4772198231344,20.475545821354935,134.0186136117311,0.01754385964912281
2016-01-08,1976.95,4417938000.0,22.5260002,0.0,16814.9318358,138430000.0,4400.5060546,2231152000.0,18096.3203128,153400.0,6034.099999800001,774908180.0,20856.740234599998,1981612060.0,873.9360108000002,242086460.0,-7.528704316044394e+19,0.7300000000000001,7.083965738975125e+20,-4.8814032242389425e+20,-1.2012713212236642e+21,-1.2359267794324168e+17
2016-01-15,1910.9600098,5058230000.0,24.5919996,0.0,16286.666211000002,159368000.0,4242.888086,2491194000.0,17330.66259775,167600.0,5896.8600586,916993960.0,19774.664062400003,1893018160.0,848.0700073999999,284273120.0,-2.4363614963361435e+20,0.5342857142857144,2.3129751985024574e+21,-1.5796692716809224e+21,-3.8874301218671003e+21,-3.999578534759018e+17
2016-01-22,1879.1374815,5331247500.0,25.667500000000004,0.0,15939.73730475,156805000.0,4171.42993175,2549942500.0,16679.183594,180840.0,5800.819922,906386700.0,19076.4441408,2264083700.0,830.2020018000002,294244860.0,-5.394399706521152e+20,1.5242857142857145,5.14824041067949e+21,-3.497579266611576e+21,-8.607241552641948e+21,-8.85555173423887e+17
2016-01-29,1899.4519774,4740788000.0,22.4760004,0.0,16106.570117200003,145574000.0,4204.8939454,2211126000.0,17108.6960938,178860.0,5958.8999024,882337880.0,19226.4660156,1974364160.0,860.1639892000001,266753320.0,28.638952255249023,0.4571428571428572,9.548696747293261e+21,42.781122645061046,447.19856783518264,0.017699115044247787
2016-02-05,1910.0880125999997,4816386000.0,21.765999800000003,0.0,16312.185937599996,130606000.0,4168.774072599998,2262984000.0,17334.348047,234600.0,5913.220019799999,953526620.0,19301.0378908,1665656480.0,846.1800048000001,303533940.0,2.6045520389572306e+21,0.8557142857142858,89.65796060264897,1.6887193581994528e+22,4.155792999289695e+22,4.275683408780536e+18
2016-02-12,1850.2739744,5097714000.0,26.4740002,0.0,15918.037890800002,144106000.0,3971.2319824,2482352000.0,15938.93530275,263075.0,5647.7,1057856940.0,18432.6904295,1944127800.0,790.9040037999998,357874940.0,8.504084422854077e+21,0.5542857142857143,-4.325888026178569e+22,5.513812653321274e+22,1.3569018388288712e+23,1.39604707949025e+19
2016-02-19,1914.50247175,4540387500.0,22.1475,0.0,16363.915038999998,126350000.0,4154.7525635,2068500000.0,16015.467969,202140.0,5927.8,789454600.0,19122.6742188,1680117700.0,825.3999876,268791520.0,1.8928465428325037e+22,0.7899999999999999,-1.3998897446864921e+23,1.2272692390749538e+23,3.0202039712680874e+23,3.107333790035067e+19
2016-02-26,1939.2640138,4145866000.0,19.9999996,0.0,16574.937890600002,97326000.0,4214.2300782,1806542000.0,16081.527929799999,154760.0,5995.2,852614040.0,19264.8437502,1352925120.0,833.6299928000002,239312200.0,24.871654510498054,0.72,-3.0995131305117604e+23,26.272141839100374,244.64572999430192,0.020491803278688527
2016-03-04,1978.0839842,5041234000.0,17.7800004,0.0,16846.314062600002,106752000.0,4304.795996,2033088000.0,16566.7519532,175340.0,6145.4,909755140.0,19728.267969,1773928080.0,861.7160154,246751140.0,-9.156605016052629e+22,0.7142857142857143,96.47127461704748,-5.936888921668504e+23,-1.4610172672229448e+24,-1.503166132306092e+20
2016-03-11,1996.4079834000006,4420672000.0,17.7819998,0.0,17049.3699218,113270000.0,4302.1740234,1921052000.0,16825.577734600003,167320.0,6126.1199218,853550960.0,20070.316015599998,1587532820.0,862.0699950000002,270558920.0,-2.9905442335165907e+23,0.32857142857142857,1.496520808972027e+24,-1.938985999570633e+24,-4.771677664267431e+24,-4.9093357211593664e+20
2016-03-18,2030.5920168,4427754000.0,15.442000000000002,0.0,17378.042187400002,149422000.0,4389.940038999999,1964962000.0,16997.2921876,143960.0,6176.160058799999,810293880.0,20431.45,1583460720.0,873.3640012,285976340.0,-6.657498578718037e+23,0.5357142857142857,4.886266958152053e+24,-4.3165375691889246e+24,-1.062262745085886e+25,-1.0929079469804417e+21
2016-03-25,2043.5125122500006,3460572500.0,14.41,0.0,17556.18994175,87050000.0,4418.17248525,1632262500.0,16986.152832,127375.0,6170.72509775,629458950.0,20577.93505875,1367449975.0,867.6275025,198720050.0,-1.2349370920193654e+24,1.0285714285714285,1.0875894291827223e+25,-8.006989847999301e+24,-1.9704512886722623e+25,-2.0272968081485833e+21
2016-04-01,2057.7060058,3537400000.0,13.934,0.0,17672.6,88688000.0,4474.482031199998,1698366000.0,16807.9378908,141520.0,6157.52502425,723503775.0,20611.32763675,1694285000.0,864.6699980000002,219869025.0,17.743234634399414,1.0342857142857145,84.74242408908384,49.18794313852188,183.77106191752486,0.029126213592233018
2016-04-08,2053.4939698,3710442000.0,15.029999999999998,0.0,17635.058594000002,93996000.0,4495.290039,1738256000.0,15828.5619142,155240.0,6151.760058400001,699045340.0,20255.0302735,1536133125.0,846.0339965999998,213685020.0,5.594946825078153e+24,0.5042857142857142,-5.261190555341599e+25,3.627608460220592e+25,8.927232207027385e+25,9.184773794181342e+21
2016-04-15,2069.9279784,3893346000.0,14.458000000000002,0.0,17801.9660158,96500000.0,4521.452050800001,1714374000.0,16364.043945399999,148880.0,6302.859961,766761680.0,20951.648437599997,1639919140.0,871.2840087999999,238356520.0,1.8105788790106956e+25,0.4085714285714285,-1.718303120045071e+26,1.1739291658601541e+26,2.888938641850638e+26,2.9722815891111475e+22
2016-04-22,2096.1200194000003,3872892000.0,13.407999999999998,0.0,18028.0597654,103252000.0,4532.365918,1810994000.0,16998.607617200003,164880.0,6372.1999022,745153420.0,21384.662109599998,1519499600.0,895.1060058,218790360.0,4.008841130197828e+25,0.8114285714285714,-3.825257089893597e+26,2.599221485788254e+26,6.396460372053347e+26,6.580991760750643e+22
2016-04-29,2083.15,3998320000.0,14.546,0.0,17922.7023438,104604000.0,4409.804004,1976786000.0,17187.28027325,176800.0,6285.9199216000015,803035320.0,21305.677734200002,1416260320.0,886.1119996,217563040.0,13.29628849029541,0.5485714285714286,83.04940704712115,42.92338836801065,206.8214771450459,0.02747252747252747
2016-05-06,2060.7379884,3975588000.0,15.3919998,0.0,17738.934375,86746000.0,4334.869922,1912950000.0,16127.049805000002,164000.0,6135.1500245,764251950.0,20440.61474625,1586087650.0,856.9799928,192964580.0,-1.9355694623944034e+26,0.6614285714285714,1.850573241103341e+27,-1.2549695960744864e+27,-3.0883721657863336e+27,-3.177468567767745e+23
2016-05-13,2063.6519774,3714614000.0,14.468,0.0,17720.239843800002,84794000.0,4354.727929600001,1774562000.0,16483.756054799996,147820.0,6135.3400390000015,648134880.0,20017.905859800005,1403409100.0,854.6099974000001,211396260.0,-6.319799285399553e+26,0.4300000000000001,6.044020440460432e+27,-4.0975827065686594e+27,-1.008379837850906e+28,-1.0374705725681837e+24
2016-05-20,2050.771997,3813212000.0,15.546,0.0,17540.7300784,95668000.0,4343.9499998,1875450000.0,16629.380078,135140.0,6138.9398438,761749380.0,19875.1378906,1360425880.0,851.7519898,187525340.0,-1.4066664480251574e+27,0.6014285714285714,1.3455168024211045e+28,-9.120435398406545e+27,-2.244460655652357e+28,-2.3092110672195944e+24
2016-05-27,2080.7600588,3370424000.0,14.138,0.0,17750.400000200007,79116000.0,4455.2660158,1740616000.0,16703.6019532,112800.0,6231.0199218,716524020.0,20196.277734400002,1451963560.0,875.695996,194247920.0,14.465307235717773,0.25857142857142856,2.495884241849494e+28,76.84801711465681,216.39749663715256,0.03355704697986577
2016-06-03,2100.1674805,3825020000.0,13.8725,0.0,17805.62255875,95937500.0,4521.2750245,1877332500.0,16892.7023438,128160.0,6204.4749757499985,937347425.0,20802.384375,2040478620.0,881.1880004000002,186244180.0,6.804719116131162e+27,0.3942857142857143,121.18269568292257,4.411991285503841e+28,1.0857530831394886e+29,1.1170759574418875e+25
2016-06-10,2110.441992,3468828000.0,14.690000199999998,0.0,17942.8378906,76422000.0,4506.2178712,1711756000.0,16671.2335938,122760.0,6241.4199218,692035520.0,21174.74560525,1599628600.0,872.4160034,183171460.0,2.222419060096398e+28,0.6114285714285714,-1.1307750307686292e+29,1.4409549253309615e+29,3.546066054082102e+29,3.648366460136531e+25
2016-06-17,2075.018017600001,3855486000.0,20.0779998,0.0,17691.146093800002,126038000.0,4411.157910200001,2020040000.0,15766.311913999998,143220.0,5981.3799806,940685340.0,20315.2878906,1881372620.0,826.7920044,282067960.0,4.94751141550941e+28,1.375714285714286,-3.6592981065768294e+29,3.2078292840056065e+29,7.89419178305671e+29,8.121931202616758e+25
2016-06-24,2081.6659910000008,4152774000.0,20.2060002,0.0,17765.4500002,122204000.0,4394.294042600001,2261894000.0,15878.099804799998,147680.0,6233.720117200001,1460640300.0,20620.2457032,2125564080.0,856.965991,330551800.0,9.177418947911716e+28,0.14,-8.10213066588049e+29,5.950384098238192e+29,1.4643383140292185e+30,1.5065829879415396e+26
2016-07-01,2061.8420165999996,4428096000.0,17.927999800000002,0.0,17624.8,114500000.0,4342.282128800001,2153320000.0,15491.516015600002,152160.0,6312.959961,1603184180.0,20407.56250025,1827166025.0,828.8619874,336333980.0,20.138280868530273,0.8957142857142857,128.4129957184677,271.0724617762237,415.9331234620172,0.038095238095238106
2016-07-08,2104.01995825,3694952500.0,14.625,0.0,17950.46484375,92920000.0,4460.847534,1796615000.0,15441.468163999998,126580.0,6531.1399416,1076705000.0,20715.259765799998,1403418540.0,832.4900024000002,226342880.0,-4.15787746087288e+29,0.6442857142857142,3.9119129265451653e+30,-2.6958525121304035e+30,-6.634261011240098e+30,-6.825652706986896e+26
2016-07-15,2153.4439454000008,3488338000.0,13.124,0.0,18393.9359376,92542000.0,4576.8820312,1697404000.0,16183.928125199998,165520.0,6671.540038800001,961702500.0,21329.5839844,1903858780.0,861.0479978000002,216425560.0,-1.3455293405877775e+30,1.2071428571428569,1.277272925048615e+31,-8.724039337626899e+30,-2.146910996714919e+31,-2.2088471996443104e+27
2016-07-22,2168.7779785999996,3130338000.0,12.188,0.0,18555.0339844,85824000.0,4638.65,1735390000.0,16710.66796875,121925.0,6710.4399412,738446060.0,21864.7238282,1346828520.0,865.758008,170286860.0,-2.9791650753064986e+30,0.6357142857142858,2.8429652509261654e+31,-1.9316080687548987e+31,-4.75352121151854e+31,-4.8906554731792564e+27
2016-07-29,2169.5800294,3639634000.0,12.668,0.0,18465.5140624,94170000.0,4698.512011600001,1990896000.0,16542.851757999993,149760.0,6726.0,848352280.0,22081.5738282,1688657660.0,873.2380003999998,215811680.0,16.571577072143555,0.17714285714285716,5.272988624031034e+31,116.30263661925957,366.5181911343746,0.02162162162162163
2016-08-05,2167.7560546,3702708000.0,12.495999999999999,0.0,18393.771875,81724000.0,4748.9200196,1973158000.0,16323.933789,150160.0,6701.499999800001,821234900.0,21961.64501975,1421207650.0,860.85,207526480.0,1.4384159301694822e+31,0.4928571428571429,104.35118504632021,9.326290241419755e+31,2.2951197608086067e+32,2.361331636135626e+28
2016-08-12,2181.5919922,3268124000.0,11.688,0.0,18549.5980468,65546000.0,4794.8541016,1590660000.0,16767.64501975,125500.0,6871.5,738233760.0,22560.0519532,1790542040.0,879.0959962000002,152548680.0,4.696550624614107e+31,0.32857142857142857,-2.3888451985158948e+32,3.0451132624422117e+32,7.493761658298504e+32,7.709949075235234e+28
2016-08-19,2184.2819824000007,3209842000.0,11.882,0.0,18582.4558594,72966000.0,4808.9161132,1654254000.0,16648.7082034,112680.0,6884.460058399999,619774260.0,22920.7019532,2201423800.0,875.430017,141183580.0,1.0453623424970182e+32,0.06571428571428578,-7.730481869543782e+32,6.777839711792485e+32,1.6679680189494225e+33,1.71608720314451e+29
2016-08-26,2177.2979492000004,3055794000.0,13.076,0.0,18480.4023438,72584000.0,4793.9300779999985,1584998000.0,16521.9017578,98300.0,6837.559961000001,638607240.0,22908.421484600003,1638585080.0,872.5360108000001,142435820.0,14.333317756652832,0.4942857142857143,-1.7116155149482858e+33,155.27431498838786,170.5431558012549,0.014285714285714284
2016-09-02,2175.6580075999996,3182242000.0,12.988,0.0,18453.8867186,76156000.0,4784.1620116,1561230000.0,16840.5539064,123120.0,6810.7249757499985,936618700.0,23048.6738282,1868135900.0,880.2719969999997,184624300.0,-5.056918166534595e+32,0.13571428571428568,88.80739278953683,-3.278765589216812e+33,-8.068759924980861e+33,-8.301535458231575e+29
2016-09-09,2170.4375,3682217500.0,13.4925,0.0,18407.40478525,87752500.0,4786.727417,1926220000.0,17011.3160156,120680.0,6837.560058600003,737326620.0,23839.6160158,2028875340.0,892.5819945999998,177253180.0,-1.651587835861172e+33,0.24285714285714285,8.26409867394119e+33,-1.0708437798394473e+34,-2.635254378995561e+34,-2.7112787927871785e+30
2016-09-16,2139.6500002,4040866000.0,16.563999600000002,0.0,18152.5742188,137502000.0,4774.3019532,2189310000.0,16588.0996096,114440.0,6696.079882999999,894227020.0,23258.147461,1830940650.0,864.1940063999999,249942340.0,-3.6767366777736316e+33,0.3728571428571428,2.6982980822925997e+34,-2.3838941629456257e+34,-5.86655836288867e+34,-6.035802616524219e+30
2016-09-23,2156.7740234000007,3377168000.0,13.812,0.0,18239.5480472,80966000.0,4841.062011600001,1825886000.0,16684.596354333335,150200.0,6859.999902399999,710525420.0,23639.498047,1873713780.0,877.523999,180568700.0,-6.820186962541334e+33,0.3142857142857143,6.0058946763005115e+34,-4.422020208432543e+34,-1.0882211147573649e+35,-1.1196151892666435e+31
2016-09-30,2159.3600100000003,3793592000.0,13.460000000000004,0.0,18222.7941406,101728000.0,4854.6299806000015,1841404000.0,16567.488281600006,123860.0,6858.759960799999,862449320.0,23509.218359600003,1654887060.0,877.4500002000002,197093760.0,13.763620376586914,0.4214285714285714,82.86966508432559,93.0794442353595,248.8558711480967,0.06748466257668713
2016-10-07,2157.1859862,3575286000.0,13.302,0.0,18242.4636718,77152000.0,4868.458008,1673412000.0,16782.55,105100.0,7027.099902399998,1046475200.0,23773.3000002,1225091660.0,884.306006,209826480.0,3.0899212307336477e+34,1.2128571428571429,-2.9053386783200165e+35,2.0034192903822656e+35,4.930242447442349e+35,5.072474937370028e+31
2016-10-14,2141.0199706,3228104000.0,15.492000400000002,0.0,18167.84375,80632000.0,4829.3800782,1616312000.0,16873.84228525,112100.0,7036.740038999998,913923940.0,23305.29541,1863808550.0,881.3160035999998,205137460.0,9.999283805695421e+34,0.7914285714285715,-9.488826650989121e+35,6.483258494450608e+35,1.59547411670288e+36,1.641501925406596e+32
2016-10-21,2138.5780274,3229816000.0,14.597999800000002,0.0,18151.8039064,89048000.0,4831.4139648,1567390000.0,17056.5457032,104400.0,7003.4,770888120.0,23277.8251955,1161484050.0,890.6880002,187174380.0,2.2139626534633927e+35,0.2814285714285714,-2.1123864001666436e+36,1.435472025635209e+36,3.532573109821847e+36,3.634484258131031e+32
2016-10-28,2138.6739746,3821640000.0,14.4540002,0.0,18184.4996094,89890000.0,4860.8100586,1730404000.0,17354.8679688,113940.0,6989.000000200002,853184640.0,23316.355859400002,1356804660.0,892.0919921999998,200179920.0,13.282416343688965,0.8014285714285714,-3.9183850814011073e+36,83.53837133955706,243.3046228767621,0.02985074626865672
2016-11-04,2101.9299316,4085548000.0,19.9059996,0.0,17991.621875,95118000.0,4726.936035199999,1962926000.0,17226.86474625,137550.0,6840.1,849018100.0,22843.6476566,1207503180.0,868.2779908,201866840.0,-1.068956928885321e+36,0.3885714285714285,105.27616531066955,-6.930820470812319e+36,-1.705615267100741e+37,-1.7548205361893338e+33
2016-11-11,2153.254004,5071366000.0,16.1479998,0.0,18567.5140622,123614000.0,4780.562011600001,2348876000.0,17063.8681642,191820.0,6824.039941399999,1160929960.0,22699.2519532,1928176420.0,873.7700072,304310880.0,-3.490235492212881e+36,0.08285714285714285,1.7752447705499607e+37,-2.26297196301535e+37,-5.568979236144514e+37,-5.729638634045583e+33
2016-11-18,2178.1099608000004,4224642000.0,13.553999999999998,0.0,18886.3281252,100010000.0,4778.6820314,2104640000.0,17806.604296999998,173340.0,6773.220117,944055940.0,22286.7503906,1493110600.0,870.6599856,233005260.0,-7.768596660885935e+36,0.2885714285714286,5.744863689656065e+37,-5.03694277213753e+37,-1.2395482652955795e+38,-1.2753079744859429e+34
2016-11-25,2204.7974855,3142047500.0,12.4,0.0,19053.96972675,72400000.0,4864.17993175,1504232500.0,18245.89746075,142975.0,6817.080078000001,684292280.0,22608.8957032,1501890320.0,878.8660035999999,184703980.0,-1.4408801405807735e+37,0.06571428571428573,1.2719824643464606e+38,-9.342267498782942e+37,-2.2990516263359062e+38,-2.3653769319921557e+34
2016-12-02,2197.6439941999997,4317886000.0,13.514,0.0,19141.085937599997,105652000.0,4802.902051,1918546000.0,18382.321875200007,164100.0,6767.779980399999,883562680.0,22760.0921878,2034586420.0,877.9119993999999,228065740.0,18.364267349243164,0.0,119.05319159865365,540.4187012881939,606.1180165525539,0.14375
2016-12-09,2232.8020018,4067486000.0,12.107999999999999,0.0,19477.8597656,329400000.0,4834.7679686,2033074000.0,18578.8117188,168940.0,6862.920019599998,923953700.0,22720.888281400006,1457193880.0,898.3800050000001,267922400.0,6.527682585651004e+37,0.1657142857142857,-6.1414516929965106e+38,4.232368477069737e+38,1.0415494559246597e+39,1.071597100452939e+35
2016-12-16,2260.4120116,4477522000.0,12.707999999999998,0.0,19839.164062599997,412266000.0,4915.925976600001,2268216000.0,19266.8195314,156940.0,6963.760058600001,994424140.0,22283.2976564,1992855500.0,919.7999880000001,276409300.0,2.1124069446369515e+38,0.15714285714285714,-2.0052363283565806e+39,1.3696261185979524e+39,3.370531999693835e+39,3.467768426463489e+35
2016-12-23,2264.6439942,2859250000.0,11.46,0.0,19930.466406400006,251916000.0,4942.3940432,1516924000.0,19439.5722655,117350.0,7046.900097400001,520684040.0,21716.5000002,1408531960.0,929.1619873999999,147554660.0,4.67710624121528e+38,0.1985714285714286,-4.463272544063061e+39,3.0325060631377966e+39,7.46273642586097e+39,7.678028796335536e+35
2016-12-30,2251.72247325,2346677500.0,13.0875,0.0,19840.27441425,197710000.0,4918.5,1338575000.0,19292.1863282,110940.0,7123.066569333332,390358566.6666667,21848.736979,2148352833.333333,932.33500675,92029550.0,12.270270347595215,0.3928571428571429,123.52065159776195,275.1201726115303,296.7930412424397,0.06504065040650407
2017-01-06,2268.6400145,3659282500.0,11.9225,0.0,19921.7524415,291702500.0,4955.142578,1818235000.0,19523.059895666665,139033.33333333337,7193.25,750188375.0,22311.14257825,1490169150.0,940.8939944,150934720.0,-2.258221378980233e+39,0.15857142857142853,2.1590986295075587e+40,-1.4641681566518313e+40,-3.6031918184939257e+40,-3.7071402448633624e+36
2017-01-13,2271.6399411999996,3404042000.0,11.415999999999999,0.0,19894.7839844,298628000.0,5042.2439454,1808716000.0,19272.02197275,119100.0,7286.799902399999,832312840.0,22801.0578122,1421332060.0,938.126001,189917100.0,-7.373283713898514e+39,0.4657142857142858,7.051609133240669e+40,-4.780632813212002e+40,-1.1764725903600696e+41,-1.2104126303565586e+37
2017-01-20,2268.6949465,3397795000.0,12.1675,0.0,19797.78515625,339667500.0,5053.7175292500015,1746595000.0,19002.659765599998,130740.0,7240.379980399999,775204500.0,22918.650390799998,1280784520.0,934.2119996,187562440.0,-1.6411517205834187e+40,0.6785714285714286,1.5698172010323626e+41,-1.0640772919250804e+41,-2.6186026346025322e+41,-2.6941466624715725e+37
2017-01-27,2287.0020018000005,3511188000.0,10.972000000000001,0.0,19995.1519532,354650000.0,5128.64209,1781300000.0,19121.262109400002,132300.0,7162.379980399999,911468080.0,23126.4894532,1270311260.0,934.5520018,192080940.0,17.735441207885742,0.3085714285714286,2.9119427759880732e+41,474.80270698080324,699.973789682144,0.12280701754385966
2017-02-03,2283.518017600001,3800202000.0,11.716,0.0,19936.50625,361828000.0,5141.618066399999,1980594000.0,19078.2097656,128120.0,7130.9,860176640.0,23210.70703133333,1280705200.0,924.602002,204685640.0,7.939036276496819e+40,0.3842857142857143,126.9643623828927,5.1474510952507116e+41,1.2667434125133307e+42,1.3032876740951783e+38
2017-02-10,2300.8560548,3464088000.0,11.168,0.0,20127.7636722,295868000.0,5197.8540038,1878458000.0,19036.337890799998,121880.0,7207.1,795535820.0,23453.0125,2089716620.0,927.9440063999999,202775220.0,2.592886659504345e+41,0.16142857142857142,-1.3192708433984142e+42,1.6811558494623726e+42,4.1371798552483174e+42,4.25653329442774e+38
2017-02-17,2342.6919921999997,3566332000.0,11.405999999999999,0.0,20554.449999800006,350064000.0,5291.1280274,1937602000.0,19343.6519534,136980.0,7285.559960799998,720802680.0,23910.0597658,2780129440.0,945.7660032,205708980.0,5.77224004417763e+41,0.14142857142857143,-4.269287983301664e+42,3.7425604698915717e+42,9.21011920937354e+42,9.475821799387046e+38
2017-02-24,2364.8375245,3723820000.0,11.6225,0.0,20787.669922,310515000.0,5344.63500975,1842597500.0,19333.477734599997,129200.0,7278.4199217999985,919971520.0,24078.4460938,1927733080.0,945.7,201436260.0,1.0707254730283175e+42,0.5071428571428571,-9.45272115041498e+42,6.942287220892335e+42,1.7084371356057568e+43,1.7577238127362457e+39
2017-03-03,2378.8779786000005,3902902000.0,12.064,0.0,20954.7824218,312580000.0,5361.117968799998,2055546000.0,19330.7941406,129320.0,7331.1999022,925321360.0,23744.6125,1908375980.0,952.9440062000001,218354740.0,15.69528579711914,0.14857142857142858,122.6305474031856,250.13309315641877,460.1040416148425,0.02112676056338028
2017-03-10,2368.8300294,3542496000.0,11.701999999999998,0.0,20899.2000002,285884000.0,5364.255957,1853280000.0,19380.1019532,109280.0,7336.3600588,882917420.0,23625.969922,1572797920.0,959.4280028,204972120.0,-4.850977525691338e+42,0.2057142857142857,4.564011843085946e+43,-3.145239385236167e+43,-7.740163429044363e+43,-7.963459286945077e+39
2017-03-17,2376.761963,3751414000.0,11.554,0.0,20903.6238282,328462000.0,5402.765917999999,2073262000.0,19586.472265599998,118240.0,7386.920019600001,992355880.0,24009.735547,2063036140.0,966.5419924,233055040.0,-1.5698232215069847e+43,0.18714285714285714,1.490188771050796e+44,-1.017829869957689e+44,-2.5047917094691783e+44,-2.577052407677403e+40
2017-03-24,2351.1759766000005,3425796000.0,12.54,0.0,20697.6941406,304210000.0,5366.5059572,1872976000.0,19211.2753905,121750.0,7362.059961000001,756465520.0,24420.2976562,1897634940.0,968.4580080000001,29787440.0,-3.4757789179159673e+43,0.722857142857143,3.316875189855766e+44,-2.25359872089798e+44,-5.545912494010671e+44,-5.70590643981619e+40
2017-03-31,2358.4140138000002,3245496000.0,11.872,0.0,20660.7023438,276408000.0,5417.544043,1767374000.0,19075.6839846,126380.0,7340.5999998,813540420.0,24268.8597658,1714722560.0,977.5080078,0.0,14.347246170043945,0.37857142857142856,174.0628937282922,151.9431208361034,275.9892955253074,0.033112582781456956
2017-04-07,2356.995996,3329646000.0,12.464,0.0,20661.3300782,255898000.0,5426.0760742,1877496000.0,18783.2882812,139580.0,7317.760058399999,790007840.0,24300.8256835,2095513050.0,984.476001,36135420.0,1.6781936007965514e+44,0.5414285714285715,-1.604531340170918e+45,1.0880942204580452e+45,2.6777062286823395e+45,2.754955335244619e+41
2017-04-14,2346.204956,3060917500.0,15.2125,0.0,20588.60742175,247270000.0,5387.67492675,1673137500.0,18572.1660156,91280.0,7347.75,767294050.0,24231.4501955,1466544800.0,984.97749325,0.0,5.479445158170517e+44,0.7200000000000001,-5.240394161846445e+45,3.552720380468758e+45,8.74293908807201e+45,8.99516400581974e+41
2017-04-21,2346.7799804,3353046000.0,14.557999999999998,0.0,20538.232031400006,293850000.0,5415.216015599999,1643020000.0,18451.4578126,88840.0,7123.75,946373175.0,23962.3549805,1494977475.0,973.20001225,64778225.0,1.2196196919694357e+45,0.54,-1.166607612534585e+46,7.907676071216559e+45,1.9460110229595066e+46,2.0021514655792868e+42
2017-04-28,2384.6359862,3921708000.0,10.725999999999999,0.0,20931.3878908,330962000.0,5550.423827999999,1899614000.0,19138.65,116000.0,7254.020117,993310100.0,24497.492187599997,1527223840.0,1012.2460083999999,49104800.0,17.03865623474121,1.2842857142857143,-2.1640064890988406e+46,153.35011477760236,169.65927612168366,0.09027777777777778
2017-05-05,2391.2879884,3761918000.0,10.482,0.0,20955.932422,294714000.0,5634.2539062,2001786000.0,19378.109375,109600.0,7257.525024500002,869312875.0,24618.787109,1796720600.0,1028.11248775,0.0,-5.89988439974244e+45,0.16285714285714287,163.40162325113076,-3.825321532440158e+46,-9.413787061395976e+46,-9.685365262197424e+42
2017-05-12,2396.2539062,3551922000.0,10.188,0.0,20949.4394532,281734000.0,5676.0180666000015,1941414000.0,19896.848047,134880.0,7370.060058399999,811233740.0,24952.85,1619320800.0,1039.5180177999996,0.0,-1.926900334690907e+46,0.3157142857142857,9.804144125134558e+46,-1.2493487739320886e+47,-3.074539806255308e+47,-3.1632371587054525e+43
2017-05-19,2381.493994,3840394000.0,12.672,0.0,20807.2957032,367144000.0,5657.4679688,2046928000.0,19749.8339844,125760.0,7477.399999799997,926806140.0,25262.5097656,1702563660.0,1031.4280274,0.0,-4.289632668115107e+46,0.2571428571428571,3.1727158156677453e+47,-2.781278936976425e+47,-6.844488090479597e+47,-7.041944624061284e+43
2017-05-26,2405.5439942000007,3223346000.0,10.294,0.0,21001.6777344,256244000.0,5739.955957,1687374000.0,19706.9019532,88560.0,7512.359961,713773000.0,25498.6078126,1584745120.0,1027.3100344,0.0,11.798685073852539,0.0,7.02477743650013e+47,87.2675111575058,154.9593726256389,0.024590163934426236
2017-06-02,2423.4600219999998,3759522500.0,10.1075,0.0,21097.14746125,305205000.0,5820.34985375,1915372500.0,19809.659765800006,103780.0,7534.4749757499985,1065449800.0,25773.8881835,2020722750.0,1025.2219971999998,17608000.0,2.0752276919576746e+47,0.2671428571428571,135.11111926437584,1.3455201215651504e+48,3.3112092157016874e+48,3.4067342403716303e+44
2017-06-09,2432.8260256,3519788000.0,10.354000000000001,0.0,21189.691797,310854000.0,5847.943945399999,2146522000.0,20011.5718754,114180.0,7501.339941600001,854163060.0,25985.528125,1965804820.0,1020.9760132,0.0,6.777747734053747e+47,0.34,-3.391739468991111e+48,4.394503788863241e+48,1.0814495607240443e+49,1.1126482827732555e+45
2017-06-16,2434.653955200001,3899322000.0,10.760000000000002,0.0,21336.576172,413428000.0,5713.887988199999,2313572000.0,19893.1859376,108900.0,7473.919921600001,1053648180.0,25725.5738282,1547695680.0,1013.6760009999999,0.0,1.5088588051280447e+48,0.3585714285714285,-1.1074318482931168e+49,9.783022319759702e+48,2.4075175943799604e+49,2.4769720331106562e+45
2017-06-23,2439.7800291999997,3804514000.0,10.496,0.0,21439.641797,306236000.0,5772.7800782,2364678000.0,20136.0257814,87800.0,7461.539941600001,759681120.0,25761.35,1384822960.0,1019.1099854,0.0,2.7988776568630002e+48,0.24,-2.4649314861428013e+49,1.8147147032119957e+49,4.465856699456251e+49,4.5946921319517435e+45
2017-06-30,2428.449951,3513110000.0,10.722000000000001,0.0,21362.2960936,291114000.0,5700.431933800001,2160488000.0,20152.5160156,103640.0,7386.399902399999,829987820.0,25825.0761718,1481480700.0,1003.5359988000004,0.0,12.227027893066406,0.3742857142857142,91.35826522508323,86.85827933221469,144.46675537389143,0.03603603603603604
2017-07-07,2424.11999525,2898840000.0,11.505,0.0,21422.95459,255797500.0,5625.0374755,1663592500.0,20018.586328,92580.0,7358.0200196,733001760.0,25500.2441406,1750047040.0,993.456006,0.0,-1.268047978991068e+49,0.3914285714285714,1.1924053799148793e+50,-8.221671662606661e+49,-2.023282635567665e+50,-2.0816522857729025e+46
2017-07-14,2440.6620118,3016362000.0,10.342,0.0,21508.1121094,250728000.0,5762.867968600001,1743212000.0,20118.7023438,83600.0,7381.699902199999,765172520.0,26031.348437599998,2077277180.0,1000.2040038,0.0,-4.1035267337318773e+49,0.0,3.894392110031709e+50,-2.6606130069554634e+50,-6.547539621926156e+50,-6.736429493621978e+46
2017-07-21,2467.9140136,3011482000.0,9.688,0.0,21607.4101564,285142000.0,5895.750097599999,1759864000.0,20066.27734375,83525.0,7433.199999799997,651825680.0,26622.7960938,1593466880.0,1004.013989,0.0,-9.085706826667401e+49,0.0,8.669629309251839e+50,-5.890920500579056e+50,-1.449704834424426e+51,-1.4915273473045674e+47
2017-07-28,2474.4779786,3593122000.0,9.772,0.0,21692.894140800006,311914000.0,5929.7399412,1998624000.0,20004.1019532,87060.0,7415.239941399999,876296260.0,26950.0921874,1675976640.0,1003.0479982,0.0,14.35185432434082,0.24,1.608178609647662e+51,92.14345483723395,149.65201246389725,0.030769230769230767
2017-08-04,2474.642041,3457762000.0,10.22,0.0,21998.0378906,301042000.0,5896.1680662,1965808000.0,19994.5195316,102360.0,7438.720019400002,775104840.0,27513.0582032,1857166760.0,1001.3520142,0.0,4.386808291275427e+50,0.5685714285714286,201.63855872845983,2.8442849178596544e+51,6.99954038676351e+51,7.201470021699657e+47
2017-08-11,2461.8759766000007,3273096000.0,12.7100002,0.0,21990.957812800007,258782000.0,5880.0379882,1929906000.0,19880.08789075,91075.0,7454.520019399999,689669800.0,27525.9738282,2034266520.0,1002.954004,0.0,1.4323303107807936e+51,0.0,-7.285936963391443e+51,9.286832771902542e+51,2.285409617154895e+52,2.3513413646942556e+48
2017-08-18,2450.8240722,3049520000.0,13.184,0.0,21888.562109600003,277824000.0,5864.1099608,1817832000.0,19638.5460936,87120.0,7376.5399412,579301520.0,27245.2105472,1882062640.0,1000.1979982,0.0,3.1880933366245925e+51,0.7471428571428572,-2.357799634590031e+52,2.0670713630510144e+52,5.086884720003916e+52,5.2336361804876836e+48
2017-08-25,2441.3880372,2757260000.0,12.06,0.0,21802.560156400006,240744000.0,5833.7239256,1553334000.0,19403.5980468,74080.0,7378.380078,603757560.0,27480.77734375,2575778350.0,994.5079957999999,0.0,5.9131147983237775e+51,0.21,-5.220454221290024e+52,3.8338997562063933e+52,9.4348973317917e+52,9.707084542465063e+48
2017-09-01,2459.2660156,2821556000.0,10.992,0.0,21900.3718752,264390000.0,5921.9240234,1656430000.0,19531.340234400002,82720.0,7392.9499512500015,674640475.0,27929.2738282,2285933680.0,988.2260008,0.0,16.157838821411133,0.6285714285714287,147.66051546713092,91.35106687410507,190.48503619588416,0.0510948905109489
2017-09-08,2462.48004175,3380272500.0,11.8825,0.0,21785.879883,318702500.0,5940.38500975,1894230000.0,19384.6742188,85260.0,7382.620019600001,570199840.0,27657.3519532,1545151340.0,996.0920166000001,19968780.0,-2.678844371079058e+52,0.6142857142857145,2.520566777875355e+53,-1.7368884473723184e+53,-4.2743329820256085e+53,-4.397643149688636e+49
2017-09-15,2495.7620601999997,3631672000.0,10.484000000000002,0.0,22161.245703400004,358912000.0,5987.4739258,2027352000.0,19781.0296876,91740.0,7340.980078,968501660.0,27881.2480468,1589347480.0,1016.252002,0.0,-8.668940898649181e+52,0.12,8.229865386444413e+53,-5.6207010233118175e+53,-1.3832061467386147e+54,-1.4231102399817286e+50
2017-09-22,2504.316015600001,3154046000.0,9.874,0.0,22364.7121094,303480000.0,5962.608007600001,1829712000.0,20313.44287125,108150.0,7275.019921999998,733727140.0,28065.967968600005,1529778940.0,1019.976001,161483900.0,-1.919400884795475e+53,0.0485714285714286,1.8318106300654524e+54,-1.2444863384634e+54,-3.06257377105701e+54,-3.1509259155383835e+50
2017-09-29,2505.992041,3235514000.0,9.861999999999998,0.0,22341.482031599997,299824000.0,5919.7699219999995,1965368000.0,20342.8417968,82100.0,7319.219921999998,711517080.0,27526.335937599997,1786143040.0,1028.4799804,174258780.0,9.569581031799316,0.09428571428571428,142.60832857129958,76.29107825292682,111.76234519636064,0.027027027027027032
2017-10-06,2540.5680661999995,3043078000.0,9.486,0.0,22681.9941406,242188000.0,6019.5059572,1900586000.0,20592.1562502,69420.0,7481.079980599998,781702980.0,28336.80989633333,2497956233.333333,1044.2199952,166926340.0,9.267337301087217e+53,0.20142857142857143,-8.86134508222501e+54,6.008684666394871e+54,1.478685582083195e+55,1.5213441601149817e+51
2017-10-13,2550.9419434,2944302000.0,9.956,0.0,22835.474219000003,299478000.0,6073.1480468,1775400000.0,20953.669922,87350.0,7534.319921799999,810586860.0,28428.489844,1640917560.0,1046.8019776,147115920.0,3.025863975503189e+54,0.07285714285714284,-2.894112434728267e+55,1.9618863414057068e+55,4.828033434583838e+55,4.9673172982427466e+51
2017-10-20,2563.1140138,3035772000.0,10.062,0.0,23120.7339844,323384000.0,6110.585937399998,1725884000.0,21372.178125,87540.0,7526.460058399999,776810300.0,28549.6761718,1615061680.0,1050.3380128,166907460.0,6.734993609839972e+54,0.4057142857142857,-6.442823752584605e+55,4.366783199632245e+55,1.0746277622941878e+56,1.1056296823834935e+52
2017-10-27,2566.545947,3653942000.0,10.912,0.0,23376.046094,430542000.0,6090.8861328,2070898000.0,21791.533594,100120.0,7497.940038999999,786746000.0,28280.994531,1619778240.0,1054.15,185534960.0,12.165973663330078,0.3157142857142857,-1.1951158434858815e+56,96.8729713755187,119.5172830932875,0.0661764705882353
2017-11-03,2579.0280761999998,3783052000.0,9.99,0.0,23443.2878906,369300000.0,6251.354004,2114468000.0,22304.3195314,91260.0,7516.919921999999,852776140.0,28459.6078126,2125001440.0,1068.8979734,177547660.0,-3.2580387248747594e+55,0.14,114.8435140933372,-2.1124220142908812e+56,-5.198488769558256e+56,-5.348459893582576e+52
2017-11-10,2588.613965,3713322000.0,10.172,0.0,23510.6320314,306332000.0,6320.2958984,2138376000.0,22789.9800782,117380.0,7504.440039200002,727845060.0,28951.246093799997,1964983940.0,1059.8520264,208537980.0,-1.064074385311337e+56,0.1557142857142857,5.41453458425011e+56,-6.8991634114511985e+56,-1.6978247372514658e+57,-1.7468052574620606e+53
2017-11-17,2578.5640626,3443290000.0,11.882,0.0,23387.409765599998,448982000.0,6304.3660158,1971458000.0,22307.448047,101500.0,7393.960058399997,877558380.0,29080.757422200004,1819822200.0,1033.4600098,210271040.0,-2.3688242424188916e+56,0.23,1.7521957338315375e+57,-1.5358799880022729e+57,-3.779668463500328e+57,-3.888708061937046e+53
2017-11-24,2595.1674805,2612247500.0,9.982500000000002,0.0,23526.3325195,258087500.0,6370.662475499998,1530287500.0,22438.06005875,73425.0,7409.320019600002,677217600.0,29731.226172,2039170180.0,1038.434009,162237640.0,-4.394066147757447e+56,0.11714285714285716,3.879573769124671e+57,-2.848990710854724e+57,-7.011120938315819e+57,-7.21338466040885e+53
2017-12-01,2628.8660156,3890874000.0,10.662,0.0,23972.4218752,384616000.0,6368.6680666,2195764000.0,22624.683984400002,92900.0,7373.080077999999,963609400.0,29448.491796599996,1837334860.0,1038.6639894,217844460.0,15.363214492797852,0.3,113.41202946713342,49.48116142333587,174.69898336424546,0.032
2017-12-08,2637.3520018000004,3437948000.0,10.754000000000001,0.0,24230.448437400002,344162000.0,6296.5418944,2028424000.0,22563.1378906,85700.0,7345.859961,821570080.0,28629.783984200007,1839707480.0,1042.476001,200748960.0,1.9907545553097488e+57,0.06428571428571428,-1.873155924803015e+58,1.290750080893474e+58,3.176424859444385e+58,3.268061492255684e+54
2017-12-15,2662.9540528,3868790000.0,9.87,0.0,24527.3320312,383720000.0,6405.6879881999985,2219142000.0,22762.1281252,86300.0,7477.820019600002,1005507920.0,28999.151952999997,2159322720.0,1043.5659912,222977920.0,6.442274186377906e+57,0.3842857142857143,-6.116013764945345e+58,4.1769920380322343e+58,1.0279217908801246e+59,1.0575762911052901e+55
2017-12-22,2683.7580078,3201500000.0,9.76,0.0,24761.989844000003,325334000.0,6480.855957000002,1888968000.0,22886.0699218,79780.0,7560.600097600001,553706560.0,29296.6460938,1460674740.0,1044.2059814,151772160.0,1.4263976028428873e+58,0.8014285714285715,-1.361307688787576e+59,9.248366737853563e+58,2.2759434572370255e+59,2.3416021156718386e+55
2017-12-29,2681.06756575,2191920000.0,10.485,0.0,24769.310547,226475000.0,6426.5374755,1399232500.0,22858.400000200007,38080.0,7643.799967333332,353165066.6666667,29793.50716166667,1477059400.0,1037.2699786666667,97132200.0,18.273292541503906,0.3742857142857143,-2.5248848661043035e+59,182.29972181911788,83.71712682085172,0.059701492537313425
2018-01-05,2719.0025025,3459447500.0,9.34,0.0,25029.422363499998,389805000.0,6581.2524415,2050375000.0,23610.4296875,102050.0,7684.825073250001,622453575.0,30656.845214999998,2502825575.0,1045.544983,178176675.0,-6.887006871880534e+58,0.3657142857142857,158.0490066106369,-4.465344385767626e+59,-1.0988828219258737e+60,-1.1305844758642827e+56
2018-01-12,2760.2060058,3497554000.0,9.892,0.0,25483.1703124,347914000.0,6696.8520506,4482202000.0,23750.609863499998,90075.0,7743.5,864645460.0,31103.517968799995,2145333080.0,1066.1900148,196427420.0,-2.248666449478838e+59,0.13428571428571429,1.1438596804172491e+60,-1.4579730051732303e+60,-3.587946083896697e+60,-3.6914546862989243e+56
2018-01-19,2796.82751475,3856230000.0,11.765,0.0,25999.510254,551755000.0,6798.28247075,2159675000.0,23821.2921876,79460.0,7736.439941399999,751980560.0,31920.771875,3281714960.0,1068.478003,171547080.0,-5.00510143507132e+59,0.72,3.701615544106033e+60,-3.245169056610882e+60,-7.986081749755247e+60,-8.216472101577182e+56
2018-01-26,2844.352002,3656776000.0,11.252,0.0,26337.405859600003,452530000.0,6945.6719728,2124676000.0,23836.5261718,77440.0,7674.379882800001,729263540.0,32818.2742188,3635986580.0,1071.530005,179725000.0,17.537302017211914,0.32285714285714284,8.195792580531067e+60,247.78681839219828,154.16921004683348,0.04794520547945205
2018-02-02,2816.7759766,4013068000.0,14.589999799999998,0.0,26074.686719,456392000.0,6906.1660154,2310870000.0,23356.0476564,91560.0,7545.379980399999,807351560.0,32741.063672000004,3087392160.0,1059.5180176000001,194260460.0,2.4212072066679787e+60,0.32,97.0012661447127,1.5698436502536596e+61,3.8632501131860674e+61,3.9747009573726236e+57
2018-02-09,2645.257959,5357440000.0,31.509999600000004,0.0,24440.6460938,687108000.0,6492.540039199999,2893712000.0,21842.2335938,134700.0,7203.779980199999,1034377820.0,30624.505859400004,4320588480.0,1007.9539916000001,295135980.0,7.90765489759127e+60,0.9028571428571428,-3.957129273641176e+61,5.127104278887609e+61,1.2617362361231843e+62,1.2981360457489514e+58
2018-02-16,2696.1979492,3770954000.0,21.685999600000002,0.0,24910.9917968,425138000.0,6663.6639648,2079816000.0,21396.02001975,95700.0,7217.720019600001,755570560.0,30232.54736325,2500982100.0,1004.7040038,213888500.0,1.7603886493864343e+61,0.4685714285714286,-1.2920361616762879e+62,1.1413872119689563e+62,2.808855694078649e+62,2.889888329588003e+58
2018-02-23,2717.2125245,3574367500.0,18.95749975,0.0,25008.75,397975000.0,6799.349975750001,1912135000.0,21934.8679688,71160.0,7254.579980399999,738843060.0,31134.5927735,2006445800.0,1022.4400024,160934980.0,3.2654445416581665e+61,0.2928571428571428,-2.875825008325757e+62,2.1172237406447234e+62,5.21030540484992e+62,5.360617426807353e+58
2018-03-02,2721.3260254,3957362000.0,19.259999800000003,0.0,25059.1078126,461406000.0,6861.090039200001,2234540000.0,21903.568359200002,83020.0,7209.9,798815020.0,31047.9359374,2416899940.0,1022.0059813999999,207490880.0,26.628536224365234,0.26857142857142857,200.0368390450197,69.09474188013061,87.2042724951713,0.0184331797235023
2018-03-09,2740.2800291999997,3410238000.0,17.206000399999997,0.0,24958.237890800006,361724000.0,6958.260058800001,2189238000.0,21309.967969,86640.0,7169.659961,790837800.0,30448.954297000004,1937085160.0,1016.9299927999999,198609360.0,-1.4794266597777954e+62,0.3857142857142857,1.3911741845439234e+63,-9.592192446280915e+62,-2.3605560049123107e+63,-2.428655649457493e+59
2018-03-16,2759.4300293999995,3750140000.0,16.35,0.0,24952.785547,427568000.0,7053.906054599999,2377256000.0,21809.9753908,68940.0,7158.039941600001,864144700.0,31534.771875,1967007420.0,1026.6340088000004,224884660.0,-4.787567687386559e+62,0.09142857142857144,4.5435703510130195e+63,-3.1041262034513723e+63,-7.63898742711714e+63,-7.859364460065832e+59
2018-03-23,2674.7479492,3506710000.0,20.6580006,0.0,24302.316015599998,397112000.0,6758.919921999999,2203616000.0,21267.93017575,84350.0,7003.539941399999,794612840.0,31171.7097658,2224550060.0,1014.7420042000001,195438480.0,-1.0600255245045278e+63,0.23857142857142855,1.011481879762111e+64,-6.872911720101414e+63,-1.691364421947969e+64,-1.74015856861991e+60
2018-03-30,2629.26007075,3661985000.0,21.59250025,0.0,24002.959961,499402500.0,6581.402466,2418805000.0,21145.6222656,86000.0,6997.5251465,773928650.0,30363.87744125,2185873775.0,1002.8924865,205140375.0,17.59871482849121,0.6071428571428571,233.87809913359854,524.6518636577001,255.7767928971127,0.3540372670807453
2018-04-06,2621.6659668,3364068000.0,21.0420002,0.0,24075.9660156,407254000.0,6487.555957199999,2290502000.0,21442.671875,68400.0,7111.900024500002,759005050.0,29847.909505,1807669733.3333333,1018.06752,195953275.0,5.118070205212461e+63,0.722857142857143,-4.8933215639128076e+64,3.318414876297284e+64,8.166333408032305e+64,8.401923837222355e+60
2018-04-13,2646.5020018000005,3121976000.0,19.6759998,0.0,24283.9480468,340752000.0,6591.249902400001,1987308000.0,21719.7398438,67560.0,7248.3199221999985,704402500.0,30699.138281200005,1912836140.0,1034.4779784,175587080.0,1.671093549157039e+64,0.2257142857142857,-1.5981715771704091e+65,1.0834907437493708e+65,2.666377468704906e+65,2.7432997520416366e+61
2018-04-20,2691.22793,3275086000.0,16.0499996,0.0,24647.114062599998,373678000.0,6753.4800782,1897628000.0,22038.9476564,66100.0,7287.740038999998,802382620.0,30357.871875,1925856240.0,1045.847998,179021680.0,3.7195346259511327e+64,0.8228571428571428,-3.5578415583101627e+65,2.411643166420127e+65,5.934846272195037e+65,6.106060562695123e+61
2018-04-27,2656.2199706,3421682000.0,16.77,0.0,24238.0359374,407896000.0,6595.5579102,2013596000.0,22273.791406599998,75140.0,7425.4399411999975,811830220.0,30301.428125200004,1661778120.0,1054.6599854,189541080.0,17.05771255493164,0.25285714285714284,-6.599665395783318e+65,463.18065339234795,353.4003505396838,0.3048780487804878
2018-05-04,2646.3339844,3696768000.0,15.612,0.0,24075.968359600003,380158000.0,6668.9219724,2085660000.0,22490.404297,80300.0,7528.540039000001,798547360.0,30443.04980475,1764374525.0,1061.9875185,194962600.0,-1.7993169886048769e+65,0.15857142857142864,172.9495189750001,-1.1666272682386911e+66,-2.870969300249e+66,-2.953793850244944e+62
2018-05-11,2698.6259766,3412156000.0,13.752,0.0,24566.153906599997,318510000.0,6889.333984399999,2110556000.0,22528.078125,77100.0,7663.4749757499985,844719850.0,30572.898437599997,1517548100.0,1068.7380126,158878080.0,-5.876563458954758e+65,0.07857142857142857,2.9900172114751277e+66,-3.8102008807616515e+66,-9.376576438988477e+66,-9.647081151105892e+62
2018-05-18,2719.4279298,3262020000.0,13.566,0.0,24760.7640626,289984000.0,6910.1520508,2034356000.0,22833.9675782,75280.0,7747.0,878467880.0,31158.6738282,1586266300.0,1076.2139892,208317420.0,-1.3082305366784884e+66,0.9057142857142855,9.675986843418201e+66,-8.482204230256471e+66,-2.087397458167941e+67,-2.147616755922342e+63
2018-05-25,2727.9660156,3192756000.0,12.926000000000002,0.0,24859.8718752,320198000.0,6932.679980399998,1917590000.0,22708.0496096,69900.0,7794.4200194,830642040.0,30812.10986325,1822562325.0,1078.664014,223498540.0,-2.4267108667830483e+66,0.05285714285714288,2.1423810644400366e+67,-1.5734120709410734e+67,-3.872031689378278e+67,-3.98373587312381e+63
2018-06-01,2713.4400635,3804360000.0,15.2125,0.0,24520.0698245,366532500.0,6988.642578000001,2215007500.0,22246.241797,83620.0,7675.5500489999995,1136211550.0,30459.019922000003,2538238140.0,1056.4260012,250990620.0,15.946372032165527,0.22285714285714286,198.7743757035947,283.0838211175792,275.26349864896616,0.184
2018-06-08,2763.484082,3476096000.0,12.218,0.0,25063.6,327604000.0,7165.170019399999,2132606000.0,22631.7937502,72600.0,7705.1999024000015,870696960.0,31164.274218799997,1736665360.0,1060.6280029999998,194472620.0,1.0994339992889236e+67,0.12857142857142856,-1.0343955837273323e+68,7.128425348741245e+67,1.7542441268538623e+68,1.804852289183254e+64
2018-06-15,2781.3259766,3873650000.0,12.345999999999998,0.0,25222.0062502,374546000.0,7223.653906400001,2270898000.0,22847.8257812,67440.0,7708.9199217999985,1038595440.0,30728.3140626,1759626960.0,1066.8979980000001,244515560.0,3.557874704110324e+67,0.23142857142857146,-3.3773897775674965e+68,2.3068273534226335e+68,5.676903577480933e+68,5.840676483075727e+64
2018-06-22,2761.6600098,3805366000.0,13.372,0.0,24677.6144532,379302000.0,7235.030078000002,2582454000.0,22544.821875200007,79040.0,7620.259863199999,779975080.0,29449.76757825,2494761700.0,1051.3879882,202344540.0,7.87756590738606e+67,0.10999999999999999,-7.517423714349996e+68,5.107595411539893e+68,1.2569352717738384e+69,1.2931965784515764e+65
2018-06-29,2714.8880372,3596004000.0,16.82,0.0,24228.1921874,337628000.0,7029.687988400001,2229514000.0,22305.364062599998,67120.0,7584.379980399999,1042559440.0,28730.296094,2472182700.0,1039.2980226,185614240.0,12.348645210266113,0.2357142857142857,237.03152838710582,688.3996379957547,324.25398094566316,0.29357798165137616
2018-07-06,2734.09002675,2623330000.0,15.019999749999998,0.0,24323.805175999998,215547500.0,7105.1873780000005,1599207500.0,21729.9277346,68820.0,7587.040039000001,729296880.0,28321.237305,2320814650.0,1045.402002,174531220.0,-3.8034872206530414e+68,0.0,3.636537787795813e+69,-2.4660757021205633e+69,-6.068800057765811e+69,-6.2438787790033495e+65
2018-07-13,2790.3260256,2902864000.0,12.744000000000002,0.0,24868.2,240332000.0,7308.929980399998,1792842000.0,22193.318359599998,72760.0,7657.039941399999,698413100.0,28537.7417968,1743482500.0,1061.058008,161863480.0,-1.2418709990068775e+69,0.4642857142857143,1.1876920643200005e+70,-8.05194737920856e+69,-1.9815149501715983e+70,-2.0386796450514668e+66
2018-07-20,2805.9840332,3089930000.0,12.544,0.0,25101.2316408,258886000.0,7370.901952999999,1793564000.0,22710.2917968,52880.0,7653.179883,669473080.0,28214.819922,1676543980.0,1066.845996,164955980.0,-2.7641673227095452e+69,0.5014285714285714,2.6440198217460135e+70,-1.7922094845264854e+70,-4.4104732932042894e+70,-4.537710970649015e+66
2018-07-27,2825.9419918000003,3389402000.0,12.498,0.0,25335.691797,280928000.0,7396.829882800001,1991634000.0,22564.2679688,71980.0,7677.539941600001,691532900.0,28685.0019534,1713285060.0,1072.9880127999998,193037680.0,12.576735496520993,0.09571428571428572,4.9045420161823763e+70,904.719141042394,435.4515525282883,0.2803738317757009
2018-08-03,2819.9640626,3426526000.0,12.813999999999998,0.0,25368.9160156,301636000.0,7293.122070199999,2132402000.0,22576.5937502,91720.0,7667.5199218,855965360.0,28209.5523438,1561922000.0,1074.9300049999997,197994680.0,1.3371600813706442e+70,0.24571428571428566,156.68563755569082,8.669775380361419e+70,2.133557103859809e+71,2.195108060535842e+67
2018-08-10,2850.6819821999998,3062520000.0,11.496,0.0,25507.442187599998,229224000.0,7449.289941399999,2130348000.0,22542.168359400002,68980.0,7713.559961000001,664670780.0,28280.300390599998,1468805860.0,1075.0420168,158667840.0,4.3671604962994465e+70,0.06571428571428573,-2.2220283089917245e+71,2.8315458321260587e+71,6.968190593174681e+71,7.16921581838891e+67
2018-08-17,2834.2159668,3204894000.0,13.764,0.0,25375.6160158,272320000.0,7390.9660156,1988250000.0,22176.0300782,66540.0,7573.4,740013040.0,27465.312109600003,1716899040.0,1054.2700196,162156260.0,9.722098229244875e+70,0.3985714285714285,-7.190698411668549e+71,6.303539048740031e+71,1.5512467078860297e+72,1.595998600740549e+68
2018-08-24,2862.6999998,2778964000.0,12.400000000000002,0.0,25752.3816406,220854000.0,7418.4979492,1778510000.0,22358.7742188,51780.0,7574.380078,559430120.0,27748.143750200004,1619921200.0,1062.3839845999996,136462180.0,1.8034070264665392e+71,0.17571428571428568,-1.5921077994342085e+72,1.1692791354348336e+72,2.8774953171832335e+72,2.960508136143185e+68
2018-08-31,2902.1899904,2802314000.0,12.66,0.0,26037.994140799998,232164000.0,7617.355957199998,2018358000.0,22839.1964844,62340.0,7532.200073,677622725.0,28218.385937400002,1673227620.0,1070.4699706000001,151533980.0,14.984474182128904,0.12142857142857144,127.85958948406422,469.2929476685781,361.1392592221774,0.21804511278195488
2018-09-07,2883.7625124999995,3101042500.0,14.15,0.0,25959.96972675,271885000.0,7507.2523194999985,2335340000.0,22556.0222656,59920.0,7388.5,692832560.0,27375.6039064,1888972040.0,1039.2939939999999,195827360.0,-8.170429475523967e+71,0.42,7.687097436251719e+72,-5.297480032552818e+72,-1.3036642427450526e+73,-1.3412736328008086e+69
2018-09-14,2892.6199219999994,3060144000.0,12.992,0.0,26025.5421876,258068000.0,7510.160058600001,2213868000.0,22711.6757814,77940.0,7290.359961,651122360.0,26736.3820312,2006800960.0,1037.7879636000002,181989620.0,-2.64402996191542e+72,0.25,2.5099028388436897e+73,-1.7143157493345938e+73,-4.2187835148955204e+73,-4.340491136820016e+69
2018-09-21,2912.2959961999995,3649546000.0,12.34,0.0,26423.064062800004,328532000.0,7503.909862999999,2550566000.0,23659.4794925,101600.0,7358.180078200001,890629160.0,27371.225781200003,1824721600.0,1051.3559570000002,247749580.0,-5.854202864993953e+72,0.4057142857142858,5.586563673567147e+73,-3.795702891350167e+73,-9.34089813483009e+73,-9.610373564089528e+69
2018-09-28,2913.7760254,3307892000.0,12.408,0.0,26467.556250200007,248392000.0,7586.449902199999,2274592000.0,23972.7070315,87975.0,7506.6200193999985,738433900.0,27705.11230475,1731730075.0,1064.0140136000002,190303080.0,18.335418701171875,0.26857142857142857,1.0361676635707137e+74,323.3911902516983,395.35755529203425,0.21008403361344535
2018-10-05,2912.142041,3438124000.0,12.939999999999998,0.0,26665.6144532,266688000.0,7560.0339844,2733876000.0,24077.3359378,78160.0,7443.479980599999,783293260.0,26853.52001975,1746351325.0,1054.0979982000001,186268580.0,2.8265565843426074e+73,0.44,160.8308788336606,1.8326609526820974e+74,4.510020874841147e+74,4.6401303989655035e+70
2018-10-12,2809.1899904,4041748000.0,20.1779996,0.0,25781.7820312,382834000.0,7178.035937399999,2711118000.0,23065.23730475,92975.0,7123.879980399999,903944660.0,25927.2820314,2190061900.0,1009.3619874,230166120.0,9.22894818756439e+73,0.45,-4.694195875709109e+74,5.983794229121782e+74,1.4725602596922105e+75,1.5150421283908204e+71
2018-10-19,2781.2959960000003,3446624000.0,19.2539996,0.0,25515.8878908,314032000.0,7169.409961,2443008000.0,22570.380078,70760.0,7044.0,715275100.0,25480.81787125,1721184225.0,996.7979858,219636260.0,2.0541873530701307e+74,0.27285714285714285,-1.5190769215910296e+75,1.3318781489529556e+75,3.277637495212454e+75,3.3721940098248747e+71
2018-10-26,2703.3859862,4360590000.0,22.791999399999998,0.0,24953.0242188,438550000.0,6983.563964800001,2731072000.0,21834.0218752,82720.0,6980.940039200002,831224380.0,25292.3144532,1987101500.0,972.5959962,240105780.0,24.36697578430176,0.41571428571428576,-3.363406927295725e+75,443.2303028107881,383.78075332363824,0.23414634146341465
2018-11-02,2699.8100098,4767770000.0,21.626000199999996,0.0,25016.978125,435256000.0,6905.1160156000005,2773876000.0,21691.7722658,99300.0,7079.820019600002,850471500.0,25255.9214844,2432081860.0,979.804004,212032420.0,-9.937087764605018e+74,0.59,148.37321789738732,-6.442932305139818e+75,-1.5855501885846903e+76,-1.6312917020359565e+72
2018-11-09,2779.0979982,3739702000.0,18.062,0.0,25891.50625,316414000.0,7065.361914200001,2402120000.0,22173.9421874,67000.0,7101.559961000001,641619660.0,26006.5363282,1683060180.0,993.4460083999999,170286340.0,-3.2454496464895992e+75,0.24,1.623935193624315e+76,-2.104259604765963e+76,-5.178401782223001e+76,-5.327793417052959e+72
2018-11-16,2723.2899904,4063812000.0,19.968,0.0,25291.3320312,363610000.0,6837.470117200001,2424042000.0,21882.1679688,59020.0,7038.519922,990141280.0,25873.4695316,1431464580.0,986.2200072,190659060.0,-7.224964662502398e+75,0.2928571428571428,5.3022856957380734e+76,-4.684466850875258e+76,-1.1528069746905107e+77,-1.186064285697858e+73
2018-11-23,2653.777466,3254000000.0,21.22499975,0.0,24558.4296875,312330000.0,6568.22253425,1958992500.0,21639.59228525,74450.0,6982.4399412,778794640.0,26026.1800782,1162261800.0,964.1900022,165459900.0,-1.3401995876913998e+76,0.3157142857142857,1.1801872313935975e+77,-8.689482696961182e+76,-2.138406904862117e+77,-2.200097773374039e+73
2018-11-30,2719.4759766,3820038000.0,18.6540002,0.0,25126.540234599997,352810000.0,6826.8239257999985,2199016000.0,22111.0160156,80600.0,7015.320019399999,879824820.0,26469.696094000006,1578404860.0,972.0180054,207407000.0,22.66090583801269,0.33428571428571424,171.36967723166447,403.0774931933048,304.71119869523943,0.20134228187919465
2018-12-07,2704.86505125,4511015000.0,20.4000005,0.0,25047.529785500006,419325000.0,6827.367431749999,2638965000.0,21942.087890799998,81900.0,6897.839941600001,865235000.0,26696.459765799995,2122256000.0,958.0959960000001,212360540.0,6.071844044998262e+76,0.10428571428571426,-5.709130439056117e+77,3.936815400648238e+77,9.688163875230184e+77,9.96765756859128e+73
2018-12-14,2635.2120116,3995706000.0,21.627999399999997,0.0,24403.7320312,358778000.0,6702.774121,2273990000.0,21432.257812400003,87620.0,6826.260058399999,843800280.0,26065.9800782,1451295800.0,940.9880004,211810560.0,1.9649074295477688e+77,0.3357142857142857,-1.864600140022388e+78,1.2739915208896007e+78,3.135183485616278e+78,3.2256303466566825e+74
2018-12-21,2496.6199706,5481992000.0,26.834,0.0,23179.45,571114000.0,6314.5260744,3188560000.0,20833.8039062,87620.0,6734.760058399997,968779980.0,25828.914062599997,1513933860.0,920.7460082,265143940.0,4.3505432499612575e+77,0.22428571428571425,-4.150941019795242e+78,2.820771670139072e+78,6.9416763078132125e+78,7.141936622809366e+74
2018-12-28,2448.34252925,3661787500.0,31.19499975,0.0,22717.9672855,371487500.0,6183.9224857499985,2205042500.0,19643.79736325,60875.0,6668.233398333334,427582333.3333333,25544.82031233333,1204025333.3333333,898.7866619999999,128088866.66666669,39.393028259277344,0.07142857142857134,-7.699815414669082e+78,681.871889207119,536.8332162841955,0.2720306513409962
2019-01-04,2499.17749025,3803075000.0,23.86749975,0.0,23198.27050775,357665000.0,6315.160034250001,2386800000.0,19561.960938,91600.0,6728.100098000001,225303900.0,25416.609375,1420671875.0,911.43249525,146365700.0,-2.1005518517606042e+78,0.6685714285714285,185.6119252891238,-1.3619396049349112e+79,-3.351616151116209e+79,-3.448306874855844e+75
2019-01-11,2580.3919434,3875842000.0,19.908,0.0,23839.157422,315398000.0,6572.6259764000015,2310802000.0,20238.7140626,78420.0,6863.720878132035,1532305876.3053665,26272.433594,1888917160.0,931.1679932,177779140.0,-6.858480850012691e+78,1.4728571428571426,3.488441479111387e+79,-4.4468489037729764e+79,-1.0943312429901179e+80,-1.12590158849653e+76
2019-01-18,2623.1360351999997,3771910000.0,18.5139998,0.0,24251.807812400002,306704000.0,6676.460058600001,2141992000.0,20516.59472675,69025.0,6883.179980400001,707362880.0,26775.4320312,1703409760.0,937.9660034,178033260.0,-1.5265666614483268e+79,0.22142857142857147,1.1288933852557441e+80,-9.897835152496345e+79,-2.4357720443688787e+80,-2.506041595300707e+76
2019-01-25,2644.67248525,3622742500.0,19.1574995,0.0,24567.63476575,338535000.0,6698.87243675,2374125000.0,20656.8304686,49620.0,6868.6200193999985,602862080.0,27180.0714846,1637832340.0,952.6700072000001,160631100.0,-2.8313988764899337e+79,0.23285714285714285,2.499506807702835e+80,-1.8358005607087155e+80,-4.5177471799812905e+80,-4.6480796001659844e+76
2019-02-01,2675.1060548,3932348000.0,17.673999799999994,0.0,24837.320312599997,390962000.0,6784.029980599998,2474272000.0,20686.4121094,69980.0,6902.340039,718210060.0,27724.940234400005,1848775680.0,966.7579957999999,204451200.0,38.006378173828125,0.3271428571428571,157.08032730943876,715.6202325086874,571.2359485821413,0.16731517509727625
2019-02-08,2721.6220214,3622956000.0,15.754000200000002,0.0,25263.409765599998,280090000.0,6959.841992199999,2182692000.0,20737.3457032,71560.0,7109.880078200002,611279320.0,27968.2656255,1167865450.0,984.8679932,195595700.0,1.28272106877991e+80,0.0,-1.2068248380853223e+81,8.31680791022385e+80,2.046694847307088e+81,2.1057399160553074e+77
2019-02-15,2745.7780271999995,3667716000.0,15.6359998,0.0,25468.9558594,284936000.0,7003.466015800001,2095410000.0,21012.258301,73200.0,7177.3400391999985,568845940.0,28229.1300782,1604520400.0,993.2859983999999,193715760.0,4.1509813906684997e+80,0.35428571428571426,-3.94038596778573e+81,2.6913812913310177e+81,6.623257721672723e+81,6.814331983684907e+77
2019-02-22,2783.0024415,3589170000.0,14.2175,0.0,25932.050293,275992500.0,7063.6849365,2209827500.0,21381.1460938,59180.0,7194.660058600001,674191140.0,28507.0824218,1730557700.0,1010.7920044,154937260.0,9.19073903764353e+80,0.0,-8.77054552340127e+81,5.959020475260631e+81,1.466463652084649e+82,1.508769639842438e+78
2019-03-01,2794.1139645999997,3917280000.0,14.614,0.0,26015.482031400006,284648000.0,7120.95,2430896000.0,21504.3960938,62000.0,7124.6801755999995,812364060.0,28786.8300782,2533659680.0,1018.2920166000001,186674220.0,16.678773880004886,0.0,114.3926002566618,307.09272136420043,403.2565222119892,0.19548872180451127
2019-03-08,2769.181982400001,3724018000.0,15.549999800000002,0.0,25644.6425782,272732000.0,7092.5320311999985,2328256000.0,21525.339844,70080.0,7155.139941399999,707077700.0,28793.331640599998,2224011600.0,1023.6980102,193987520.0,-4.437513777331259e+81,0.22285714285714286,4.2427328003525545e+82,-2.8771609497409986e+82,-7.080445471716528e+82,-7.284709136226942e+78
2019-03-15,2803.3399902,4072374000.0,13.578,0.0,25693.4480468,375726000.0,7234.455956999999,2473680000.0,21331.3777342,67380.0,7170.940039000001,859583120.0,28819.0539064,1214683600.0,1030.6859983999998,224025060.0,-1.4488857633334474e+82,0.4028571428571429,1.3856751588828284e+83,-9.394173737992845e+82,-2.3118253050694788e+83,-2.378519118390651e+79
2019-03-22,2829.0659665999997,3745522000.0,14.136,0.0,25802.3960938,357104000.0,7375.127929799999,2421272000.0,21596.90234375,64825.0,7295.420019600001,678988000.0,29276.2359376,1741473760.0,1043.6119874,177473280.0,-3.224942177311468e+82,0.6142857142857142,3.0847664105537935e+83,-2.0909631301051445e+83,-5.145680302456463e+83,-5.294127955810681e+79
2019-03-29,2814.4060056000008,3382886000.0,14.86,0.0,25689.2582034,283272000.0,7335.108007799998,2111262000.0,21204.7601564,77540.0,7216.320019600002,651392580.0,28729.016015599995,1850117180.0,1032.75,172001380.0,20.770957946777344,0.4471428571428571,5.722107809059223e+83,287.66534626635416,380.0828391421509,0.14184397163120568
2019-04-05,2875.9919432,3291980000.0,13.38,0.0,26293.0605466,256216000.0,7528.487988399998,2207658000.0,21652.0000002,66660.0,7395.119921799998,730849820.0,29777.35009775,2051945225.0,1061.521997,162703240.0,1.5600588668413114e+83,0.4628571428571429,103.48613486968046,1.0114989330066811e+84,2.4892118185108714e+84,2.5610230526800684e+80
2019-04-12,2891.5819824,3150284000.0,13.158,0.0,26240.822265400002,251702000.0,7600.552148199998,2009434000.0,21766.7503908,58080.0,7430.9,623984300.0,30020.6820314,1928455240.0,1066.55,163552520.0,5.095147172774004e+83,0.3014285714285715,-2.5924307501931234e+84,3.303552217364595e+84,8.129757683567848e+84,8.364292940235067e+80
2019-04-19,2904.53002925,3399922500.0,12.2975,0.0,26461.62695325,313397500.0,7663.57263175,2073075000.0,22191.8839844,53220.0,7459.499877749999,575562625.0,30007.1323245,2040474400.0,1080.154999,176263025.0,1.1342729707779292e+84,0.4485714285714285,-8.389356518204184e+84,7.354311584428808e+84,1.809832785345181e+85,1.8620446240440926e+81
2019-04-26,2926.9899416,3351144000.0,12.764,0.0,26553.9804686,288330000.0,7790.442089800002,1981632000.0,22248.7902344,59600.0,7464.3000489999995,742222800.0,29730.97021475,1702674500.0,1083.514984,180271425.0,18.80680084228516,0.87,-1.8575052352563914e+85,335.6749897366005,327.9174646724616,0.08264462809917356
2019-05-03,2935.15,3560194000.0,13.664,0.0,26478.035937599998,292026000.0,7788.428027399999,2065788000.0,21311.121500210284,79397.84322673529,7395.220019600001,531941120.0,29904.41259775,1281508875.0,1082.3974915,167641175.0,-5.487357211556241e+84,0.6385714285714287,205.06553452103788,-3.557850336605436e+85,-8.755563468609846e+85,-9.0081525869211e+81
2019-05-10,2889.6119630000007,3520566000.0,17.860000199999995,0.0,26028.325781400006,304748000.0,7644.213867199999,2284474000.0,21568.340332,92950.0,7235.549926749999,790606575.0,28887.469922000004,2488647380.0,1051.4379883999998,178461460.0,-1.7921851680390647e+85,0.41571428571428576,8.96850309810751e+85,-1.1620031934386683e+86,-2.8595898501415447e+86,-2.9420861145531537e+82
2019-05-17,2846.6180174,3387742000.0,17.259999800000006,0.0,25626.348046799998,305650000.0,7462.616015800001,2172496000.0,21152.0281252,81420.0,7280.880078200002,740671820.0,28153.06543,2353675175.0,1048.130005,189195780.0,-3.9897536423003075e+85,0.2957142857142857,2.9282927103224897e+86,-2.5868456876356995e+86,-6.366004597934788e+86,-6.549657368464364e+82
2019-05-24,2841.8320312,3295890000.0,15.755999799999998,0.0,25682.0,260100000.0,7371.4541016,1984758000.0,21225.1820314,66260.0,7296.5400388,742279740.0,27554.3699218,2018384120.0,1042.1879883999998,177813960.0,-7.400846445589337e+85,0.94,6.517819505951092e+86,-4.7985037245529614e+86,-1.1808704678333823e+87,-1.2149373821306972e+83
2019-05-31,2781.58251975,3769067500.0,17.8524995,0.0,25114.774902250007,291345000.0,7217.149902249998,2185100000.0,20997.9617188,69580.0,7208.55004875,825120950.0,27186.1164064,2051665020.0,1031.2640014,176702860.0,19.52662467956543,0.8871428571428571,239.6901333977375,786.542093038192,477.5662168281184,0.3290322580645161
2019-06-07,2818.1399902,3583946000.0,16.829999800000003,0.0,25479.2257814,276734000.0,7211.7780274000015,2239720000.0,20650.8539064,63840.0,7242.2199218,699987020.0,26879.024414,1685002250.0,1034.6220216,197017020.0,3.352996996777316e+86,0.59,-3.152981365973745e+87,2.1739903260713625e+87,5.350003085914666e+87,5.504345244163933e+83
2019-06-14,2886.1819824,3156780000.0,15.788,0.0,26062.4796876,229576000.0,7495.5720704,1950022000.0,21123.4621094,58580.0,7371.200000200001,627289960.0,27417.900390799998,1968260080.0,1052.0799804000003,146552580.0,1.085062477310356e+87,0.08285714285714285,-1.0297626932546792e+88,7.0352443832278355e+87,1.7313130932118617e+88,1.781259718497938e+84
2019-06-21,2927.7039551999997,3688342000.0,14.995999999999999,0.0,26510.8738282,295534000.0,7659.297949199998,2228432000.0,21230.416015799998,62500.0,7407.139941399999,846520360.0,27990.442187599998,1821204800.0,1067.3459958,238724900.0,2.402460175630928e+87,0.44857142857142857,-2.2924401484939812e+88,1.5576885948938462e+88,3.833337568081986e+88,3.943925465706462e+84
2019-06-28,2928.6379884,3747210000.0,15.73,0.0,26587.824219,307034000.0,7653.947949400001,2480908000.0,21236.0960938,54160.0,7416.679980399998,648735140.0,28417.000000200005,1557761000.0,1066.7399656000002,171166080.0,19.790163040161133,0.4371428571428572,-4.252376980837346e+88,1374.2800979276155,657.0546217962323,0.3006993006993007
2019-07-05,2980.892517,2779510000.0,13.21,0.0,26848.057129250006,207237500.0,7816.73742675,1435030000.0,21714.2460936,51840.0,7564.540039200001,582383060.0,28825.32519525,1294275850.0,1085.9560058,154118200.0,-1.1599683347663286e+88,0.18142857142857144,185.5541556541366,-7.52091320318765e+88,-1.85083200984904e+89,-1.9042266345566426e+85
2019-07-12,2992.4659668,3043316000.0,13.28,0.0,26973.987890599998,228260000.0,7871.2139646,1552496000.0,21592.482031400006,51940.0,7526.459961,543558160.0,28311.215625,1150785000.0,1080.0399902,143184920.0,-3.7873955165439784e+88,0.3114285714285714,1.9265615424238064e+89,-2.4556422871497997e+89,-6.043124321484552e+89,-6.21746232379378e+85
2019-07-19,2994.8960448000007,3180832000.0,13.498,0.0,27258.3621092,224684000.0,7904.359960999999,1891988000.0,21379.415039,57800.0,7529.2401365999995,549204140.0,28598.946093799997,1095657800.0,1081.552002,150723500.0,-8.430018075141035e+88,0.927142857142857,6.234539392209685e+89,-5.465790086175992e+89,-1.3450838983652166e+90,-1.383888203440591e+86
2019-07-26,3007.9180176,3329844000.0,12.622,0.0,27224.898047,236910000.0,7963.422070199998,1920604000.0,21632.388281400006,48120.0,7522.3,638950740.0,28470.7640626,1085140440.0,1093.4139891999996,184966080.0,21.449750900268555,0.18857142857142856,1.3804026012379638e+90,600.7882290999281,637.3458762524638,0.136
2019-08-02,2980.0279788000003,4019686000.0,15.6740006,0.0,26870.4136718,328642000.0,7856.855956999999,2294268000.0,21495.158203,69040.0,7582.439941600001,904734740.0,27702.987890599998,1610454180.0,1079.0219969999996,216396940.0,4.078003375482581e+89,0.8857142857142858,257.5038278247648,2.644064368833756e+90,6.50681484778294e+90,6.694529851084384e+86
2019-08-09,2893.445996,4123346000.0,19.8259998,0.0,26083.9917968,321596000.0,7572.001952999999,2384316000.0,20620.066015800006,75520.0,7226.820019199999,858324540.0,26036.9320312,1911938820.0,1033.197998,213596180.0,1.331874582352831e+90,0.17428571428571427,-6.664931420303385e+90,8.635505669579607e+90,2.1251236229819353e+91,2.186431282295455e+87
2019-08-16,2877.1800293999995,3710782000.0,20.0719998,0.0,25824.2339844,293870000.0,7573.791992199999,2220786000.0,20483.7578125,65100.0,7161.9400388,725029660.0,25527.5964844,1852669680.0,1029.3580078,220370640.0,2.964996484873185e+90,0.5285714285714286,-2.1761569215482652e+91,1.922421547393349e+91,4.730913973094498e+91,4.867396038875248e+87
2019-08-23,2903.7299804000004,3223710000.0,17.345999999999997,0.0,26036.419922,257320000.0,7657.886132800001,1876726000.0,20639.5742188,51800.0,7148.380078,656133900.0,26204.2937502,1814293460.0,1043.7900148,161483980.0,5.499939795568786e+90,0.8071428571428572,-4.843709094134825e+91,3.566008535359133e+91,8.775640093599554e+91,9.028808402162013e+87
2019-08-30,2897.3039550000008,3134658000.0,19.1679996,0.0,26095.671875,618568000.0,7624.4519532,1725000000.0,20472.3675784,61860.0,7148.95007325,722647150.0,25677.6222658,1990929520.0,1049.2679932,157473720.0,30.88200378417969,0.48571428571428577,183.04193212354744,5.919300688024904e+91,1.456688954298067e+92,1.4987129519469949e+88
2019-09-06,2949.6900025,3422257500.0,17.064999999999998,0.0,26499.77539075,223072500.0,7760.959961,1950047500.0,20836.0,49600.0,7282.979980399998,640979040.0,26176.7839844,1804953060.0,1073.5040038,159603680.0,-2.4917763744670016e+91,0.3700000000000001,2.3431340039503188e+92,9.107287162560248e+91,2.2412249879721405e+92,2.3058820538113236e+88
2019-09-13,2995.141943600001,3926626000.0,14.608,0.0,27056.789453400004,274664000.0,7869.0020506,2196314000.0,21611.235547,94520.0,7310.8,876918040.0,26992.8921876,1604951600.0,1086.1919922000004,224416180.0,-8.063629228127812e+91,0.9757142857142858,7.652668070302172e+92,1.3254957116134742e+92,3.26193086623053e+92,3.3560342605406035e+88
2019-09-20,3001.8499998,4145610000.0,14.485999999999999,0.0,27072.912109599994,273412000.0,7871.0200196,2181304000.0,22021.3925785,78525.0,7331.4399411999975,907684740.0,26714.7058594,1743172700.0,1090.641992,225255720.0,-1.7853852645266116e+92,0.8142857142857141,1.7036239166920255e+93,1.8487299705917953e+92,4.5495653449215846e+92,4.6808156868662505e+88
2019-09-27,3014.5318413326363,3723366747.544578,16.887879445173287,0.0,26774.60300702582,256488164.1404083,8114.81606174823,2323166637.578817,21442.886728887806,64905.77505534876,7371.812218364541,805777275.7896557,27043.021725137194,1750676123.4815714,1076.8600083217227,316905961.2631799,30.30093553344125,3.424108851984535,3.1601484261669255e+93,2.492930408907946e+92,6.134887179893655e+92,6.311872447519683e+88
2019-10-04,3040.039371045737,3627796130.9580393,15.358055025942516,0.0,27051.81780346981,235314034.332716,8164.995615970465,2308616489.742278,21760.040881118573,54510.10197842568,7517.708809221272,848590906.0540788,27391.116852204344,1779370324.5673087,1091.5985414093427,327506228.5227953,8.620289715647023e+92,3.6341500607757435,110.02433110133751,3.270595942278886e+92,8.04865512699509e+92,8.280850657232323e+88
2019-10-11,3013.1053544019874,3489314813.650347,17.390699206711748,0.0,26854.80535232462,278453327.6019468,8070.250060388254,2183738412.8192015,21588.4202154955,60569.957747656445,7449.051006384493,806144826.9675404,27188.389041103663,1766189075.2283664,1080.465095195761,272423483.11414146,2.8145980727294427e+93,3.5743973135229963,-1.4317217061516194e+94,4.194225486421572e+92,1.0321627942074229e+93,1.0619396430735595e+89
2019-10-18,3011.6694184778285,3439598735.525347,16.63297434709636,0.0,26878.387290682673,272574588.4192545,8087.672417903758,2138231453.6845863,21680.6028016729,51925.486593810296,7425.229420237018,715454121.1382135,27156.790991597652,1368020739.07452,1085.104893128934,248679688.00596836,6.264756987982217e+93,3.383140445391128,-4.63318984580891e+94,5.276317957052962e+92,1.2984564380979403e+93,1.3359155882760918e+89
2019-10-25,2998.43909941617,4060453767.9772706,17.6158265105579,0.0,26851.432440716686,326930382.89040834,8069.358744877917,2350152691.665355,21789.26616521773,64002.09717073337,7402.19556974387,780549572.4242711,27023.289198516282,1537649798.8942318,1085.1054559068186,279129941.34731454,1.1619555401811017e+94,3.5488925058306884,-1.0258443988942615e+95,6.529372269890007e+92,1.6068223199558935e+93,1.6531775128039695e+89
2019-11-01,2993.4446266132854,4259831590.0926547,18.40140829132713,0.0,26844.317002528707,306880882.89040834,8054.4860407764745,2444936696.4730477,21907.63954954117,72478.82793996175,7387.259417552764,799274852.5805211,26893.744231763638,1791398911.1778855,1087.2292310541745,199739635.8665453,13.635988361258434,3.5304893464900293,161.61293435849765,7.96588734064965e+92,1.9603363153661117e+93,2.0168900281303322e+89
2019-11-08,3014.0567454579964,4188931844.900347,17.243441944692517,0.0,27109.221475892165,271259156.92886984,8083.171909938975,2408730441.665355,22316.2405070467,84071.37601688241,7348.231386893029,805062794.0468673,27102.276818518563,1741622046.141828,1086.9135111342225,218141386.21510297,-5.264058217836129e+94,3.3318629728636555,4.9530351220730285e+95,9.598362085048819e+92,2.3620742999134216e+93,2.4302177457283197e+89
2019-11-15,3002.868560548862,3986980743.938809,17.476177571615594,0.0,26990.589604315723,317069589.62117755,8012.055302101956,2309238523.3961244,22306.92949709237,70907.69813226703,7300.539261914301,873425948.4819634,26941.404252073855,1462714494.471155,1078.889385114511,202371982.17664146,-1.7034886409418335e+95,3.5025326157207983,1.6172081877295959e+96,1.1439295418804426e+93,2.8151121491826464e+93,2.8963252770710674e+89
2019-11-22,2997.1243164458574,3059640843.6984243,16.56132174084636,0.0,26886.757959953946,241423844.42886984,7981.018292985128,1839710803.4442015,22438.894046830832,60221.78467072856,7316.443761851923,683593632.0396558,27251.713869699455,1439575278.7259626,1077.542132470761,168295767.56125683,-3.771715187083766e+95,3.28096324758893,3.5995961175639917e+96,1.3501186257633362e+93,3.3225257387586027e+93,3.41837723363171e+89
2019-11-29,3014.832282684319,4099241757.1599627,16.468181230029053,0.0,27107.851341230507,295276952.6019468,8017.352487138374,2312056290.2230477,22616.627234083717,74291.78467072856,7301.696939066104,860354080.8136942,27291.15361389621,1750114985.2283666,1076.83136020778,225941252.8497184,27.74274893601124,3.3721548684680513,211.02920894699835,1.5796533517252513e+93,3.8873909442261034e+93,3.999538226883378e+89
2019-12-06,3011.1728407632854,4101278739.1311164,17.417809912480976,0.0,27149.78202332414,354294474.2365622,7984.3466307238305,2374279194.0692015,22487.378366520254,73477.84236303625,7229.518092724878,835412265.5492711,27013.036018349096,1642990536.9350972,1069.9267177885495,228411013.5227953,1.8210764159772173e+96,3.2344213519845346,-1.7412969894836894e+97,1.8337836113378768e+93,4.51278364116996e+93,4.6429728682991984e+89
2019-12-13,3000.0858163147277,4381690441.0541935,17.86341079950021,0.0,27097.456596931348,382700555.9673314,7974.599673514696,2501532088.2999706,22482.1056295092,78896.01543995933,7246.243804845552,922695691.0300404,26778.692999406303,1732387304.170674,1067.8718924741265,249319231.11894915,5.945968453169546e+96,3.3715642091273916,-5.687070329682121e+97,2.1137592961729005e+93,5.201779705174979e+93,5.351845769352291e+89
2019-12-20,2970.146281989728,3712543162.2080393,17.921877158154054,0.0,26833.589388889523,359095262.6981006,7890.7323838714265,2208331992.1461244,22371.337539496697,63281.11159380548,7286.32581328209,636347531.9114506,26740.236186037553,1260360223.545674,1066.155911864511,176234407.65741068,1.3234586835523253e+97,3.4840916816548644,-1.2660458993582747e+98,2.420830297802011e+93,5.9574550118259685e+93,6.129321541515766e+89
2019-12-27,2953.693269809319,2743689986.72727,19.717732802985786,0.0,26684.05655064649,266424797.55386987,7833.224880264215,1784167359.934586,22057.38320020888,36070.34236303625,7349.808298410936,386006111.2543993,26813.647826113276,1325726001.582533,1062.2342282843827,106350746.0868979,35.35295775673045,3.7092496486878312,-2.3484601954173017e+98,2.7562465077968946e+93,6.78288543670773e+93,6.978564796262737e+89
2020-01-03,2954.9487473909294,3901649008.3618855,18.674766506952132,0.0,26657.361855136995,343444064.380793,7838.117869221547,2333363179.6461244,22059.632300711924,80703.53146560036,7323.078958110937,589927221.5588865,26829.361406735028,1774825627.0793278,1059.5415942659533,180904390.9747184,-6.402203018397022e+97,3.6017393464900294,154.1984438000584,3.1212578177292324e+93,7.681146855405051e+93,7.902740145066317e+89
2020-01-10,2965.490719566891,4027987008.3618855,18.22318468820213,0.0,26748.684571247933,328750128.082716,7897.569781405322,2986424944.0692015,22002.72897974189,73520.10197842086,5640.5096752195905,650723853.0011945,26989.30995535606,1770738861.4302895,1061.893366893357,215514731.0708722,-2.0909574184695743e+98,3.7724227256109084,1.0639821250074468e+99,3.517114119170702e+93,8.655315143502715e+93,8.905012199399605e+89
2020-01-17,2972.39673396641,4159690743.938809,18.79662704589444,0.0,26825.862512190724,386506998.2750237,7918.054409309168,2363303280.607663,21855.169103081433,75108.38322842086,7320.0778134248785,782682095.3088865,27158.917714433468,2067562613.593751,1058.3083070515302,212586672.75356454,-4.654853731195316e+98,3.906268879457062,3.4431490117986943e+99,3.9450653036929757e+93,9.708466176585483e+93,9.988545570735682e+89
2020-01-24,2994.995865377949,3955493378.5541935,17.731617455509827,0.0,27034.67621608784,369956430.9673314,7971.566946289456,2336685218.107663,22026.431160410404,70065.17409380549,7316.740303062378,779387931.2223481,27556.616608295488,2066384216.4783664,1069.8431953712418,205800674.24394915,-8.63455162132263e+98,3.4501905827537653,7.623549316691825e+99,4.4063612628677235e+93,1.0843675830238101e+94,1.1156504870547624e+90
2020-01-31,2993.1687114116025,4213768609.3234243,18.198713482913668,0.0,27027.614203433026,381185421.35194683,7961.110114013493,2470370843.107663,21954.320193907035,92057.8664014978,7269.364068582571,832932539.0588865,27695.920973738917,1907902032.391828,1063.9140265947995,234168171.0227953,23.088494071172715,3.5898677805559633,185.3137430323084,4.902251888266612e+93,1.2064019980045312e+94,1.2412054710308492e+90
2020-02-07,2947.229097656314,4456718671.823424,22.96640593964444,0.0,26631.64252000899,396926940.582716,7851.099229278879,2570313746.953817,21227.131141745976,109219.6933245747,7184.979554527764,872505528.193502,27058.8451727527,2315852370.997597,1042.2421260798956,271391237.89779526,3.9119285862315545e+99,3.521729044292227,-3.6808416131268e+100,5.4339870714613e+93,1.3372574501591837e+94,1.3758359701491325e+90
2020-02-14,2988.6161716029483,3955886753.5541935,19.43743944445213,0.0,26977.227843193126,340804440.582716,7959.147425501957,2254195362.3384323,21279.4910418092,88791.37601688241,7291.692044734974,706004396.5108095,27302.61168415414,2075830649.1225972,1056.2593900044149,229853298.18625683,1.26593790695167e+100,3.557467368468051,-1.201826162701034e+101,6.002816704023431e+93,1.4772415270462368e+94,1.5198584455569128e+90
2020-02-21,3010.6040817736216,3832503340.0926547,17.94744424060598,0.0,27184.113954989283,314093738.6596391,8020.490844852918,2152698694.0692015,21514.47574908492,66019.16447842088,7315.919048749878,794808721.1742711,27658.01593407145,1692361081.9591355,1066.5062858472033,200135928.61894915,2.802939992280973e+100,3.5007125607757437,-2.6750351760949737e+101,6.609990677524648e+93,1.6266618162241572e+94,1.6735893584014875e+90
2020-02-28,3023.000410388526,4285149412.2080393,17.73333387762521,0.0,27280.008279225338,333701190.582716,8060.470489953398,2400570487.3384323,21647.522194832516,75605.60678611317,7332.896264924878,861433839.3593673,27716.3630837265,2100558842.3677895,1076.3253341173956,227796646.74394915,28.414649836521885,3.4057606376988203,200.1476261129118,7.256758883536585e+93,1.785825905251411e+94,1.8373451698301524e+90
2020-03-06,3018.8889945888864,3856488740.3330398,17.40303575286559,0.0,27151.028543627384,299344970.6307929,8061.266539098229,2285058179.6461244,21569.47132929069,72089.88563226702,7321.650566799879,808677998.8425404,27601.766621411836,1774718062.8725972,1077.2743342294148,231586872.22471836,-1.3533300217158362e+101,3.4093973135229962,1.294042594436802e+102,7.944371213630863e+93,1.955041381686461e+94,2.0114423409902012e+90
2020-03-13,3037.9043575719393,4082980380.9580398,16.110848254548287,0.0,27195.5612473501,360686688.17886984,8135.440685016138,2433540751.761509,21725.62499403588,63811.32793995934,7342.315226326321,881713670.1406173,28041.814758449815,1653022587.7283664,1085.1100842515302,258174567.03241068,-4.418737880646123e+101,3.4256644838526666,4.2263389235793225e+102,8.67407755937909e+93,2.134615833087769e+94,2.1961973330289245e+90
2020-03-20,3014.999800347901,3616150453.073424,17.3532955199329,0.0,27002.157561374617,326071293.9481006,8077.754794815176,2242683453.684586,21541.225193038044,64101.676497651635,7321.3126689070905,714816030.909848,28179.29883017866,1754125810.6610587,1083.3733394371072,167787139.1477953,-9.835265391517572e+101,3.76927368714937,9.408603645305973e+102,9.447127812352874e+93,2.3248568470137933e+94,2.391926607093607e+90
