,trade_Trade Policy EMV Fraction,vix_Volume,infectious_daily_infect_emv_index,GPR,sp500_Volume,Overall EMV Tracker,sp500_Close,vix_Close,dji_Close,dji_Volume,ndx_Close,ndx_Volume,n225_Close,n225_Volume,ftse_Close,ftse_Volume,hsi_Close,hsi_Volume,n100_Close,n100_Volume,trade_US Trade Policy Uncertainty,trade_Japanese Trade Policy Uncertainty
2015-01-02,,0.0,0.6,85.2519957605134,2708700000.0,13.8949613571167,2058.199951,17.790001,17832.990234,76270000.0,4230.240234000001,1435150000.0,16151.887113736288,131583.8144563493,6547.799805,367562200.0,23721.300781,1801713100.0,835.969971,333050000.0,78.98333928986672,95.09545479992829
2015-01-09,,0.0,0.91,85.2519957605134,3364140000.0,13.8949613571167,2044.810059,17.549999,17737.369141,93390000.0,4213.279785,1715830000.0,17197.730469,155200.0,6501.100098,738488500.0,23919.949219,2334809800.0,824.3900150000002,499788100.0,94.69999885628451,103.07691805195725
2015-01-16,,0.0,0.0,85.2519957605134,4056410000.0,13.8949613571167,2019.420044,20.950001,17511.570313,140480000.0,4142.1401369999985,1970520000.0,16864.160156,171100.0,6550.299805,805741900.0,24103.519531,1716809500.0,862.820007,592856800.0,112.0182463802706,111.83718274280574
2015-01-23,,0.0,0.0,85.2519957605134,3573560000.0,13.8949613571167,2051.820068,16.66,17672.599609,97110000.0,4278.1401369999985,1653830000.0,17511.75,132500.0,6832.799805,839368300.0,24850.449219,2375624000.0,911.72998,804870700.0,130.9899761130048,121.40184544691891
2015-01-30,,0.0,0.0,85.2519957605134,4568650000.0,13.8949613571167,1994.98999,20.969999,17164.949219,168560000.0,4148.430176,2264230000.0,17674.390625,173500.0,6749.399901999999,799357300.0,24507.050781,1438942200.0,906.280029,545062800.0,151.66708230566678,131.79650273874188
2015-02-06,,0.0,0.91,85.25199576051338,4232970000.0,13.8949613571167,2055.469971,17.290001,17824.289063,93610000.0,4228.680176,2034060000.0,17648.5,142500.0,6853.399901999999,648533700.0,24679.390625,1440536200.0,921.280029,500717100.0,174.10145920943626,143.04675119271957
2015-02-13,,0.0,0.93,85.25199576051338,3527450000.0,13.8949613571167,2096.98999,14.69,18019.349609,85230000.0,4384.029785,1942240000.0,17913.359375,162000.0,6873.5,734854200.0,24682.539063,1342650600.0,933.210022,672765400.0,198.3450010754927,155.17818738329663
2015-02-20,,0.0,0.46,85.2519957605134,3281600000.0,13.8949613571167,2110.300049,14.3,18140.439453,111390000.0,4443.049805,1761140000.0,18332.300781,146300.0,6915.200195,764028800.0,22937.633655332873,-1398567362.4208078,947.299988,591615200.0,224.44960215501544,168.21640788491743
2015-02-27,,0.0,0.46,85.2519957605134,3547380000.0,13.8949613571167,2104.5,13.34,18132.699219,101110000.0,4440.669922,1955590000.0,18797.939453,174700.0,6946.700195,881579100.0,24823.289063,1504213700.0,973.01001,489745900.0,252.4671566991837,182.18700927202622
2015-03-06,,0.0,1.36,85.25199576051341,3853570000.0,13.8949613571167,2071.26001,15.2,17856.779297,113350000.0,4399.22998,1918220000.0,18971.0,147100.0,6911.799805,748637900.0,24164.0,1620647200.0,980.690002,485686800.0,282.44955895917667,197.1155881190674
2015-03-13,,0.0,0.89,85.25199576051341,3498560000.0,13.8949613571167,2053.399902,16.0,17749.310547,113620000.0,4314.899902,1851410000.0,19254.25,227800.0,6740.600098000001,710321200.0,23823.210938,1538401000.0,986.039978,451240400.0,314.44870318617336,213.02774100048555
2015-03-20,,0.0,0.46,85.25199576051341,5554120000.0,13.8949613571167,2108.100098,13.02,18127.650391,333870000.0,4458.540039,2825670000.0,19560.220703,137500.0,7022.5,1419421400.0,24375.240234,2006074900.0,996.900024,962578600.0,348.51648363135223,229.94906449072482
2015-03-27,,0.0,0.0,85.2519957605134,3008550000.0,13.8949613571167,2061.02002,15.07,17712.660156,103220000.0,4332.8598630000015,1678650000.0,19285.630859,178300.0,6855.0,736697300.0,24486.199219,1610426400.0,981.960022,427087100.0,384.7047945458911,247.90515516422897
2015-04-03,,0.0,0.0,85.2519957605134,3008550000.0,13.8949613571167,1675.7592053217004,33.79570249477882,14815.704148188248,-1512620374.604388,3214.789675071728,-5925633893.19256,19435.080078,104700.0,4887.925719610408,-4230774867.555602,22718.307537323235,-1195912325.9605513,901.0395118109968,-3382671535.1348057,423.06553018096747,266.92160959544174
2015-04-10,,0.0,0.0,85.2519957605134,3156200000.0,13.8949613571167,2102.060059,12.58,18057.650391,116410000.0,4422.02002,244120000.0,19907.630859,136200.0,7089.799805,801926500.0,27272.390625,3341162700.0,1023.98999,365709700.0,463.65058478775836,287.02402435880674
2015-04-17,,0.0,0.0,85.2519957605134,3627600000.0,13.8949613571167,2081.179932,13.89,17826.300781,138860000.0,4351.799805,1985190000.0,19652.880859,188200.0,6994.600098000001,776519900.0,27653.119141000006,3105824800.0,1001.580017,732890300.0,506.5118526174406,308.2379960287675
2015-04-24,,0.0,0.0,85.2519957605134,3375780000.0,13.8949613571167,2117.689941,12.29,18080.140625,119130000.0,4536.779785,1895150000.0,20020.039063,139700.0,7070.700195,796682000.0,28060.980469,2414041400.0,1013.619995,431666300.0,551.7012279211899,330.5891211797674
2015-05-01,,0.0,0.45,86.28045586252674,3379390000.0,13.8949613571167,2108.290039,12.7,18024.060547,91700000.0,4479.060059,1854400000.0,19531.630859,154100.0,6986.0,838058900.0,38161.94413935927,11772272692.932491,1432.0891750409398,7647297643.286703,599.2706049501812,354.1029963862495
2015-05-08,,0.0,0.92,85.25328133564093,3399440000.0,13.8949613571167,2116.100098,12.86,18191.109375,94960000.0,4458.649902,1978760000.0,19379.189453,181600.0,7046.799805,1385914100.0,27577.339844,1817614400.0,989.409973,411582400.0,649.2718779555892,378.8052182226561
2015-05-15,,0.0,0.46,85.25328133564092,3092080000.0,13.8949613571167,2122.72998,12.38,18272.560547,108220000.0,4494.290039,1667260000.0,19732.919922,178400.0,6960.5,703827400.0,27822.279297000005,1754137700.0,979.849976,333386700.0,701.7569411885881,404.72138326342815
2015-05-22,,0.0,0.46,85.25328133564092,2571860000.0,13.8949613571167,2126.060059,12.13,18232.019531,78890000.0,4527.160156,1544920000.0,20264.410156,141500.0,7031.700195,621811200.0,27992.830077999995,1899363800.0,1006.22998,251918300.0,756.7776889003517,431.87708808300624
2015-05-29,,0.0,2.34,85.25328133564092,3927390000.0,13.8949613571167,2107.389893,13.84,18010.679688,139810000.0,4508.25,2024170000.0,20563.150391,241100.0,6984.399901999999,1177305700.0,27424.189452999995,3050185700.0,983.52002,596367400.0,814.3860153420528,460.29792925583
2015-06-05,,0.0,0.0,85.25328133564092,3243690000.0,13.8949613571167,2092.830078,14.21,17849.460938,89140000.0,4477.189941,1842890000.0,20460.900391,165800.0,6804.600098000001,754508500.0,27260.160156,2228885200.0,961.289978,424837300.0,874.633814764863,490.00950335633866
2015-06-12,,0.0,0.0,85.25328133564093,2719400000.0,13.8949613571167,2094.110107,13.78,17898.839844,83760000.0,4453.790039,1428900000.0,20407.080078,189900.0,6784.899901999999,592427400.0,27280.539063,1734157900.0,958.409973,338535300.0,937.5729814199512,521.0374069589709
2015-06-19,,0.0,0.0,85.25328133564092,4449810000.0,13.8949613571167,2109.98999,13.96,18015.949219,258300000.0,4513.419922,2468310000.0,20174.240234,160900.0,6710.5,1273130400.0,26760.529297,2497578900.0,946.02002,756564800.0,1003.2554095584856,553.4072366381645
2015-06-26,,0.0,0.0,85.25328133564092,5025470000.0,13.8949613571167,2101.48999,14.02,17946.679688,158120000.0,4484.279785,3843810000.0,20706.150391,140100.0,6753.700195,597278600.0,26663.869141,2473398200.0,989.299988,379173200.0,1071.732993431633,587.1445889683564
2015-07-03,,0.0,0.58,85.25328133564092,5025470000.0,13.8949613571167,2019.8910078223525,12.695479350423568,17424.569812837923,-818857506.433841,4123.481081893495,3636878160.2559605,20539.789063,145800.0,6585.799805,448998200.0,26064.109375,1888925900.0,943.789978,312539800.0,1143.0576272905614,622.2750605239844
2015-07-10,,0.0,0.0,85.25328133564093,3065070000.0,13.8949613571167,2076.6201170000004,16.83,17760.410156,85800000.0,4420.149902,1590230000.0,19779.830078,193000.0,6673.399902,699409100.0,24901.279297,3230873300.0,962.419983,684863400.0,1217.2812053864373,658.8242478794866
2015-07-17,,0.0,0.5,85.25328133564092,3362750000.0,13.8949613571167,2126.639893,11.95,18086.449219,106510000.0,4661.600098,1854450000.0,20650.919922,118100.0,6775.100098000001,584213200.0,25415.269531,1279509000.0,1004.289978,340521800.0,1294.4556219704245,696.8177476093006
2015-07-24,,0.0,0.0,85.25328133564092,3870040000.0,13.8949613571167,2079.649902,13.74,17568.529297,103470000.0,4557.370117,2004380000.0,20544.529297,110700.0,6579.799805,644793200.0,25128.509766,1134624200.0,987.469971,343896300.0,1374.6327712936845,736.2811562878637
2015-07-31,,0.0,0.0,85.25328133564092,3681340000.0,13.8949613571167,2103.840088,12.12,17689.859375,106120000.0,4588.910156,1926360000.0,20585.240234,175400.0,6696.299805,958422600.0,24636.279297,1363737600.0,987.830017,445751600.0,1457.864547607377,777.2400704896129
2015-08-07,,0.0,0.0,85.2532813356409,3602320000.0,13.8949613571167,2077.570068,13.39,17373.380859,81800000.0,4520.080078,2008360000.0,20724.560547,147000.0,6718.5,595585900.0,24552.470703,1106892000.0,998.299988,475949900.0,1544.2028451626616,819.7200867889849
2015-08-14,,0.0,0.0,85.25328133564092,2795590000.0,13.8949613571167,2091.540039,12.83,17477.400391,82120000.0,4530.740234000001,1487630000.0,20519.449219,139400.0,6550.700195,577612000.0,23991.029297,1198083100.0,960.299988,333299300.0,1633.6995582106952,863.746801760416
2015-08-21,,0.0,0.0,85.25328133564092,5018240000.0,13.8949613571167,1970.890015,28.030001,16459.75,225170000.0,4197.27002,2768540000.0,19435.830078,189900.0,6187.700195,807243600.0,22409.619141,2490613900.0,896.2800289999999,486135800.0,1726.4065810026332,909.3458119783418
2015-08-28,,0.0,0.48,85.25328133564093,3949080000.0,31.47818374633789,1988.869995,26.049999,16643.009766,131790000.0,4329.120117,1936540000.0,19136.320313,205200.0,6247.899902,868831700.0,21612.390625,3009422400.0,904.330017,369135600.0,20.829575502112576,111.38439574580171
2015-09-04,,0.0,0.47,85.25328133564093,3167090000.0,31.47818374633789,1921.219971,27.799999,16102.379883,127270000.0,4184.720215,1574720000.0,17792.160156,171100.0,6042.899902,743172100.0,20840.609375,2120922200.0,874.580017,463950500.0,-5767.248654396002,-2601.72965749143
2015-09-11,,0.0,0.46,85.25328133564092,3218590000.0,31.47818374633789,1961.050049,23.200001,16433.089844,104630000.0,4323.22998,1686190000.0,18264.220703,201500.0,6117.799805,584620900.0,21504.369141,2371639300.0,876.2199710000001,533398700.0,-17922.045304796848,-8301.588558287578
2015-09-18,,0.0,0.46,85.25328133564092,6021240000.0,31.47818374633789,1958.030029,22.280001,16384.580078,341690000.0,4323.8598630000015,3272150000.0,18070.210938,172000.0,6104.100098,1508172800.0,21920.830078,2054752700.0,875.909973,758938200.0,-38727.77757180556,-18059.784517196866
2015-09-25,,0.0,0.0,85.25328133564092,3721870000.0,31.47818374633789,1931.339966,23.620001,16314.669922,130790000.0,4224.740234000001,2050530000.0,17880.509766,184800.0,6109.0,837519200.0,21186.320313,1728956700.0,865.599976,398108200.0,-70468.66265152725,-32947.909744773504
2015-10-02,,0.0,0.0,85.2532813356409,4378570000.0,31.47818374633789,1951.359985,20.940001,16472.369141,136870000.0,4267.450195,2183320000.0,17725.130859,125300.0,6130.0,861807200.0,21506.089844,2161215700.0,859.7999880000001,1025210700.0,-115428.91774006705,-54037.55645157166
2015-10-09,,0.0,0.0,85.2532813356409,3706900000.0,31.47818374633789,2014.890015,17.08,17084.490234,103730000.0,4370.009765999999,1804260000.0,18438.669922,185000.0,6416.200195,745150000.0,22458.800781,2403310800.0,904.619995,758861100.0,-175892.76003353,-82400.31684814545
2015-10-16,,0.0,0.93,85.25328133564092,3595430000.0,31.47818374633789,2033.109985,15.05,17215.970703,145880000.0,4438.620117,1855290000.0,18291.800781,129600.0,6378.0,592309300.0,23067.369141,1922580500.0,908.179993,504763300.0,-254144.40672802104,-119107.78314504895
2015-10-23,,0.0,0.0,85.25328133564093,4108460000.0,31.47818374633789,2075.149902,14.46,17646.699219,158090000.0,4624.089844,2178270000.0,18825.300781,147500.0,6444.100098,749535500.0,23151.939453,1495348200.0,946.280029,616654100.0,-352468.0750196449,-165231.54755283624
2015-10-30,,0.0,0.45,85.25328133564093,4256200000.0,31.47818374633789,2079.360107,15.07,17663.539063,149250000.0,4648.830078,2016390000.0,19083.099609,182000.0,6361.100098,716340400.0,22640.039063,1537138400.0,941.710022,566442100.0,-473147.98210450634,-221843.20228206133
2015-11-06,,0.0,0.0,85.25328133564092,4369020000.0,31.47818374633789,2099.199951,14.33,17910.330078,107450000.0,4707.22998,2066430000.0,19265.599609,121300.0,6353.799805,711572600.0,22867.330078,1394990300.0,957.25,273562000.0,-618468.3451787101,-290014.33954327804
2015-11-13,,0.0,0.47,85.25328133564092,4278750000.0,31.47818374633789,2023.040039,20.08,17245.240234,134640000.0,4502.1401369999985,2001050000.0,19596.910156,139100.0,6118.299805,681574100.0,22396.140625,2002495500.0,928.169983,226101900.0,-790713.3814383605,-370816.55154703965
2015-11-20,,0.0,1.41,85.25328133564092,3929600000.0,31.47818374633789,2089.169922,15.47,17823.810547,153140000.0,4686.3598630000015,1766630000.0,19879.810547,109700.0,6334.600098,808632500.0,22754.720703,1230928400.0,952.099976,227657300.0,-992167.3080795633,-465321.43050389935
2015-11-27,,0.0,0.0,85.25328133564092,1466840000.0,31.47818374633789,2090.110107,15.12,17813.390625,82540000.0,4680.470215,781730000.0,19883.939453,114600.0,6375.200195,471764000.0,22068.320313,2107988400.0,959.880005,160239600.0,-1225114.3422984234,-574600.5686244102
2015-12-04,,0.0,0.0,85.2532813356409,4214910000.0,31.47818374633789,2091.689941,14.81,17847.630859,137650000.0,4716.120117,1897490000.0,19504.480469,134100.0,6238.299805,662790200.0,22235.890625,1607921200.0,919.26001,291476000.0,-1491838.7012910447,-699725.5581191252
2015-12-11,,0.0,0.0,85.2532813356409,4301060000.0,31.47818374633789,2012.369995,24.389999,17265.210938,134510000.0,4537.560059,2084950000.0,19230.480469,165800.0,5952.799805,805984900.0,21464.050781,1399114000.0,885.0399779999998,279463400.0,-1794624.602253531,-841767.9911985977
2015-12-18,,0.0,0.0,85.2532813356409,6683070000.0,31.47818374633789,2005.550049,20.700001,17128.550781,344560000.0,4514.830078,3765210000.0,18986.800781,199200.0,6052.399902,1234966800.0,21755.560547,1774171000.0,899.75,402068200.0,-2135756.2623819867,-1001799.4600733807
2015-12-25,,0.0,0.9,85.25328133564092,6683070000.0,31.47818374633789,2306.2785380861887,-29.838035156581284,19128.328503209275,1195289626.7567446,5244.152481704239,11311537241.076302,18769.060547,122600.0,7224.262239011639,2675243430.086955,26490.854561326036,2172090865.3472633,998.2432462476518,1152900609.8643851,-2517517.8988725124,-1180891.5569540262
2016-01-01,,0.0,1.58,142.4772198231344,6683070000.0,31.47818374633789,3149.603897344751,-160.80215062632516,24955.22221983708,3114188507.0269785,7321.749577816956,29097198964.3052,18643.178896632242,-200956.4761267812,10155.548959046544,5852322320.34782,39050.3674623041,2031872261.3890486,1215.372886990605,3025570839.4575405,-2942193.728921205,-1380115.8740510843
2016-01-08,,0.0,1.51,85.3218129985002,4664940000.0,31.47818374633789,1922.030029,27.01,16346.450195,141850000.0,4270.779785,2288750000.0,17697.960938,184300.0,5912.399902,809964200.0,20453.710938,2078133200.0,850.0200199999998,257106500.0,-3412067.969724156,-1600544.0035751043
2016-01-15,,0.0,0.0,85.32181299850018,5468460000.0,31.47818374633789,1880.329956,27.02,15988.080078,239210000.0,4141.080078,2818630000.0,17147.109375,167800.0,5804.100098,1084338100.0,19520.769531,1932607600.0,827.530029,356096500.0,-3929424.838477457,-1843247.5377366329
2016-01-22,,0.0,1.0,85.32181299850018,4901760000.0,31.47818374633789,1906.900024,22.34,16093.509766,145850000.0,4259.77002,2153340000.0,16958.529297,186800.0,5900.0,879968100.0,19080.509766,2388446600.0,853.4699710000001,304518900.0,-4496548.552377192,-2109298.068746216
2016-01-29,,0.0,0.49,85.32181299850018,5497570000.0,31.47818374633789,1940.23999,20.200001,16466.300781,217940000.0,4279.169922,2607550000.0,17518.300781,294400.0,6083.799805,988153400.0,19683.109375,2350176600.0,874.2999880000001,295182600.0,-5115723.328619441,-2399767.1888144007
2016-02-05,,0.0,0.49,85.32181299850019,4929940000.0,31.47818374633789,1880.050049,23.379999,16204.969727000003,139010000.0,4024.469971,2479280000.0,16819.589844,259900.0,5848.100098,954158300.0,19288.169922,1264808100.0,830.869995,340022100.0,-5789233.384400282,-2715726.4901517294
2016-02-12,,0.0,0.0,85.32181299850019,4696920000.0,31.47818374633789,1864.780029,25.4,15973.839844,132550000.0,4019.189941,1983190000.0,14952.610352000003,340500.0,5707.600098,1083597100.0,18319.580078,2019813200.0,789.72998,336887900.0,-6519362.9369157925,-3058247.5649687424
2016-02-19,,0.0,2.94,85.32181299850019,4142850000.0,31.47818374633789,1917.780029,20.530001,16391.990234,134340000.0,4164.089844,1903770000.0,15967.169922,161700.0,5950.200195,692901300.0,19285.5,1268689800.0,829.48999,248256900.0,-7308396.20336204,-3428402.0054759784
2016-02-26,,0.0,0.0,85.32181299850019,4348510000.0,31.47818374633789,1948.050049,19.809999,16639.970703,98480000.0,4235.620117,1814920000.0,16188.410156,147400.0,6096.0,858937600.0,19364.150391,1633549100.0,842.419983,255468400.0,-8158617.40093508,-3827261.403883978
2016-03-04,,0.0,0.36,85.3218129985002,6049930000.0,31.47818374633789,1999.98999,16.860001,17006.769531,106910000.0,4329.0,2171230000.0,17014.779297,183600.0,6199.399902,866051300.0,20176.699219,1907805100.0,869.650024,247456100.0,-9072310.746830955,-4255897.352403274
2016-03-11,,0.0,0.38,85.32181299850019,4078620000.0,31.47818374633789,2022.189941,16.5,17213.310547,123420000.0,4361.830078,1801790000.0,16938.869141,198000.0,6139.799805,721703700.0,20199.599609,1970725700.0,874.659973,289613500.0,-10051760.45824571,-4715381.443244388
2016-03-18,,0.0,0.0,85.32181299850018,6503140000.0,31.47818374633789,2049.580078,14.02,17602.300781,321230000.0,4410.830078,2829040000.0,16724.810547,155700.0,6189.600098,1129194800.0,20671.630859,2091585400.0,874.9400019999998,451530900.0,-11099250.752375383,-5206785.268617831
2016-03-25,,0.0,0.75,85.32181299850018,6503140000.0,31.47818374633789,2149.9753771760134,0.9463148810404931,18751.35919801837,939654577.3346624,4613.610313059933,8395631357.745749,17002.75,126500.0,6752.322745807873,2880663467.783439,23911.043285800333,2452008245.6419315,911.802647015319,784425198.9239895,-12217065.846416,-5731180.420734115
2016-04-01,,0.0,0.72,84.74242408908384,3749990000.0,31.47818374633789,2072.780029,13.1,17792.75,104890000.0,4532.080078,1812250000.0,16164.160156,178400.0,6146.100098,747479000.0,20498.919922,1633594800.0,854.070007,269830500.0,-13407489.957563587,-6289638.49180375
2016-04-08,,0.0,1.43,85.32112975686172,3359530000.0,31.47818374633789,2047.599976,15.36,17576.960938,79990000.0,4474.930176,1588830000.0,15821.519531,176800.0,6204.399902,622127800.0,20370.400391,1435612200.0,848.909973,208758500.0,-14672807.303014152,-6883231.074037245
2016-04-15,,0.0,1.05,85.32112975686172,3701450000.0,31.47818374633789,2080.72998,13.62,17897.460938,118160000.0,4543.160156,1684790000.0,16848.029297,133300.0,6343.799805,780841700.0,21316.470703,1413648900.0,883.590027,234238100.0,-16015302.099963702,-7513029.759645106
2016-04-22,,0.0,2.88,85.32112975686172,3790580000.0,31.47818374633789,2091.580078,13.22,18003.75,134120000.0,4474.189941,2018930000.0,17572.490234,228300.0,6310.399902,675930800.0,21467.039063,1282700700.0,894.320007,204476200.0,-17437258.56560822,-8180106.140837833
2016-04-29,,0.0,0.34,85.32112975686172,4704720000.0,31.47818374633789,2065.300049,15.7,17773.640625,136670000.0,4341.299805,2376460000.0,15767.006184178637,673201.1612533353,6241.899902,865553800.0,21067.050781,1603138400.0,869.8900150000002,259534500.0,-18940960.917143658,-8885531.809825912
2016-05-06,,0.0,1.11,85.32112975686172,3796350000.0,31.47818374633789,2057.139893,14.72,17740.630859,80020000.0,4330.169922,1860800000.0,16106.719727000003,148100.0,6125.700195,698735000.0,20109.869141,1725801800.0,850.409973,213741600.0,-20528693.371765926,-9630378.358819835
2016-05-13,,0.0,0.71,85.32112975686171,3579880000.0,31.47818374633789,2046.609985,15.04,17535.320313,86640000.0,4326.529785,1698030000.0,16412.210938,171600.0,6138.5,646363000.0,19719.289063,1758498600.0,854.2299800000002,209178400.0,-22202740.146670923,-10415717.380030084
2016-05-20,,0.0,0.0,85.32112975686171,3507650000.0,31.47818374633789,2052.320068,15.2,17500.939453,111990000.0,4362.899902,1970520000.0,16736.349609,126300.0,6156.299805,780582600.0,19852.199219,1247729300.0,857.3900150000002,209993200.0,-23965385.45905453,-11242620.465667129
2016-05-27,,0.0,0.37,85.32112975686171,3079150000.0,31.47818374633789,2099.060059,13.12,17873.220703,73190000.0,4512.540039,1505020000.0,16834.839844,108400.0,6270.799805,559788200.0,20576.769531,1611353900.0,886.5,178398500.0,-25818913.5261126,-12112159.207941428
2016-06-03,,0.0,0.0,85.32112975686172,3627780000.0,31.47818374633789,2099.129883,13.47,17807.060547,82270000.0,4509.790039,1697840000.0,16642.230469,107300.0,6209.600098,640902800.0,20947.240234,1869294300.0,872.6099849999998,200998300.0,-27765608.56504096,-13025405.199063435
2016-06-10,,0.0,0.39,85.32112975686172,3515010000.0,31.47818374633789,2096.070068,17.030001000000002,17865.339844,90540000.0,4461.049805,1822200000.0,16601.359375,155000.0,6115.799805,725887400.0,21042.640625,1640607200.0,852.099976,226796400.0,-29807754.79303544,-13983430.031243581
2016-06-17,,0.0,0.4,85.32112975686172,4952630000.0,31.47818374633789,2071.219971,19.41,17675.160156,248680000.0,4374.379883,2638220000.0,15599.660156,167200.0,6021.100098,1274460400.0,20169.980469,2193634100.0,829.880005,414017000.0,-31947636.427291885,-14987305.29669227
2016-06-24,,0.0,0.0,85.32112975686172,7597450000.0,31.47818374633789,2037.410034,25.76,17400.75,239000000.0,4285.700195,4411040000.0,14952.019531,263000.0,6138.700195,3761301300.0,20259.130859,3953268600.0,819.98999,775605600.0,-34187537.68500611,-16038102.587619886
2016-07-01,,0.0,1.25,128.4129957184677,3458890000.0,31.47818374633789,2102.949951,14.77,17949.369141,82160000.0,4437.450195,1745130000.0,15682.480469,119900.0,6577.799805,1066211600.0,24023.835807852593,7026780484.05409,853.159973,240767300.0,-36529742.78337391,-17136893.496236794
2016-07-08,,0.0,0.43,85.37117838167194,3607500000.0,31.47818374633789,2129.899902,13.2,18146.740234,93460000.0,4528.3598630000015,1947260000.0,15106.980469,129500.0,6590.600098,909700100.0,20564.169922,1194770200.0,838.75,234699700.0,-38976535.93959102,-18284749.61475335
2016-07-15,,0.0,0.41,85.37117838167194,3122600000.0,31.47818374633789,2161.73999,12.67,18516.550781,123690000.0,4589.830078,1610300000.0,16497.849609,171900.0,6669.200195,814067900.0,21659.25,1784843200.0,864.820007,193178400.0,-41530201.37085311,-19482742.535379887
2016-07-22,,0.0,0.0,85.37117838167195,3023280000.0,31.47818374633789,2175.030029,12.02,18570.849609,87710000.0,4666.069824,1639000000.0,16627.25,100800.0,6730.5,694731500.0,21964.269531,1120997900.0,869.3099980000002,159614900.0,-44193023.29435572,-20731943.850326702
2016-07-29,,0.0,1.24,85.37117838167195,4038840000.0,31.47818374633789,2173.600098,11.87,18432.240234,111550000.0,4730.22998,2072640000.0,16569.269531,234600.0,6724.399901999999,896711900.0,21891.369141,1745509100.0,876.01001,260779100.0,-46967285.92729436,-22033425.151804067
2016-08-05,,0.0,0.0,85.37117838167195,3663070000.0,31.47818374633789,2182.8701170000004,11.39,18543.529297,92420000.0,4791.209961,2017720000.0,16254.450195,129400.0,6793.5,854685300.0,22146.089844,1163973600.0,869.6099849999998,186356100.0,-49855273.48686449,-23388258.032022245
2016-08-12,,0.0,0.4,85.37117838167197,3000660000.0,31.47818374633789,2184.050049,11.55,18576.470703,61580000.0,4807.080078,1501620000.0,16919.919922,119100.0,6916.0,666188200.0,22766.910156,2316030200.0,885.3099980000002,135722200.0,-52859270.19026156,-24797514.083191536
2016-08-19,,0.0,0.0,85.37117838167195,3084800000.0,31.47818374633789,2183.8701170000004,11.34,18552.570313,93170000.0,4806.1401369999985,1632740000.0,16545.820313,121900.0,6859.0,682389000.0,22937.220703,2095546700.0,868.590027,160587500.0,-55981560.25468092,-26262264.89752218
2016-08-26,,0.0,0.0,85.37117838167195,3342340000.0,31.47818374633789,2169.040039,13.65,18395.400391,78730000.0,4783.689941,1591060000.0,16360.709961000002,104600.0,6838.100098000001,516535900.0,22909.539063,1600056800.0,876.25,140599900.0,-59224427.8973179,-27783582.06722437
2016-09-02,,0.0,0.0,85.37117838167195,3091120000.0,31.47818374633789,2179.97998,11.98,18491.960938,74350000.0,4798.740234000001,1474200000.0,16925.679688,116200.0,6894.600098000001,1148353400.0,23266.699219,2510528100.0,895.679993,224200500.0,-62590157.3353678,-29362537.18450828
2016-09-09,,0.0,0.0,85.37117838167195,4233960000.0,31.47818374633789,2127.810059,17.5,18085.449219,120670000.0,4681.540039,2208690000.0,16965.759766,123900.0,6777.0,768674900.0,24099.699219,2771690800.0,882.98999,191186600.0,-66081032.78602585,-31000201.841584057
2016-09-16,,0.0,0.38,85.37117838167195,5014360000.0,31.47818374633789,2139.159912,15.37,18123.800781,278510000.0,4818.049805,3013860000.0,16519.289063,127100.0,6710.299805,1346126200.0,25369.193357636723,-591505313.6882496,857.7199710000001,443055300.0,-69699338.46648717,-32697647.630661815
2016-09-23,,0.0,0.36,85.37117838167195,3317190000.0,31.47818374633789,2164.689941,12.29,18261.449219,87170000.0,4858.910156,1761330000.0,16754.019531,138000.0,6909.399901999999,738083700.0,23686.480469,1872873700.0,886.73999,170599000.0,-73447358.59394675,-34455946.143951625
2016-09-30,,0.0,0.38,85.37117838167195,4173340000.0,31.47818374633789,2168.27002,13.29,18308.150391,135470000.0,4875.700195,2059800000.0,16449.839844,124400.0,6899.299805,1148617200.0,23297.150391,1674842700.0,881.4799800000002,271389100.0,-77327377.38559952,-36276168.973663524
2016-10-07,,0.0,0.0,85.37117838167197,3619890000.0,31.47818374633789,2153.73999,13.48,18240.490234,82680000.0,4864.52002,1646650000.0,16860.089844,100300.0,7044.399901999999,1359993500.0,23851.820313,1137835500.0,877.4500119999999,248826100.0,-81341679.0586403,-38159387.71200749
2016-10-14,,0.0,0.36,85.37117838167197,3228150000.0,31.47818374633789,2132.97998,16.120001000000002,18138.380859,87050000.0,4808.47998,1594480000.0,16856.369141,109400.0,7013.600098000001,846003100.0,23233.310547,1500768600.0,884.5499880000001,202533100.0,-85492547.83026391,-40106673.95119344
2016-10-21,,0.0,0.37,85.37117838167195,3448850000.0,31.47818374633789,2141.159912,13.34,18145.710938,117810000.0,4851.8598630000015,1649470000.0,17184.589844,114200.0,7020.5,735110600.0,19344.798653674618,2526371487.2428055,894.8699949999999,204063000.0,-89782267.9176651,-42119099.28343119
2016-10-28,,0.0,0.0,85.37117838167195,4019510000.0,13.282416343688965,2126.409912,16.190001000000002,18161.189453,107850000.0,4805.589844,1895970000.0,17446.410156,167900.0,6996.299805,927919200.0,22954.810547,1215041700.0,889.6199949999999,210943500.0,83.53837133955706,243.3046228767621
2016-11-04,,0.0,0.0,85.37117838167195,3837860000.0,13.282416343688965,2085.179932,22.51,17888.279297,97760000.0,4660.459961,2015130000.0,16905.359375,134800.0,6693.299805,875842600.0,22642.619141,1014413400.0,856.6900019999998,213214600.0,303309782.14953077,142291073.50075853
2016-11-11,,0.0,0.0,85.37117838167195,4988050000.0,13.282416343688965,2164.449951,14.17,18847.660156,107300000.0,4751.950195,2285050000.0,17374.789063,241800.0,6730.399901999999,1079211900.0,22531.089844,2105351100.0,867.75,273204700.0,939602103.5274985,440793110.9927656
2016-11-18,,0.0,0.0,85.37117838167194,3572400000.0,13.282416343688965,2181.899902,12.85,18867.929688,109880000.0,4808.040039,1858610000.0,17967.410156,166800.0,6775.799805,866734900.0,22344.210938,1128764800.0,870.159973,223896200.0,2028332323.283959,951546075.4684341
2016-11-25,,0.0,0.0,85.37117838167194,1584600000.0,13.282416343688965,2213.350098,12.34,19152.140625,45890000.0,4870.02002,768070000.0,18381.220703,164900.0,6840.799805,477578100.0,22723.449219,1385320300.0,882.179993,129729900.0,3688955717.0305963,1730589686.6155536
2016-12-02,,0.0,0.0,85.37117838167195,3779500000.0,13.282416343688965,2191.949951,14.12,19170.419922,84920000.0,4739.370117,1848930000.0,18426.080078,197200.0,6730.700195,687199300.0,22564.820313,2479074200.0,872.0,222771100.0,6040927560.379092,2833963664.1219134
2016-12-09,,0.0,0.0,85.37117838167195,3884480000.0,13.282416343688965,2259.530029,11.75,19756.849609,334470000.0,4895.899902,2038700000.0,18996.369141,212300.0,6954.200195,803052200.0,22760.980469,1576021700.0,913.059998,247611000.0,9203703128.941128,4317707727.675302
2016-12-16,,0.0,0.37,85.37117838167195,5920340000.0,13.282416343688965,2258.070068,12.2,19843.410156,573470000.0,4914.8598630000015,3257750000.0,19401.150391,148700.0,7011.600098000001,1113082800.0,22020.75,1899711800.0,925.849976,397594000.0,13296737698.328388,6237861596.963504
2016-12-23,,0.0,0.0,85.37117838167197,2020550000.0,13.282416343688965,2263.790039,11.44,19933.810547,158260000.0,4940.02002,1144280000.0,18441.313889659825,-66454.33615490724,7068.200195,186159300.0,21574.759766,1775512200.0,930.169983,98168400.0,18439486544.152546,8650464991.674307
2016-12-30,,0.0,0.0,85.37117838167195,2670900000.0,13.282416343688965,2238.830078,14.04,19762.599609,271910000.0,4863.620117,1550820000.0,19114.369141,117800.0,7142.799805,316700000.0,22000.560547,2396676500.0,933.890015,106387900.0,24751404942.025246,11611557631.495491
2017-01-06,,0.0,0.0,85.37117838167195,3339890000.0,13.282416343688965,2276.97998,11.32,19963.800781,277700000.0,5007.080078,1710770000.0,19454.330078,119100.0,7210.100098000001,694323700.0,22503.009766,1389973700.0,941.710022,147799900.0,32351948167.558113,15177179236.11483
2017-01-13,,0.0,0.37,85.37117838167195,3081270000.0,13.282416343688965,2274.639893,11.23,19885.730469,263780000.0,5059.509765999999,1605110000.0,19287.279297,119100.0,7337.799805,811899400.0,22937.380859,1371840300.0,943.26001,189395300.0,41360571496.36278,19403369525.22009
2017-01-20,,0.0,0.0,85.37117838167195,3524970000.0,13.282416343688965,2271.310059,11.54,19827.25,435260000.0,5063.200195,1740320000.0,19137.910156,125800.0,7198.399901999999,819057000.0,22885.910156,1207476100.0,935.25,235931500.0,51896730204.05078,24346168218.499
2017-01-27,,0.0,0.0,85.37117838167194,3135890000.0,13.282416343688965,2294.689941,10.58,20093.779297,343130000.0,5168.060059,1663400000.0,19467.400391,134600.0,7184.5,876491800.0,23360.779297,777897700.0,934.119995,167643500.0,64079879566.2336,30061615035.639267
2017-02-03,,0.0,0.37,85.37117838167195,3597970000.0,13.282416343688965,2297.419922,10.97,20071.460938,344220000.0,5161.600098,1786860000.0,18918.199219,140900.0,7188.299805,786535500.0,23129.210938,1339282100.0,932.52002,194189500.0,78029474858.52261,36605749696.32854
2017-02-10,,0.0,0.0,85.37117838167195,3475020000.0,13.282416343688965,2316.100098,10.85,20269.369141,312230000.0,5226.689941,1852010000.0,19378.929688,149400.0,7258.799805,875649700.0,23574.980469,2143167300.0,933.940002,231591700.0,93864971356.52914,44034611920.25444
2017-02-17,,0.0,0.37,85.37117838167195,3513060000.0,13.282416343688965,2351.159912,11.49,20624.050781,340620000.0,5324.720215,1875580000.0,19234.619141,143600.0,7300.0,801785200.0,24033.740234,2302691000.0,944.400024,265855900.0,111705824335.86462,52404241427.10452
2017-02-24,,0.0,0.73,85.37117838167197,3831570000.0,13.282416343688965,2367.340088,11.47,20821.759766,292540000.0,5343.310059,1683280000.0,19283.539063,148900.0,7243.700195,855350300.0,23965.699219,1750717000.0,940.299988,243456500.0,131671489072.14038,61770677936.56624
2017-03-03,,0.0,0.0,85.37117838167194,3555260000.0,13.282416343688965,2383.1201170000004,10.96,21005.710938,254420000.0,5373.47998,1852130000.0,19469.169922,111000.0,7374.299805,850603100.0,23552.720703,2387983900.0,963.210022,244541700.0,153881420840.96753,72189961168.32697
2017-03-10,,0.0,0.35,85.37117838167194,3432950000.0,13.282416343688965,2372.600098,11.66,20902.980469,315430000.0,5385.899902,1982150000.0,19604.609375,155300.0,7343.100098000001,919722100.0,23568.669922,1534086200.0,964.47998,231878900.0,178455074917.95703,83718130842.0741
2017-03-17,,0.0,0.0,85.37117838167195,5178040000.0,13.282416343688965,2378.25,11.28,20914.619141,535280000.0,5408.759765999999,3184130000.0,19521.589844,137100.0,7425.0,1516668800.0,24309.929688,2512650300.0,973.140015,362797800.0,205511906578.7196,96411226677.4949
2017-03-24,,0.0,0.0,85.37117838167195,2975130000.0,13.282416343688965,2343.97998,12.96,20596.720703,292980000.0,5364.0,1841920000.0,19262.529297,127700.0,7336.799805,633190500.0,24358.269531,1784280200.0,969.01001,0.0,235171371098.86548,110325288394.27655
2017-03-31,,0.0,0.0,85.37117838167194,3354110000.0,13.282416343688965,2362.719971,12.37,20663.220703,303770000.0,5436.22998,1902800000.0,18909.259766,149200.0,7322.899901999999,957012600.0,24111.589844,1733165500.0,986.27002,0.0,267552923754.00446,125516355712.10611
2017-04-07,,0.0,0.0,85.37117838167194,3053150000.0,13.282416343688965,2355.540039,12.87,20656.099609,219730000.0,5418.370117,1692150000.0,18664.630859,161600.0,7349.399901999999,780587700.0,24267.300781,2253021500.0,990.210022,180677100.0,302776019819.74585,142040468350.6704
2017-04-14,,0.0,0.0,85.37117838167194,3053150000.0,13.282416343688965,2184.429827140548,20.543017695450196,19699.710851853393,-700926037.7724133,4976.949324386807,-2614447965.8251657,18335.630859,0.0,7255.0019836535575,-3166823766.835375,25442.79043493497,1974982597.3726263,922.2593346553972,-42151839.364575505,340960114571.6985,159953666029.65625
2017-04-21,,0.0,0.0,85.37117838167195,3503360000.0,13.282416343688965,2348.689941,14.63,20547.759766,369600000.0,5442.049805,1723210000.0,18620.75,113200.0,7114.600098000001,896918700.0,24042.019531,1345955400.0,976.530029,0.0,382224663285.4707,179311988468.75024
2017-04-28,,0.0,0.36,85.37117838167195,3718270000.0,17.03865623474121,2384.199951,10.82,20940.509766,329990000.0,5583.529785,1995160000.0,19196.740234,117800.0,7203.899901999999,1148718800.0,24615.130859,1181584600.0,1010.929993,0.0,153.35011477760236,169.65927612168366
2017-05-05,,0.0,0.0,85.37117838167194,3540140000.0,17.03865623474121,2399.290039,10.57,21006.939453,260960000.0,5646.089844,1899570000.0,19394.302037153568,-638911.8132314257,7297.399901999999,881277700.0,24476.349609,2024201800.0,1043.23999,0.0,-1346614546045.7974,-631733519498.3141
2017-05-12,,0.0,0.78,85.37117838167194,3305630000.0,17.03865623474121,2390.899902,10.4,20896.609375,288500000.0,5686.810059,1740960000.0,19883.900391,136800.0,7435.399901999999,852716600.0,25156.339844,1417408900.0,1041.310059,0.0,-4198519646533.1064,-1969639791165.8674
2017-05-19,,0.0,0.39,85.37117838167195,3825160000.0,17.03865623474121,2381.72998,12.04,20804.839844,365180000.0,5651.560059,1905520000.0,19590.759766,115600.0,7470.700195,820231400.0,25174.869141,1312777700.0,1026.040039,0.0,-9096615972529.71,-4267470035463.6987
2017-05-26,,0.0,0.0,85.37117838167195,2805040000.0,17.03865623474121,2415.820068,9.81,21080.279297,208000000.0,5788.3598630000015,1571040000.0,19686.839844,84500.0,7547.600098000001,773534000.0,25639.269531,1453713000.0,1028.060059,0.0,-16581804195256.742,-7778975473022.506
2017-06-02,,0.0,0.0,85.37117838167195,3461680000.0,17.03865623474121,2439.070068,9.75,21206.289063,329700000.0,5881.459961,1820000000.0,20177.279297,150400.0,7547.600098000001,799553200.0,25924.050781,1990193800.0,1030.430054,0.0,-27194984985935.33,-12757907324472.984
2017-06-09,,0.0,0.0,85.37117838167194,4027340000.0,17.03865623474121,2431.77002,10.7,21271.970703,397200000.0,5741.939941,3152050000.0,20013.259766,145300.0,7527.299805,1079740000.0,26030.289063,2889395400.0,1023.830017,0.0,-41477059015786.59,-19458016810445.816
2017-06-16,,0.0,0.0,85.37117838167194,5284720000.0,17.03865623474121,2433.149902,10.38,21384.279297,603260000.0,5681.47998,3120640000.0,19943.259766,135300.0,7463.5,1889237700.0,25626.490234,1699429200.0,1017.289978,0.0,-59968926956031.625,-28133055151571.68
2017-06-23,,0.0,0.42,85.37117838167195,5278330000.0,17.03865623474121,2438.300049,10.02,21394.759766,368400000.0,5803.1098630000015,2704600000.0,20132.669922,80500.0,7424.100098000001,608960600.0,25670.050781,1302570300.0,1013.909973,0.0,-83211489477891.5,-39036773568481.22
2017-06-30,,0.0,0.0,85.37117838167197,3361590000.0,17.03865623474121,2423.409912,11.18,21349.630859,313260000.0,5646.919922,1998330000.0,20033.429688,116600.0,7312.700195,978353300.0,25764.580078,1616948900.0,986.219971,0.0,-111745647252587.19,-52422923281805.03
2017-07-07,,0.0,0.0,85.37117838167197,2901330000.0,17.03865623474121,2425.179932,11.19,21414.339844,242240000.0,5656.470215,1700630000.0,19929.089844,91900.0,7350.899901999999,670643200.0,25340.849609,1480481500.0,989.640015,0.0,-146112300951339.5,-68545255512173.66
2017-07-14,,0.0,0.0,85.37117838167195,2736640000.0,17.03865623474121,2459.27002,9.51,21637.740234,235590000.0,5838.080078,1608120000.0,20118.859375,83100.0,7378.399901999999,827118400.0,26389.230469,1744841800.0,1008.72998,0.0,-186852351245369.2,-87657521480217.6
2017-07-21,,0.0,0.0,85.37117838167195,3059570000.0,17.03865623474121,2472.540039,9.36,21580.070313,362830000.0,5921.529785,1797100000.0,20099.75,78700.0,7452.899901999999,701091300.0,26706.089844,1502400500.0,995.23999,0.0,-234506698805896.88,-110013472406567.34
2017-07-28,,0.0,0.0,85.37117838167195,3294770000.0,14.35185432434082,2472.100098,10.29,21830.310547,285630000.0,5908.919922,1860770000.0,19959.839844,108500.0,7368.399901999999,798028700.0,26979.390625,1456040200.0,1000.73999,0.0,92.14345483723395,149.65201246389725
2017-08-04,,0.0,0.43,85.37117838167195,3235140000.0,14.35185432434082,2476.830078,10.03,22092.810547,253640000.0,5899.910156,1907170000.0,19952.330078,76500.0,7511.700195,753461700.0,27562.679688,1464939100.0,1012.150024,0.0,883345527581867.1,414401419315700.06
2017-08-11,,0.0,0.0,85.37117838167197,3159930000.0,14.35185432434082,2441.320068,15.51,21858.320313,237790000.0,5831.529785,1794850000.0,20318.019767310696,-153324.35595256003,7310.0,744594900.0,26883.509766000006,3133494700.0,986.179993,0.0,2782207666348697.5,1305209309115850.8
2017-08-18,,0.0,0.0,85.37117838167195,3415680000.0,14.35185432434082,2425.550049,14.26,21674.509766,309070000.0,5790.910156,1964590000.0,19470.410156,95700.0,7324.0,719309100.0,27047.570313,1691600400.0,995.809998,0.0,6063264198709853.0,2844442192976368.5
2017-08-25,,0.0,0.0,85.37117838167195,2588780000.0,14.35185432434082,2443.050049,11.28,21813.669922,217570000.0,5822.529785,1442900000.0,19452.609375,70700.0,7401.5,498099600.0,27848.160156,3791271400.0,992.5,0.0,1.10931929070746e+16,5204118594473018.0
2017-09-01,,0.0,0.37,147.66051546713092,2710730000.0,14.35185432434082,2476.550049,10.13,21987.560547,256240000.0,5987.899902,1488040000.0,19691.470703,79400.0,7438.5,536515100.0,27953.160156,1754523000.0,997.51001,0.0,1.82386715738522e+16,8556257037181560.0
2017-09-08,,0.0,1.14,85.43873731560411,3302490000.0,14.35185432434082,2461.429932,12.12,21797.789063,289400000.0,5913.370117,1785560000.0,19274.820313,106600.0,7377.600098000001,600535800.0,27668.470702999995,1416125500.0,999.890015,0.0,2.786637798145192e+16,1.3072876044677744e+16
2017-09-15,,0.0,0.0,85.43873731560411,4853170000.0,14.35185432434082,2500.22998,10.17,22268.339844,527540000.0,5988.0,2821110000.0,19909.5,111900.0,7215.5,1416161300.0,27807.589844,2164173900.0,1016.049988,0.0,4.0342989912283e+16,1.8925994140537308e+16
2017-09-22,,0.0,0.0,85.43873731560411,2865960000.0,14.35185432434082,2502.219971,9.59,22349.589844,297140000.0,5932.319824,1639100000.0,20296.449219,95400.0,7310.600098000001,625557800.0,27880.529297000005,1379309700.0,1022.5,165705700.0,5.603518514875466e+16,2.6287629848335976e+16
2017-09-29,,0.0,0.0,85.43873731560411,3211920000.0,14.35185432434082,2519.360107,9.51,22405.089844,274790000.0,5979.299805,1967720000.0,20356.279297,85100.0,7372.799805,728387400.0,27554.300781,1665527400.0,1036.540039,202519500.0,7.530964147327608e+16,3.5329801691649456e+16
2017-10-06,,0.0,0.38,85.43873731560413,2884570000.0,14.35185432434082,2549.330078,9.65,22773.669922,221450000.0,6064.569824,1742470000.0,20690.710938,75900.0,7522.899901999999,673882500.0,28458.039063,1967890900.0,1043.329956,171187500.0,9.853303666825642e+16,4.622452819405339e+16
2017-10-13,,0.0,0.0,85.43873731560411,3149440000.0,14.35185432434082,2553.169922,9.61,22871.720703,259560000.0,6092.450195,1756150000.0,21155.179688,110500.0,7535.399901999999,666480800.0,28476.429688,1616416300.0,1048.180054,159270500.0,1.260720485161048e+17,5.914382787912346e+16
2017-10-20,,0.0,0.37,85.43873731560411,3384650000.0,14.35185432434082,2575.209961,9.97,23328.630859,474380000.0,6108.819824,1794810000.0,21457.640625,85700.0,7523.200195,732296700.0,28487.240234,1493189400.0,1049.589966,203161300.0,1.5829335479923e+17,7.425971927043533e+16
2017-10-27,,0.0,0.0,85.43873731560411,3887110000.0,14.35185432434082,2581.070068,9.8,23434.189453,518870000.0,6213.470215,2403600000.0,22008.449219,120400.0,7505.0,844552500.0,28438.849609,2255521100.0,1064.26001,214665700.0,1.9556363330004064e+17,9.17442208915646e+16
2017-11-03,,0.0,0.0,85.43873731560411,3567710000.0,14.35185432434082,2587.840088,9.14,23539.189453,312250000.0,6295.580078,2195010000.0,22539.119141,0.0,7560.399901999999,652248400.0,28603.609375,1576569100.0,1071.469971,203951000.0,2.3824956180094496e+17,1.1176935126608669e+17
2017-11-10,,0.0,0.0,85.43873731560411,3486910000.0,14.35185432434082,2582.300049,11.29,23422.210938,351280000.0,6309.069824,1973970000.0,22681.419922,106600.0,7433.0,673856600.0,29120.919922000005,1781772000.0,1046.810059,200135900.0,2.8671781808435104e+17,1.345071289175768e+17
2017-11-17,,0.0,0.0,85.43873731560411,3300160000.0,14.35185432434082,2578.850098,11.43,23358.240234,386000000.0,6314.509765999999,1988090000.0,22396.800781,113700.0,7380.700195,710733600.0,29199.039063,2068123000.0,1030.01001,215534900.0,3.413350799326666e+17,1.6012957236961005e+17
2017-11-24,,0.0,0.0,85.43873731560411,1349780000.0,14.35185432434082,2602.419922,9.67,23557.990234,118610000.0,6409.290039,848520000.0,22550.849609,64800.0,7409.600098000001,545037100.0,29866.320313,1534288700.0,1041.77002,133606300.0,4.02468025128299e+17,1.8880870014576134e+17
2017-12-01,,0.0,0.0,113.41202946713342,3942320000.0,14.35185432434082,2642.219971,11.43,24231.589844,417910000.0,6337.870117,2293570000.0,22819.029297,89700.0,7300.5,839825500.0,29074.240234,2086681200.0,1030.430054,224563100.0,4.704833314536549e+17,2.207165307696055e+17
2017-12-08,,0.0,0.0,85.46865527512448,3106150000.0,14.35185432434082,2651.5,9.58,24329.160156,293590000.0,6344.569824,1806040000.0,22811.080078,106900.0,7394.0,1004623500.0,28639.849609,1747376700.0,1045.48999,220017100.0,5.457476766911405e+17,2.5602508276471706e+17
2017-12-15,,0.0,0.0,85.46865527512448,5723920000.0,14.35185432434082,2675.810059,9.42,24651.740234,635740000.0,6466.319824,3510420000.0,22553.220703,99400.0,7490.600098000001,1182118000.0,28848.109375,1999793000.0,1038.23999,335665200.0,6.286277386231616e+17,2.9490637465467066e+17
2017-12-22,,0.0,0.0,85.46865527512446,2399830000.0,14.35185432434082,2683.340088,9.9,24754.060547,255140000.0,6465.169922,1539250000.0,22902.759766,77800.0,7592.700195,243831300.0,29578.009766000006,1282144300.0,1041.040039,106189200.0,7.194901950321236e+17,3.3753242496304064e+17
2017-12-29,,0.0,0.45,85.46865527512446,2443490000.0,14.35185432434082,2673.610107,11.04,24719.220703,270760000.0,6396.419922,1571730000.0,22764.939453,46500.0,7687.799805,289238900.0,29919.150391000006,1365770800.0,1032.73999,104341000.0,8.187017237004308e+17,3.840752522134006e+17
2018-01-05,,0.0,1.22,85.46865527512446,3236620000.0,14.35185432434082,2743.149902,9.22,25295.869141,358020000.0,6653.290039,2020900000.0,23714.529297,101900.0,7724.200195,636035700.0,30814.640625,2263930100.0,1061.689941,170494400.0,9.266290024104878e+17,4.3470687492932365e+17
2018-01-12,,0.0,0.38,85.46865527512446,3573970000.0,14.35185432434082,2786.23999,10.16,25803.189453,376390000.0,6758.540039,1976200000.0,23653.820313,93700.0,7778.600098000001,1133867000.0,31412.539063,2327417400.0,1066.790039,186627300.0,1.0436387089446979e+18,4.8959931163438234e+17
2018-01-19,,0.0,0.0,85.46865527512448,3639430000.0,14.35185432434082,2810.300049,11.27,26071.720703,585000000.0,6834.330078,1997270000.0,23808.060547,71800.0,7730.799805,795594100.0,32254.890625,2906627500.0,1073.77002,181771600.0,1.1700975210854636e+18,5.489245808521491e+17
2018-01-26,,0.0,0.0,85.46865527512448,3443230000.0,14.35185432434082,2872.8701170000004,11.08,26616.710938,477780000.0,7022.970215,2059010000.0,23631.880859,87200.0,7665.5,713831300.0,33154.121094,3892652400.0,1072.390015,147390900.0,1.306372116615188e+18,6.128547011061957e+17
2018-02-02,,0.0,0.0,85.46865527512448,4301130000.0,14.35185432434082,2762.129883,17.309998999999998,25520.960938,522880000.0,6760.290039,2587770000.0,23274.529297,98600.0,7443.399901999999,871574000.0,32601.779297000005,2571367100.0,1043.52002,209721600.0,1.4528291733162732e+18,6.815616909200937e+17
2018-02-09,,0.0,0.75,85.46865527512449,5680070000.0,14.35185432434082,2619.550049,29.059999,24190.900391,735030000.0,6412.680176,3155990000.0,21382.619141,127600.0,7092.399901999999,927291900.0,29507.419922000005,5171294500.0,987.549988,312616300.0,1.609835368971119e+18,7.552175688174149e+17
2018-02-16,,0.0,0.36,85.46865527512449,3637460000.0,14.35185432434082,2732.219971,19.459999,25219.380859,406730000.0,6770.660156,2019830000.0,21720.25,77800.0,7294.700195,651756200.0,22962.961707491966,20459442006.405857,1021.0,215330400.0,1.7777573813621217e+18,8.339943533217311e+17
2018-02-23,,0.0,0.0,85.46865527512448,3189190000.0,14.35185432434082,2747.300049,16.49,25309.990234,335420000.0,6896.600098000001,1879460000.0,21892.779297,64600.0,7244.399901999999,674864300.0,31267.169922000005,1667179100.0,1026.709961,149619200.0,1.9569618882716744e+18,9.180640629566129e+17
2018-03-02,,0.0,0.0,85.46865527512448,3882450000.0,14.35185432434082,2691.25,19.59,24538.060547,437130000.0,6811.040039,2287320000.0,21181.640625,97100.0,7069.899901999999,910442200.0,30583.449219,2955637100.0,998.179993,266560900.0,2.1478155674821688e+18,1.0075987162456294e+18
2018-03-09,,0.0,0.38,85.46865527512448,3364100000.0,14.35185432434082,2786.570068,14.64,25335.740234,371570000.0,7101.180176000002,2302930000.0,21469.199219,110500.0,7224.5,651119000.0,30996.210938,1470749100.0,1030.319946,165433600.0,2.3506850967759954e+18,1.1027703317123487e+18
2018-03-16,,0.0,0.0,85.46865527512448,5372340000.0,14.35185432434082,2752.01001,15.8,24946.509766,654240000.0,7019.950195,3046990000.0,21676.509766,75700.0,7164.100098000001,1380663300.0,31501.970702999995,2345452800.0,1029.469971,409377500.0,2.5659371539355443e+18,1.203750927880339e+18
2018-03-23,,0.0,0.0,85.46865527512448,3815080000.0,14.35185432434082,2588.26001,24.870001,23533.199219,482550000.0,6508.089844,2390410000.0,20617.859375,121000.0,6921.899901999999,879273700.0,30309.289063,3522395400.0,996.320007,232784600.0,2.7939384167432e+18,1.310712523273168e+18
2018-03-30,,0.0,0.0,85.46865527512448,3815080000.0,14.35185432434082,2408.6442660742396,38.278292765971344,22433.18911304242,-1358832405.5566497,5789.961181437455,-2801398020.850788,21454.300781,63600.0,6756.557365678043,-4229636285.0118065,27107.965407694297,-3070371754.4967175,971.3960569671103,-1564692991.0185947,3.035055562981344e+18,1.4238271364144015e+18
2018-04-06,,0.0,0.37,85.46865527512448,3299700000.0,14.35185432434082,2604.469971,21.49,23932.759766,395990000.0,6433.209961,2350540000.0,21567.519531,74400.0,7183.600098000001,656250500.0,29844.939452999995,1698284100.0,1027.420044,173522200.0,3.2896552704323584e+18,1.5432667858276035e+18
2018-04-13,,0.0,0.36,85.46865527512446,2960910000.0,14.35185432434082,2656.300049,17.41,24360.140625,331890000.0,6628.339844,1743640000.0,21778.740234,73100.0,7264.600098000001,662868400.0,30808.380859,1406304600.0,1037.880005,162457200.0,3.5581042168786227e+18,1.669203490036334e+18
2018-04-20,,0.0,0.0,85.46865527512446,3388590000.0,14.35185432434082,2670.139893,16.879998999999998,24462.939453,537770000.0,6667.75,1921790000.0,22162.240234,69600.0,7368.200195,769512800.0,30418.330077999995,1661298600.0,1050.02002,202957700.0,3.8407690801025116e+18,1.8018092675641498e+18
2018-04-27,,0.0,0.0,85.46865527512446,3219030000.0,14.35185432434082,2669.909912,15.41,24311.189453,392810000.0,6656.350098,2027530000.0,22467.869141,89100.0,7502.200195,750485000.0,30280.669922000005,1610929100.0,1059.939941,181509400.0,4.1380165378863933e+18,1.9412561369346048e+18
2018-05-04,,0.0,0.0,85.46865527512448,3327220000.0,14.35185432434082,2663.419922,14.77,24262.509766,329480000.0,6769.120117,2022230000.0,22513.84275222342,147284.0738978003,7567.100098000001,880646600.0,29926.5,1754754700.0,1063.02002,185803100.0,4.450213268012634e+18,2.087716116671252e+18
2018-05-11,,0.0,0.0,85.46865527512448,2862700000.0,14.35185432434082,2727.719971,12.65,24831.169922,274150000.0,6952.560059,2083030000.0,22758.480469,80200.0,7724.600098000001,731924200.0,31122.060547000005,1627487900.0,1070.680054,161577100.0,4.777725948263592e+18,2.2413612252976425e+18
2018-05-18,,0.0,0.0,85.46865527512448,3368690000.0,14.35185432434082,2712.969971,13.42,24715.089844,269700000.0,6866.25,1966710000.0,22930.359375,65300.0,7778.799805,899946200.0,31047.910156,1722070700.0,1081.349976,239392000.0,5.120921256421618e+18,2.4023634813373256e+18
2018-05-25,,0.0,0.37,85.46865527512448,2995260000.0,14.35185432434082,2721.330078,13.22,24753.089844,257210000.0,6960.919922,1757660000.0,22450.789063,70400.0,7730.299805,844360200.0,30588.039063,1677533500.0,1071.810059,212238700.0,5.480165870269059e+18,2.5708949033138493e+18
2018-06-01,,0.0,0.0,198.7743757035947,3684130000.0,14.35185432434082,2734.6201170000004,13.46,24635.210938,315710000.0,7083.930176000002,2208600000.0,22171.349609,82500.0,7701.799805,783469400.0,30492.910156,2778527900.0,1059.77002,221729600.0,5.855826467588266e+18,2.7471275097507584e+18
2018-06-08,,0.0,0.0,85.58655925059634,3123210000.0,14.35185432434082,2779.030029,12.18,25316.529297,317510000.0,7152.620117,1941580000.0,22694.5,85200.0,7681.100098000001,755489900.0,30958.210938,1721286300.0,1057.540039,195157400.0,6.248269726161586e+18,2.931233319171591e+18
2018-06-15,,0.0,0.0,85.58655925059635,5428790000.0,14.35185432434082,2779.659912,11.98,25090.480469,659370000.0,7255.759765999999,3043790000.0,22851.75,88500.0,7633.899901999999,1711560200.0,30309.490234,2336474000.0,1069.459961,410327900.0,6.657862323771367e+18,3.123384350099883e+18
2018-06-22,,0.0,0.0,85.58655925059634,5450550000.0,14.35185432434082,2754.879883,13.77,24580.890625,473970000.0,7197.509765999999,3928340000.0,22516.830078,85900.0,7682.299805,716273100.0,29338.699219,2153358900.0,1054.800049,183991700.0,7.084970938199958e+18,3.323752621059165e+18
2018-06-29,,0.0,0.0,85.58655925059634,3565620000.0,14.35185432434082,2718.3701170000004,16.09,24271.410156,329070000.0,7040.799805,2192010000.0,22304.509766,67900.0,7636.899901999999,898931000.0,28955.109375,2390149600.0,1044.810059,224671300.0,7.529962247229692e+18,3.532510150572966e+18
2018-07-06,,0.0,0.0,85.58655925059635,2554780000.0,14.35185432434082,2759.820068,13.37,24456.480469,219450000.0,7207.330078,1704580000.0,21788.140625,71600.0,7617.700195,663475300.0,28315.619141000006,2018289300.0,1053.73999,177023500.0,7.993202928642898e+18,3.749828957164807e+18
2018-07-13,,0.0,0.0,85.58655925059634,2614000000.0,14.35185432434082,2801.310059,12.18,25019.410156,255520000.0,7375.819823999998,1714140000.0,22597.349609,72600.0,7661.899901999999,574401200.0,28525.439452999995,1449784600.0,1066.170044,143600200.0,8.475059660221895e+18,3.97588105935821e+18
2018-07-20,,0.0,0.0,85.58655925059635,3230210000.0,14.35185432434082,2801.830078,12.86,25058.119141,274080000.0,7350.22998,1786250000.0,22697.880859,69700.0,7678.799805,685061200.0,28224.480469,2439680200.0,1067.380005,213293500.0,8.975899119748993e+18,4.2108384756766945e+18
2018-07-27,,0.0,0.0,85.58655925059634,3415710000.0,14.35185432434082,2818.820068,13.03,25451.060547,329680000.0,7296.779785,2176170000.0,22712.75,73200.0,7701.299805,765238000.0,28804.279297000005,1206039800.0,1080.719971,207628800.0,9.496087985006502e+18,4.4548732246437786e+18
2018-08-03,,0.0,0.0,85.58655925059634,3030390000.0,14.35185432434082,2840.350098,11.64,25462.580078,239020000.0,7395.490234000001,2018700000.0,22525.179688,71700.0,7659.100098000001,649947700.0,27676.320313,1608505200.0,1075.089966,175191100.0,1.0035992933776712e+19,4.708157324782973e+18
2018-08-10,,0.0,0.46,85.58655925059635,3256040000.0,14.35185432434082,2833.280029,13.16,25313.140625,234480000.0,7408.299805,2095180000.0,22298.080078,73900.0,7667.0,664153400.0,28366.619141000006,1284477700.0,1062.51001,220729400.0,1.05959806438419e+19,4.97086279461779e+18
2018-08-17,,0.0,0.0,85.58655925059635,3024100000.0,14.35185432434082,2850.129883,12.64,25669.320313,284160000.0,7377.540039,1843150000.0,22270.380859,56100.0,7558.600098000001,602739600.0,27213.410156,1557764000.0,1051.140015,156233300.0,1.1176417792984347e+19,5.243161652671738e+18
2018-08-24,,0.0,0.0,85.58655925059634,2596190000.0,14.35185432434082,2874.689941,11.99,25790.349609,200330000.0,7485.399901999999,1886600000.0,22601.769531,50400.0,7577.5,507869800.0,27671.869141000006,1492245200.0,1065.099976,126555200.0,1.1777671058986312e+19,5.52522591746832e+18
2018-08-31,,0.0,0.0,85.58655925059634,2880260000.0,14.35185432434082,2901.52002,12.86,25964.820313,273440000.0,7654.549805,1899910000.0,22865.150391,68100.0,7432.399901999999,812932000.0,27888.550781,1923264400.0,1058.72998,212179000.0,1.2400107119630037e+19,5.817227607531035e+18
2018-09-07,,0.0,0.4,85.58655925059634,2946270000.0,14.35185432434082,2871.679932,14.88,25916.539063,281350000.0,7430.259765999999,2146380000.0,22307.060547,69800.0,7277.700195,863004900.0,26973.470702999995,2859939000.0,1029.380005,256339400.0,1.304409265269776e+19,6.119338741383373e+18
2018-09-14,,0.0,0.79,85.58655925059634,3149800000.0,14.35185432434082,2904.97998,12.07,26154.669922,228640000.0,7545.5,2030720000.0,23094.669922,102700.0,7304.0,577288900.0,27286.410156,1707220300.0,1042.699951,177528600.0,1.3709994335971697e+19,6.43173133754882e+18
2018-09-21,,0.0,0.0,85.58655925059635,5607610000.0,14.35185432434082,2929.669922,11.68,26743.5,657620000.0,7531.069823999998,3706820000.0,23869.929688,120600.0,7490.200195,1504423700.0,27953.580077999995,2777208200.0,1063.939941,439643800.0,1.4398178847234048e+19,6.754577414550858e+18
2018-09-28,,0.0,1.27,85.58655925059635,3432300000.0,18.335418701171875,2913.97998,12.12,26458.310547,264030000.0,7627.649901999999,2323940000.0,24120.039063,90700.0,7510.200195,915815000.0,27788.519531,1636511300.0,1060.910034,255596800.0,323.3911902516983,395.35755529203425
2018-10-05,,0.0,0.82,85.58655925059634,3328980000.0,18.335418701171875,2885.570068,14.82,26447.050781,267100000.0,7399.009765999999,2672900000.0,23783.720703,84600.0,7318.5,743757800.0,26572.570313,1684117300.0,1038.869995,185363800.0,-4.864163618762706e+19,-2.2819114881520603e+19
2018-10-12,,0.0,0.84,85.58655925059634,3966040000.0,18.335418701171875,2767.129883,21.309999,25339.990234,397510000.0,7157.209961,2650290000.0,22694.660156,99500.0,6995.899901999999,876577500.0,25801.490234,2099313400.0,988.77002,230721200.0,-1.5068382369754376e+20,-7.0689881205427814e+19
2018-10-19,,0.0,0.83,85.58655925059634,3566490000.0,18.335418701171875,2767.780029,19.889999,25444.339844,350810000.0,7107.22998,2532220000.0,22532.080078,67400.0,7049.799805,793925800.0,25561.400391,2037871700.0,993.909973,271221200.0,-3.2528365651164666e+20,-1.5259941294713845e+20
2018-10-26,,0.0,0.42,85.58655925059635,4803150000.0,18.335418701171875,2658.689941,24.16,24688.310547,505310000.0,6852.399901999999,2964780000.0,21184.599609,92900.0,6939.600098000001,779028300.0,24717.630859,1688395600.0,964.599976,266542200.0,-5.915982286118326e+20,-2.7753482408206916e+20
2018-11-02,,0.0,0.0,85.58655925059635,4237930000.0,18.335418701171875,2723.060059,19.51,25270.830078,429480000.0,6965.290039,2889910000.0,22243.660156,101900.0,7094.100098000001,800219300.0,26486.349609,3518978800.0,991.01001,206790900.0,-9.687846339799978e+20,-4.544832285856364e+20
2018-11-09,,0.0,0.0,85.58655925059634,4019090000.0,18.335418701171875,2781.01001,17.360001,25989.300781,324450000.0,7039.149901999999,2418490000.0,22250.25,78100.0,7105.299805,652724100.0,25601.919922,1839798600.0,994.390015,175911200.0,-1.475999966598038e+21,-6.924317404332559e+20
2018-11-16,,0.0,0.0,85.58655925059634,3975180000.0,18.335418701171875,2736.27002,18.139999,25413.220703,354460000.0,6867.02002,2438260000.0,21680.339844,74900.0,7013.899901999999,1010040200.0,26183.529297,1330024100.0,980.75,215627700.0,-2.1324013204478487e+21,-1.000367473600343e+21
2018-11-23,,0.0,0.53,85.58655925059634,1651650000.0,18.335418701171875,2632.560059,21.52,24285.949219,155940000.0,6527.350098,958950000.0,22702.30499315819,155845.30662323008,6952.899901999999,686823000.0,25927.679688,877061500.0,962.109985,133638300.0,-2.9571457895113236e+21,-1.3872775420623132e+21
2018-11-30,,0.0,0.44,85.58655925059634,4658580000.0,18.335418701171875,2760.169922,18.07,25538.460938,482250000.0,6949.009765999999,2542820000.0,22351.060547,104100.0,6980.200195,1189062500.0,26506.75,2000815900.0,973.200012,257031400.0,-3.969390467770356e+21,-1.8621490597945803e+21
2018-12-07,,0.0,0.0,85.58655925059635,4216690000.0,18.335418701171875,2633.080078,23.23,24388.949219,398230000.0,6613.279785,2475160000.0,21678.679688,78100.0,6778.100098000001,819982500.0,26063.759766,2726993500.0,938.080017,209414800.0,-5.188292449206834e+21,-2.4339691407725586e+21
2018-12-14,,0.0,0.0,85.58655925059634,4035020000.0,18.335418701171875,2599.949951,21.629999,24100.509766,416940000.0,6594.959961,2200510000.0,21374.830078,102800.0,6845.200195,714141000.0,26094.789063,1344364100.0,943.280029,187983500.0,-6.633008827802646e+21,-3.11172489897166e+21
2018-12-21,,0.0,0.0,85.58655925059632,7609010000.0,18.335418701171875,2416.6201170000004,30.110001,22445.369141,900510000.0,6046.560059,4534120000.0,20166.189453,116600.0,6721.200195,1596669300.0,25753.419922,1935298900.0,909.690002,419164300.0,-8.322696697539675e+21,-3.904403448367296e+21
2018-12-28,,0.0,0.5,85.58655925059634,3702620000.0,39.393028259277344,2485.73999,28.34,23062.400391,336510000.0,6285.27002,2199090000.0,20014.769531,70600.0,6734.0,499812000.0,25504.199219,1224894400.0,906.880005,142765400.0,681.8718892071191,536.8332162841955
2019-01-04,,0.0,0.46,85.58655925059634,4213410000.0,39.393028259277344,2531.939941,21.379999,23433.160156,396020000.0,6422.669922,2579550000.0,19561.960938,91600.0,7509.121111753548,-6428824886.947303,25626.029297,1708572100.0,921.299988,202506400.0,3.1346020723427643e+22,1.4705271122198086e+22
2019-01-11,,0.0,0.43,85.58655925059635,3434490000.0,39.393028259277344,2596.26001,18.190001,23995.949219,262650000.0,6601.399902,2066500000.0,20359.699219,77700.0,9672.085032014184,-23041635347.78921,26667.269531,1799353900.0,935.179993,161773100.0,9.872630493135454e+22,4.631519559429483e+22
2019-01-18,,0.0,0.88,85.58655925059635,3986730000.0,39.393028259277344,2670.709961,17.799999,24706.349609,372970000.0,6784.609863,2451240000.0,20666.070313,64700.0,6968.299805,795742900.0,27090.810547000005,1692701900.0,953.22998,227494700.0,2.1515179208239193e+23,1.0093355909235808e+23
2019-01-25,,0.0,0.0,85.58655925059634,3814080000.0,39.393028259277344,2664.76001,17.42,24737.199219,376890000.0,6787.370117,2440840000.0,20773.560547,68400.0,6809.200195,727497200.0,27569.189452999995,2264965800.0,961.780029,187838900.0,3.936334216351509e+23,1.8466414729245566e+23
2019-02-01,,0.0,0.0,157.08032730943876,3759270000.0,39.393028259277344,2706.530029,16.139999,25063.890625,372090000.0,6875.52002,2383430000.0,20788.390625,82200.0,7020.200195,630712300.0,27930.740234,1669716900.0,978.219971,206032800.0,6.471821330482424e+23,3.036107458706553e+23
2019-02-08,,0.0,0.0,85.65834014222169,3622330000.0,39.393028259277344,2707.879883,15.72,25106.330078,248210000.0,6913.129883,2086260000.0,20333.169922,86200.0,7071.200195,532300500.0,27946.320313,1527669600.0,973.75,202680500.0,9.88808865780277e+23,4.638771405030246e+23
2019-02-15,,0.0,0.43,85.65834014222169,3641370000.0,39.393028259277344,2775.600098,14.91,25883.25,328530000.0,7055.180176000002,2257750000.0,20900.630859,65600.0,7236.700195,688422300.0,27900.839844,1781495400.0,1005.880005,239877500.0,1.4315245592898644e+24,6.715671168656307e+23
2019-02-22,,0.0,0.0,85.65834014222169,3427810000.0,39.393028259277344,2792.669922,13.51,26031.810547,279760000.0,7090.629883,2417680000.0,21425.509766,52400.0,7178.600098000001,646718000.0,28816.300781,1706490600.0,1013.219971,154224400.0,1.9883401530356128e+24,9.327844606345403e+23
2019-03-01,,0.0,0.0,114.3926002566618,3972280000.0,39.393028259277344,2803.689941,13.57,26026.320313,289890000.0,7151.569823999998,2463190000.0,21602.689453,62600.0,7106.700195,700825200.0,28812.169922000005,1927040400.0,1025.26001,196138100.0,2.672266586476131e+24,1.2536329574858196e+24
2019-03-08,,0.0,0.0,85.68707440233614,3423130000.0,39.393028259277344,2743.070068,16.049999,25450.240234,270500000.0,7015.689941,2245430000.0,21025.560547,99800.0,7104.299805,622101900.0,28228.419922000005,2998999600.0,1013.719971,213774300.0,3.496314799070028e+24,1.6402163930955345e+24
2019-03-15,,0.0,0.44,85.68707440233612,5962730000.0,39.393028259277344,2822.47998,12.88,25848.869141,616910000.0,7306.990234000001,3447190000.0,21450.849609,83200.0,7228.299805,1335709200.0,29012.259766000006,1974569100.0,1047.25,460962500.0,4.4734957302759113e+24,2.0986385531397487e+24
2019-03-22,,0.0,0.45,85.68707440233612,4237200000.0,39.393028259277344,2800.709961,16.48,25502.320313,386510000.0,7326.060059,2490730000.0,21627.339844,78900.0,7207.600098000001,694767600.0,29113.359375,1740699100.0,1026.780029,221813300.0,5.616820319552383e+24,2.6350032232945227e+24
2019-03-29,,0.0,0.0,85.68707440233612,3740700000.0,39.393028259277344,2834.399902,13.71,25928.679688,300620000.0,7378.77002,2233470000.0,21205.810547,61600.0,7279.200195,794400900.0,29051.359375,2695223000.0,1042.47998,182212900.0,6.939299506358039e+24,3.255414189235915e+24
2019-04-05,,0.0,1.65,85.68707440233614,3146820000.0,39.393028259277344,2892.73999,12.82,26424.990234,229550000.0,7578.839844,2148730000.0,21807.5,58500.0,7446.899901999999,679960600.0,30336.765295014004,4084884503.0879936,1067.97998,160071800.0,8.453944230151476e+24,3.9659752366399823e+24
2019-04-12,,0.0,0.0,85.68707440233614,3688490000.0,39.393028259277344,2907.409912,12.01,26412.300781,369910000.0,7628.149901999999,1955290000.0,21870.560547,61600.0,7437.100098000001,696895600.0,29909.759766000006,1560692000.0,1072.630005,198467300.0,1.0173765430391286e+25,4.7727901511827804e+24
2019-04-19,,0.0,1.14,85.68707440233612,3688490000.0,39.393028259277344,2823.932635637022,4.6421367707472,25586.774394473512,1106592306.3139687,7159.532644773397,1834208971.4151669,22200.560547,0.0,6930.157896996981,1857411158.96667,23485.91108923238,-10189820491.668747,1037.6736420749435,495851685.9013519,1.2111774046536043e+25,5.681962718540358e+24
2019-04-26,,0.0,0.0,85.68707440233614,3248500000.0,39.393028259277344,2939.879883,12.73,26543.330078,317290000.0,7826.680176000002,1971270000.0,22258.730469,71900.0,7428.200195,839779200.0,29605.009766000006,1411001700.0,1081.939941,175799400.0,1.428098101804431e+25,6.699596724388755e+24
2019-05-03,,0.0,0.55,85.68707440233612,3338120000.0,39.393028259277344,2945.639893,12.87,26504.949219,248900000.0,7845.72998,2046040000.0,20907.308173021913,550984.4956234695,7380.600098000001,462290200.0,30081.550781,1217388500.0,1080.23999,139657900.0,1.6694397284374629e+25,7.831795954403998e+24
2019-05-10,,0.0,0.0,85.68707440233614,3529600000.0,39.393028259277344,2881.399902,16.040001,25942.369141,294580000.0,7586.529785,2387720000.0,21344.919922,98500.0,7203.299805,618170400.0,28550.240234,2421480000.0,1040.589966,171235900.0,1.936503378498552e+25,9.084664194262108e+24
2019-05-17,,0.0,1.13,85.68707440233614,3257950000.0,39.393028259277344,2859.530029,15.96,25764.0,283760000.0,7503.680176000002,2134120000.0,21250.089844,75800.0,7348.600098000001,741020200.0,27946.460938,1922181900.0,1059.02002,188643400.0,2.230590145933548e+25,1.0464305229639097e+25
2019-05-24,,0.0,0.58,85.68707440233612,2887390000.0,39.393028259277344,2826.060059,15.85,25585.689453,201370000.0,7300.959961,1682920000.0,21117.220703,67700.0,7277.700195,633553800.0,27353.929688,1677043500.0,1037.339966,180723800.0,2.5530011246882984e+25,1.1976822846210974e+25
2019-05-31,,0.0,1.74,85.68707440233614,3981020000.0,39.393028259277344,2752.060059,18.709999,24815.039063,292230000.0,7127.959961,2236940000.0,20601.189453,79100.0,7161.700195,853980400.0,26901.089844,1829465900.0,1022.090027,194303000.0,2.9050374087086452e+25,1.3628320829653754e+25
2019-06-07,,0.0,1.22,85.68707440233614,3220250000.0,39.393028259277344,2873.340088,16.299999,25983.939453,263010000.0,7417.290039,2066020000.0,20884.710938,50700.0,7331.899901999999,592558500.0,27087.750975172014,1003374072.7546978,1047.97998,182326500.0,3.288000091940428e+25,1.5424902965643442e+25
2019-06-14,,0.0,0.0,85.68707440233612,2922330000.0,39.393028259277344,2886.97998,15.28,26089.609375,208020000.0,7479.109863,1804340000.0,21116.890625,60400.0,7345.799805,610719800.0,27118.349609,2031083500.0,1047.689941,141814100.0,3.7031902683294842e+25,1.7372673039856028e+25
2019-06-21,,0.0,0.0,85.68707440233614,5000120000.0,39.393028259277344,2950.459961,15.4,26719.130859,485560000.0,7728.779785,2894340000.0,21258.640625,89000.0,7407.5,1451918700.0,28473.710938,2171897300.0,1071.400024,405613400.0,4.151909031821644e+25,1.9477734837967495e+25
2019-06-28,,0.0,0.0,85.68707440233612,5420700000.0,19.790163040161133,2941.76001,15.08,26599.960938,499350000.0,7671.080078,4078990000.0,21275.919922,62100.0,7425.600098000001,708530400.0,28542.619141000006,1486688000.0,1071.439941,182329600.0,1374.2800979276155,657.0546217962323
2019-07-05,,0.0,0.7,85.68707440233614,2434210000.0,19.790163040161133,2990.409912,13.28,26922.119141000006,192170000.0,7841.299805,36710000.0,21746.380859,44800.0,7553.100098000001,550648200.0,28774.830077999995,846919500.0,1086.079956,150389600.0,-1.4628760296892565e+26,-6.862749445790428e+25
2019-07-12,,0.0,0.0,85.68707440233614,2974960000.0,19.790163040161133,3013.77002,12.39,27332.029297000005,248390000.0,7943.240234000001,1824870000.0,21685.900391,45400.0,7506.0,501138900.0,28471.619141000006,1204492700.0,1079.310059,141383800.0,-4.5610595328613164e+26,-2.1397171151960315e+26
2019-07-19,,0.0,1.9,85.68707440233612,3260360000.0,19.790163040161133,2976.610107,14.45,27154.199219,287690000.0,7834.899901999999,1878730000.0,21466.990234,57900.0,7508.700195,575615700.0,28765.400391000006,1261012300.0,1081.640015,160594100.0,-9.88217285649189e+26,-4.6359961416895444e+26
2019-07-26,,0.0,0.62,85.68707440233614,3257590000.0,19.790163040161133,3025.860107,12.16,27192.449219,233650000.0,8016.950195,1954350000.0,21658.150391,47600.0,7549.100098000001,775744000.0,28397.740234,1320699900.0,1097.819946,180064200.0,-1.8013838347556682e+27,-8.45078165389816e+26
2019-08-02,,0.0,0.0,85.68707440233612,3874660000.0,19.790163040161133,2932.050049,17.610001,26485.009766,327640000.0,7692.799805,2252550000.0,21087.160156,91500.0,7407.100098000001,1031592200.0,26918.580077999995,2317609200.0,1051.280029,319467300.0,-2.9543678353031407e+27,-1.385974328166045e+27
2019-08-09,,0.0,0.65,85.68707440233612,3350640000.0,19.790163040161133,2918.649902,17.969998999999994,26287.439453,240260000.0,7646.27002,2214330000.0,20684.820313,63700.0,7253.899901999999,794807200.0,25939.300781,1357616900.0,1038.329956,185990600.0,-4.505931521989179e+27,-2.1138550654814978e+27
2019-08-16,,0.0,0.6,85.68707440233614,3498150000.0,19.790163040161133,2888.679932,18.469999,25886.009766,276210000.0,7604.109863,1995130000.0,20418.810547,58400.0,7117.200195,651943200.0,25734.220703,2022477500.0,1031.319946,256553900.0,-6.51483712951135e+27,-3.0562873403200287e+27
2019-08-23,,0.0,1.8,85.68707440233614,3937300000.0,19.790163040161133,2847.110107,19.870001,25628.900391,364260000.0,7464.990234000001,2207070000.0,20710.910156,50700.0,7095.0,643009300.0,26179.330078,1621440900.0,1035.170044,164138100.0,-9.039846892567214e+27,-4.2408381156654924e+27
2019-08-30,,0.0,0.0,85.68707440233614,3008450000.0,19.790163040161133,2926.459961,18.98,26403.279297,2190810000.0,7691.0,1665840000.0,20704.369141,72000.0,7207.200195,727868800.0,25724.730469,2017892000.0,1064.089966,188911700.0,-1.2139723045854313e+28,-5.695074354501742e+27
2019-09-06,,0.0,0.57,85.68707440233614,3208280000.0,19.790163040161133,2978.709961,15.0,26797.460938,209700000.0,7852.540039,1876380000.0,21199.570313,71100.0,7282.299805,692287900.0,26690.759766,1895344700.0,1082.530029,188858200.0,-1.5873227824070181e+28,-7.446563019812628e+27
2019-09-13,,0.0,1.18,85.68707440233612,3520060000.0,19.790163040161133,3007.389893,13.74,27219.519531,255260000.0,7892.950195,1976770000.0,21988.289063,116300.0,7367.5,1003827600.0,27352.689452999995,1176496300.0,1093.589966,203557000.0,-2.0299123461912355e+28,-9.52287107458199e+27
2019-09-20,,0.0,1.16,85.68707440233614,6094740000.0,19.790163040161133,2992.070068,15.32,26935.070313,497640000.0,7823.549805,3359380000.0,22079.089844,85000.0,7344.899901999999,1656288000.0,26435.669922,1972985800.0,1098.689941,388136500.0,-2.547617219407835e+28,-1.195156548179366e+28
2019-09-27,,0.0,0.0,85.68707440233614,3243650000.0,19.790163040161133,2961.790039,17.219998999999998,26820.25,217780000.0,7681.580078,2037720000.0,21878.900391,76400.0,7426.200195,584318800.0,25954.810547,984279500.0,1093.189941,159865500.0,-3.146313625526565e+28,-1.476021320443146e+28
2019-10-04,,0.0,0.58,85.68707440233614,2990830000.0,19.790163040161133,2952.01001,17.040001,26573.720703,221310000.0,7754.100098000001,1736890000.0,21410.199219,57700.0,7155.399901999999,588776100.0,25821.029297,1137243700.0,1065.089966,177972100.0,-3.831877788017171e+28,-1.7976381205479203e+28
2019-10-11,,0.0,2.25,85.68707440233614,3580460000.0,19.790163040161133,2970.27002,15.58,26816.589844,282080000.0,7843.879883,2176080000.0,21798.869141,67400.0,7247.100098000001,1507692000.0,26308.439453,2030977900.0,1094.130005,271559100.0,-4.610185930349394e+28,-2.162763644792068e+28
2019-10-18,,0.0,0.58,85.68707440233612,3264290000.0,19.790163040161133,2986.199951,14.25,26770.199219,288970000.0,7868.490234000001,2012930000.0,22492.679688,59200.0,7150.600098000001,869346100.0,26719.580078,1541856100.0,1089.390015,191896000.0,-5.487114275992973e+28,-2.574154589473966e+28
2019-10-25,,0.0,4.08,85.68707440233614,3370370000.0,19.790163040161133,3022.550049,12.65,26958.060547000005,274610000.0,8029.220215,1894740000.0,22799.810547,57200.0,7324.5,580305100.0,26667.390625,1151226200.0,1098.97998,174449600.0,-6.468539048417643e+28,-3.0345676508919897e+28
2019-11-01,,0.0,0.0,131.72663813206202,3930200000.0,19.790163040161133,3066.909912,12.3,27347.359375,270870000.0,8161.169922,2057310000.0,22850.769531,65400.0,7302.399901999999,582078600.0,27100.759766000006,1421451500.0,1103.73999,164071300.0,-7.560336471093128e+28,-3.546759525344508e+28
2019-11-08,,0.0,0.59,85.7315570726064,3499150000.0,19.790163040161133,3093.080078,12.07,27681.240234,221440000.0,8255.889648,1974190000.0,23391.869141,94600.0,7359.399901999999,551986100.0,27651.140625,1491797400.0,1125.959961,220940200.0,-8.76838276748914e+28,-4.113486909129887e+28
2019-11-15,,0.0,0.58,85.7315570726064,3335650000.0,19.790163040161133,3120.459961,12.05,28004.890625,283720000.0,8315.519531,2188210000.0,23303.320313,72200.0,7302.899901999999,770473200.0,26326.660156,1180282700.0,1134.030029,160410200.0,-1.0098554161075392e+29,-4.737506498546492e+28
2019-11-22,,0.0,0.58,85.7315570726064,3226780000.0,19.790163040161133,3110.290039,12.34,27875.619141000006,214780000.0,8272.049805,1877090000.0,23112.880859,55600.0,7326.799805,611242800.0,26595.080078,1100431900.0,1124.199951,166674300.0,-1.155672687532157e+29,-5.421574989892682e+28
2019-11-29,,0.0,1.49,85.7315570726064,1743020000.0,19.790163040161133,3140.97998,12.62,28051.410156,120630000.0,8403.679688,1099090000.0,23293.910156,52100.0,7346.5,627336500.0,26346.490234,2004856800.0,1129.969971,138085000.0,-1.3148777133697338e+29,-6.168449079466808e+28
2019-12-06,,0.0,0.0,85.73155707260642,3479480000.0,19.790163040161133,3145.909912,13.62,28015.060547000005,223310000.0,8397.370117,2053530000.0,23354.400391,54400.0,7239.700195,516373000.0,26498.369141,1644211100.0,1127.98999,158759400.0,-1.4880581159672342e+29,-6.980885463567223e+28
2019-12-13,,0.0,0.0,85.7315570726064,3736870000.0,19.790163040161133,3168.800049,12.63,28135.380859,250660000.0,8487.709961,2186720000.0,24023.099609,115500.0,7353.399901999999,1906667700.0,27687.759766000006,2212195500.0,1132.439941,256646500.0,-1.6758015176716218e+29,-7.861640838492276e+28
2019-12-20,,0.0,1.28,85.7315570726064,6454270000.0,19.790163040161133,3221.219971,12.51,28455.089844,603780000.0,8678.490234,3825460000.0,23816.630859,70300.0,7582.5,1159724000.0,27871.349609,1680024400.0,1152.579956,343386600.0,-1.8786955408298583e+29,-8.813471900540308e+28
2019-12-27,,0.0,0.0,85.7315570726064,2428670000.0,19.790163040161133,3240.02002,13.43,28645.259766000006,182280000.0,8770.980469,1832200000.0,23837.720703,44800.0,7644.899901999999,311117100.0,28225.419922000005,1375016100.0,1156.609985,108041300.0,-2.0973278077889027e+29,-9.839135346009658e+28
2020-01-03,,0.0,1.33,85.7315570726064,3461290000.0,19.790163040161133,3234.850098,14.02,28634.880859,239590000.0,8793.900391,2567400000.0,26068.44327179913,259768.08875636393,7622.399901999999,475628900.0,28451.5,1797904800.0,1157.380005,140653000.0,-2.3322859408957113e+29,-1.0941387871198664e+29
2020-01-10,,0.0,0.0,85.7315570726064,3212970000.0,19.790163040161133,3265.350098,12.56,28823.769531,237830000.0,8966.639648,2378990000.0,23850.570313,55900.0,7587.899901999999,651315600.0,28638.199219,1448401000.0,1157.329956,165491000.0,-2.5841575624972393e+29,-1.2122986172405655e+29
2020-01-17,,0.0,0.0,85.7315570726064,3698170000.0,19.790163040161133,3329.6201170000004,12.1,29348.099609,321820000.0,9173.730469,2522670000.0,24041.259766,59400.0,7674.600098000001,631970100.0,29056.419922000005,1545082800.0,1170.060059,195452500.0,-2.8535302949404403e+29,-1.338668694592894e+29
2020-01-24,,0.0,1.24,85.7315570726064,3707130000.0,19.790163040161133,3295.469971,14.56,28989.730469,380010000.0,9141.469727,2611710000.0,23827.179688,48700.0,7586.0,605760000.0,27949.640625,612128700.0,1160.410034,197115700.0,-3.140991760572264e+29,-1.4735246888066797e+29
2020-01-31,,0.0,9.68,85.7315570726064,4527830000.0,19.790163040161133,3225.52002,18.84,28256.029297000005,403890000.0,8991.509766,2685840000.0,23205.179688,75400.0,7286.0,714049600.0,26312.630859,1874255200.0,1120.22998,263286800.0,-3.447129581739657e+29,-1.61714226951175e+29
2020-02-07,,0.0,4.37,85.7315570726064,3730650000.0,19.790163040161133,3327.709961,15.47,29102.509766000006,252860000.0,9401.099609,2238670000.0,23827.980469,65400.0,7466.700195,705974200.0,27404.269531,1464514700.0,1161.089966,203895200.0,-3.772531380789561e+29,-1.7697971063379318e+29
2020-02-14,,0.0,1.23,85.7315570726064,3398040000.0,19.790163040161133,3380.159912,13.68,29398.080077999995,231000000.0,9623.580078,2222240000.0,23687.589844,69100.0,7409.100098000001,629855000.0,27815.599609,1445335900.0,1174.349976,204479200.0,-4.117784780068913e+29,-1.9317648689150522e+29
2020-02-21,,0.0,6.68,85.7315570726064,3899270000.0,19.790163040161133,3337.75,17.08,28992.410156,311210000.0,9446.69043,2743010000.0,23386.740234,62100.0,7403.899901999999,872594700.0,27308.810547000005,1773613400.0,1164.170044,238290800.0,-4.483477401924646e+29,-2.1033212268729356e+29
2020-02-28,,0.0,40.41,85.7315570726064,8563850000.0,24.443546295166016,2954.219971,40.110001,25409.359375,915990000.0,8461.830078,5301170000.0,21142.960938,148500.0,6580.600098,1979835300.0,26129.929688,3191426200.0,1021.97998,655553200.0,-4.870196868703685e+29,-2.2847418498414065e+29
2020-03-06,,0.0,25.19,85.7315570726064,6552140000.0,24.443546295166016,2972.3701170000004,41.939999,25864.779297,599780000.0,8530.339844,4279850000.0,20749.75,111700.0,6462.600098,1377953500.0,26146.669922,2646519300.0,994.77002,465581400.0,-5.2785308027529586e+29,-2.476302407450286e+29
2020-03-13,,0.0,50.91,85.7315570726064,8258670000.0,24.443546295166016,2711.02002,57.830002,23185.619141,843080000.0,7995.259765999999,4685890000.0,17431.050781,233400.0,5366.100098,1935105000.0,24032.910156,5495155700.0,800.75,797087400.0,-5.7090668264193895e+29,-2.678278569329393e+29
