,vix_Volume,infectious_daily_infect_emv_index,trade_Trade Policy EMV Fraction,hsi_Close,sp500_Close,sp500_Volume,vix_Close,dji_Close,dji_Volume,ndx_Close,ndx_Volume,n225_Close,n225_Volume,ftse_Close,ftse_Volume,hsi_Volume,n100_Close,n100_Volume,Overall EMV Tracker,GPR,trade_US Trade Policy Uncertainty,trade_Japanese Trade Policy Uncertainty
2015-01-02,0.0,3.777142857142858,0.01702127659574468,23650.15478525,2072.00500475,2551852500.0,16.992500500000002,17919.340332249998,65117500.0,4265.3775635,1361922500.0,17590.3046875,106750.0,6576.099934999998,351952133.3333333,1688048600.0,839.19999725,351933575.0,20.397469867058337,128.85393928517357,12.977998930115133,115.6677708359166
2015-01-09,0.0,0.5085714285714286,0.01702127659574468,23728.6937502,2031.2079834,3872572000.0,18.9819998,17620.6097658,103468000.0,4177.1239258000005,1948204000.0,17108.412109399997,143380.0,6454.9200196,761380880.0,2346138440.0,818.0639892,550622660.0,30.156662792067365,153.31973521248761,6.342912883869893,105.42246733571238
2015-01-16,0.0,0.8271428571428573,0.01702127659574468,24161.8921874,2014.9300294,4055114000.0,20.995999800000003,17502.7781254,107208000.0,4142.7600586,2008946000.0,16964.13281275,154125.0,6496.2399414,806586880.0,1548315800.0,845.2859986000002,576704720.0,44.19421494249868,185.18105923321258,-2.399271039833426,83.08674755281646
2015-01-23,0.0,1.6157142857142854,0.01702127659574468,24283.0621092,2042.4100035,3856005000.0,17.94999975,17639.022461,106055000.0,4227.94995125,1833210000.0,17300.3679688,130280.0,6712.6000002,765578980.0,2095473820.0,885.5979980000001,686004420.0,63.135324383101704,225.28201920294066,-13.478855727581516,46.362433318087795
2015-01-30,0.0,0.44857142857142857,0.0028985507246376808,24736.378125,2021.0080322000001,3911778000.0,18.581999800000002,17367.815625199994,123878000.0,4182.276074400001,2033058000.0,17662.6324218,141340.0,6809.9799804,721860040.0,1538150260.0,911.9320068,620468760.0,23.33529663085937,119.591242662312,33.80775848783844,89.1875739247478
2015-02-06,0.0,0.9628571428571427,0.0028985507246376808,24632.8320312,2046.0760012,4164222000.0,17.8460002,17681.9257814,99402000.0,4224.7600586,2088716000.0,17545.1496094,164020.0,6846.739941399999,762168560.0,1749938560.0,918.7000122000002,551733540.0,-156.07162860305448,-327.42140272580724,216.4913612546066,331.28663809717574
2015-02-13,0.0,0.9142857142857144,0.0028985507246376808,24493.7617188,2073.8660154,3626410000.0,16.553999599999997,17890.3683594,92760000.0,4305.305957,1847950000.0,17814.422363499998,149150.0,6837.220117200001,712359780.0,1277952180.0,923.4940063999999,518145360.0,-555.951211607466,-1311.2860492985515,611.6027422209031,892.3840945597508
2015-02-20,0.0,0.6528571428571429,0.0028985507246376808,24781.16341133333,2101.942505,3315117500.0,15.21,18050.90966775,91092500.0,4407.789917,1697580000.0,18157.6238282,157340.0,6891.480078199998,622421140.0,908460700.0,940.0859986,587086060.0,-1257.1692126712012,-3027.5328293930543,1296.1726910349084,1892.2044120368523
2015-02-27,0.0,1.508571428571429,0.008658008658008658,24818.0917972,2110.8479978,3312386000.0,13.868,18179.5437502,85214000.0,4448.809961000001,1859888000.0,18647.8656252,154400.0,6938.720117,774763300.0,1358184340.0,963.2780029999999,520291460.0,14.075199127197266,96.31963530729573,15.410779413270786,86.36515465094692
2015-03-06,0.0,1.4957142857142856,0.008658008658008658,24482.527734400002,2099.2,3409900000.0,14.073999999999998,18116.2800782,88742000.0,4447.695898399998,1883452000.0,18813.696093600003,140380.0,6924.360058800003,770225980.0,1641063140.0,972.1579956000003,545734720.0,6162.513866268528,15178.286749332203,-6110.283033165872,-8670.925841815548
2015-03-13,0.0,0.32142857142857145,0.008658008658008658,23871.8347658,2056.6359618,3465796000.0,16.0080004,17787.7164062,106712000.0,4339.7160154,1825012000.0,18884.9078124,154760.0,6760.500000200001,772186680.0,1595317620.0,977.9060058,452137960.0,20092.878631233587,49336.38391721137,-19960.508787224386,-28525.460741580217
2015-03-20,0.0,0.06571428571428571,0.008658008658008658,24163.0503904,2090.4680175999997,3900998000.0,14.466,17997.8738282,151392000.0,4410.7919922,1984412000.0,19452.8644532,136760.0,6914.340039200001,888864640.0,1575376640.0,991.8060055999999,564698980.0,44709.90133650316,109688.6265434745,-44414.866523284116,-63623.03170886065
2015-03-27,0.0,0.1742857142857143,0.009389671361502348,24481.1238282,2074.8279786,3299628000.0,14.668,17847.321875200007,102548000.0,4370.7879882,1824736000.0,19594.1515626,148880.0,6959.740038999998,739053060.0,1479608840.0,986.1220092,631732520.0,12.37863540649414,203353.03003265124,27.907613119190284,79.11307704437874
2015-04-03,0.0,1.4028571428571428,0.009389671361502348,25028.60009775,2070.19494625,3233367500.0,14.895,17803.4624025,103560000.0,4335.944824249998,1763702500.0,19280.219922,140020.0,6826.849975499998,729026650.0,2237841850.0,990.0650025,371987950.0,-216215.47120040737,101.2982115580585,214942.96342888963,308292.2503522054
2015-04-10,0.0,0.2671428571428572,0.009389671361502348,26817.88020833333,2086.4180176,3192474000.0,13.834000000000001,17935.032031400002,90594000.0,4379.3980468,1399716000.0,19734.7363282,126100.0,7001.099853499999,767538900.0,4155737566.6666665,1013.11750775,446573450.0,-706189.4298992895,-920686.536849855,701905.4507309314,1006727.6568526931
2015-04-17,0.0,0.1542857142857143,0.009389671361502348,27717.896094000003,2096.213965,3457034000.0,13.388,18011.6835938,108982000.0,4400.401953199998,1711824000.0,19844.5101564,140540.0,7058.299902600002,702515120.0,3760658440.0,1018.4680052000001,561250300.0,-1572125.2791895913,-2979630.4430816383,1562490.5193261486,2241096.609314577
2015-04-24,0.0,0.07285714285714286,0.009389671361502348,27753.589843799997,2107.253955,3320900000.0,12.806,18032.3238282,101794000.0,4465.6079100000015,1763550000.0,19977.0339846,170140.0,7053.520117,707232100.0,2667581080.0,1012.2920044,485792240.0,-2916238.800799663,-6597350.388413841,2898273.3190214443,4157110.3844739255
2015-05-01,0.0,0.22142857142857145,0.004694835680751174,28352.419922000005,2104.8660158,3789812000.0,13.234000000000002,18009.644140599998,113800000.0,4484.354004,2039992000.0,19773.47753925,151350.0,7005.479980599999,797556260.0,2622931225.0,1000.189987,477063600.0,14.471976280212402,86.28045586252674,41.6005026109245,132.8115375696702
2015-05-08,0.0,1.2085714285714284,0.004694835680751174,27677.5160158,2097.6399902,3550764000.0,14.060000000000002,17991.1500002,91532000.0,4426.3899414,1980806000.0,19335.5898435,173650.0,6948.775024500001,1058685325.0,2054056940.0,975.9359866,542788640.0,13212256.805164631,31854132.743747845,-13130463.484096887,-18833414.806347277
2015-05-15,0.0,0.4171428571428572,0.004694835680751174,27496.6976564,2109.3520505999995,3164854000.0,13.318,18151.7382812,92060000.0,4455.0360352,1703750000.0,19662.7261718,192320.0,6969.359961,747055300.0,1687226820.0,979.3359986,387767100.0,42756110.46479178,104006242.18168248,-42491500.78264359,-60947111.16603341
2015-05-22,0.0,0.4242857142857143,0.004694835680751174,27677.278125,2127.9520508,2970484000.0,12.54,18282.886328,81926000.0,4515.720117200001,1682054000.0,20116.0980468,178120.0,7003.3,680959180.0,1505898400.0,1000.3760010000003,311721260.0,94667197.71688412,231497867.7744801,-94081329.143004,-134944534.9643736
2015-05-29,0.0,1.1985714285714284,0.0198019801980198,27802.39257825,2113.96496575,3344457500.0,13.62,18085.3320315,103290000.0,4515.7325439999995,1826772500.0,20487.6882814,187580.0,7001.899902249998,776353700.0,2663127625.0,999.1479982,370275520.0,11.77350902557373,429370462.702361,88.91986018145089,142.2013105551406
2015-06-05,0.0,0.08428571428571427,0.0198019801980198,27506.6804686,2104.8140624000002,3120956000.0,14.158,17976.7238282,83784000.0,4502.963964799998,1828280000.0,20507.1316408,174980.0,6899.240039200001,759771600.0,2101138780.0,976.223999,434428300.0,-457077006.3739606,79.37568351019506,454248698.95853734,651547156.9345906
2015-06-12,0.0,0.10714285714285714,0.0198019801980198,27036.365625,2093.5200192,3042810000.0,13.922,17893.839844000002,89416000.0,4457.3679688,1662476000.0,20277.980078,164800.0,6801.139941399999,662176580.0,2031577840.0,958.9800048000001,383163860.0,-1492395415.734152,-1945195348.4050813,1483160446.525616,2127356745.839038
2015-06-19,0.0,0.26857142857142857,0.0198019801980198,26727.497656400006,2102.4779784,3434776000.0,14.37,17952.6359376,122920000.0,4480.613964800002,1900830000.0,20206.0117188,133660.0,6703.920019599998,801430040.0,1774715180.0,944.3380007999999,568725700.0,-3321786775.315692,-6294797886.839463,3301231277.173683,4735089145.518223
2015-06-26,0.0,0.1257142857142857,0.02734375,27125.7800782,2111.8860352,3492754000.0,13.228,18013.3917972,99168000.0,4523.1339844,2064176000.0,20716.6378908,151780.0,6813.379980399999,650098300.0,1921564920.0,986.7000002,562297420.0,14.926977157592773,-13937389602.126991,100.80303556081516,118.06111705802755
2015-07-03,0.0,0.08285714285714285,0.02734375,26140.859863499998,2068.73748775,3620325000.0,17.49000025,17675.9697265,103222500.0,4409.8125,1841345000.0,20347.4578128,148120.0,6593.279980599998,694800660.0,2394602650.0,949.4159912,634863720.0,16069073178.034376,104.67240770470508,-15969635565.679527,-22905892760.99298
2015-07-10,0.0,0.08571428571428573,0.02734375,24604.4437502,2064.9420656,3613136000.0,17.911999800000004,17656.987890599998,90424000.0,4394.295996,1851386000.0,19972.335937599997,191300.0,6542.720117,751179240.0,3894746900.0,929.7899904,589262180.0,52481540937.04703,67293129064.89482,-52156778205.36721,-74810571916.10478
2015-07-17,0.0,0.2457142857142857,0.02734375,25195.7457032,2113.3759766,3190098000.0,12.912,18057.6257814,87024000.0,4560.5600586,1749226000.0,20437.89375,136560.0,6763.439941600001,591944740.0,1704752240.0,992.9039918,499287020.0,116833511515.00545,219717755109.87634,-116110530301.35324,-166542019771.735
2015-07-24,0.0,0.8099999999999999,0.02734375,25350.243750200007,2108.6879392,3585296000.0,12.594000000000001,17834.2375002,95934000.0,4627.506152200001,1926434000.0,20666.02978525,127425.0,6691.979980599999,589278840.0,1155553540.0,997.6880006,345499700.0,216721093134.95007,489049636070.953,-215379994336.73083,-308928218752.34424
2015-07-31,0.0,0.1542857142857143,0.01497005988023952,24521.9218752,2096.3859864,3850828000.0,13.158,17651.6179688,99444000.0,4569.6839844000015,1938704000.0,20417.994140400002,152400.0,6611.319922,788822020.0,1730885900.0,977.76001,515731620.0,23.855627059936523,87.27613997096138,51.49281967826278,107.60328407161056
2015-08-07,0.0,0.19142857142857145,0.01497005988023952,24451.8898438,2090.4660644000005,3768210000.0,13.046,17496.4980468,93472000.0,4559.7520508,1990116000.0,20614.3058594,165560.0,6718.6400392000005,842757120.0,1176461420.0,1001.3719972,481458540.0,-981866201647.4033,-2365767132915.941,975790283918.0195,1399615388369.5735
2015-08-14,0.0,0.4542857142857143,0.01497005988023952,24189.035937599998,2089.8459962,3501872000.0,13.174,17461.233984600003,97302000.0,4533.070019200001,1781340000.0,20607.4417968,155000.0,6618.180078,765023560.0,1517314120.0,975.6920044,410468000.0,-3177413945707.9526,-7726587743013.485,3157751688317.5513,4529290697595.032
2015-08-21,0.0,1.0014285714285711,0.01497005988023952,23124.9121094,2057.117993,3654262000.0,17.846,17171.137890799993,122340000.0,4440.3479492000015,1930658000.0,20173.3421874,139720.0,6407.1399414,648976340.0,1879323920.0,939.502002,348532220.0,-7035179665986.917,-17200797810280.143,6991645044304.791,10028398679345.443
2015-08-28,0.0,1.09,0.0392156862745098,21437.5703128,1935.571997,5217994000.0,31.8460002,16224.215820399999,203866000.0,4185.692040999998,2607744000.0,18486.993750200007,250820.0,6079.8599608,1176404360.0,3265445040.0,882.1300048,721238900.0,31.47818374633789,-31906733314790.69,20.829575502112576,111.38439574580171
2015-09-04,0.0,1.1142857142857143,0.0392156862745098,21157.8896485,1941.4479982,3743472000.0,27.866,16282.979687600002,136662000.0,4218.562011600001,1879976000.0,18225.2242188,171280.0,6094.69995125,812300575.0,2369040350.0,886.4660035999998,428948420.0,33967619273910.39,77.39725272830906,-33757423155455.652,-48419634527462.58
2015-09-11,0.0,0.06571428571428571,0.0392156862745098,21408.1476564,1956.19754025,3511420000.0,24.6750005,16377.435059,117495000.0,4294.12744125,1815327500.0,18124.3800782,179080.0,6144.6399416,639552760.0,2266440680.0,885.6199952000002,543741020.0,110907172377212.98,144555117186817.16,-110220864133045.98,-158094234090731.88
2015-09-18,0.0,0.32142857142857145,0.0392156862745098,21751.8503906,1974.9320068,4015154000.0,22.312000200000004,16554.015820200002,151324000.0,4352.3058593999995,1977048000.0,18133.2519532,140360.0,6148.5000978,893838780.0,1815066800.0,883.3480099999998,520189160.0,246858153531502.44,467794333297921.6,-245330562643671.47,-351887527877051.9
2015-09-25,0.0,0.14714285714285716,0.0392156862745098,21427.744140799998,1942.4099854000003,3616308000.0,22.3599998,16327.307812600002,109756000.0,4273.9200196,1943418000.0,17726.169922,176350.0,6029.440039,813982160.0,1688229320.0,860.7959962000001,446585140.0,457860056958342.06,1035753363385884.0,-455026758398253.3,-652663245073777.8
2015-10-02,0.0,0.39428571428571424,0.02373887240356083,20969.66341133333,1912.2139892,4269258000.0,24.489999800000003,16216.0197266,131024000.0,4165.6621094,2279344000.0,17482.3300782,156020.0,6026.440039,939308100.0,2277560033.333333,850.8900024000002,779879800.0,24.70808982849121,75.74017472140042,19.609640231423498,118.01788337325405
2015-10-09,0.0,0.15714285714285714,0.02373887240356083,22203.1179688,1998.2240236,4169880000.0,18.3680002,16922.829687600002,113564000.0,4338.35,2005744000.0,18218.8820312,154520.0,6350.4999998,810392220.0,2071740900.0,898.03999,816262620.0,-2074263525672069.5,-5000878098080134.0,2061427708764130.8,2956788964727302.5
2015-10-16,0.0,0.4614285714285714,0.02373887240356083,22745.367969000006,2014.4719724,3456296000.0,16.594,17099.244140600003,112170000.0,4387.8520508,1721906000.0,18128.6103515,137650.0,6339.960058600001,622516000.0,1755781000.0,899.5779905999999,569980000.0,-6712472028386561.0,-1.6328293272075378e+16,6670934364107064.0,9568390406490444.0
2015-10-23,0.0,0.055714285714285716,0.02373887240356083,23015.534668,2042.2059814,3757184000.0,15.268000199999998,17350.423437600002,128542000.0,4488.2160158,1912264000.0,18430.7660158,130880.0,6373.239941599999,623213960.0,1336518500.0,918.9080078,476905960.0,-1.4862167016472072e+16,-3.634365786320629e+16,1.47701979622418e+16,2.118549108267221e+16
2015-10-30,0.0,0.15571428571428572,0.020134228187919462,22935.1058596,2079.2379884,4113186000.0,14.945999999999998,17680.6679688,117160000.0,4653.65,1966272000.0,18929.1976564,143100.0,6395.399902599999,673616160.0,1534201800.0,939.35,540774400.0,19.644874572753906,237.08196213853827,68.60896335299901,365.9805057086965
2015-11-06,0.0,0.4971428571428572,0.020134228187919462,22782.081641,2103.056006,4106372000.0,14.716,17877.6500002,99876000.0,4710.1298828,2026768000.0,18998.04003875,143125.0,6375.3999024,661809660.0,1732019200.0,951.5279910000003,251125960.0,7.1758180301355576e+16,1.758116743018955e+17,-7.1314131195441256e+16,-1.022887367096751e+17
2015-11-13,0.0,0.33714285714285713,0.020134228187919462,22553.1398438,2060.8620118,3938264000.0,17.264,17576.844531400002,114676000.0,4605.052050799999,1850242000.0,19660.0140624,138780.0,6232.940039,702186400.0,1721555300.0,941.8939942,227424940.0,2.3429652516792048e+17,5.7420035902683085e+17,-2.328466672969053e+17,-3.3398137291450426e+17
2015-11-20,0.0,0.6857142857142857,0.020134228187919462,22343.654297,2071.5239744000005,3930538000.0,17.262,17653.2460938,135872000.0,4625.2879882,1851806000.0,19682.6242188,126580.0,6271.7399414,695271020.0,1453605920.0,947.677991,210356480.0,5.214991858800205e+17,1.2782750481591578e+18,-5.182720799772153e+17,-7.433785624826372e+17
2015-11-27,0.0,0.10857142857142857,0.015706806282722512,22461.7582032,2088.6775512500008,2948172500.0,15.464999999999998,17807.91259775,106732500.0,4674.38757325,1486557500.0,19900.205078,124750.0,6337.720117200001,607639360.0,1404076380.0,952.0119874000003,192556740.0,13.429577827453613,2.371144735683228e+18,20.503121626281946,241.11915480734783
2015-12-04,0.0,0.3428571428571429,0.015706806282722512,22302.071875,2080.7719726000005,4091838000.0,15.925999999999998,17732.65,125388000.0,4677.952050800001,2061076000.0,19828.476562599997,132100.0,6337.2,728289500.0,1892556200.0,943.0079957999999,277894280.0,-2.52274113534928e+18,165.83636742918173,2.507130079705162e+18,3.596077864526564e+18
2015-12-11,0.0,0.10428571428571427,0.015706806282722512,21816.1542968,2050.5760252,4123770000.0,19.355999999999998,17526.154297,115446000.0,4638.2280276,1931812000.0,19353.770312599998,127920.0,6105.2600586,745752280.0,1491419020.0,906.2879762,255790620.0,-8.239264323044958e+18,-1.0742594741419923e+19,8.188278666208693e+18,1.174477858109021e+19
2015-12-18,0.0,0.11285714285714285,0.015706806282722512,21582.6101564,2037.1720214,4922378000.0,20.236000800000006,17453.378125,170020000.0,4589.0041016000005,2385962000.0,18967.918359400002,153580.0,6021.6,860601560.0,1663217980.0,894.4300050000003,303408380.0,-1.8342109665964173e+19,-3.476407507110594e+19,1.8228606266581015e+19,2.614602569968409e+19
2015-12-25,0.0,0.21714285714285714,0.015706806282722512,21950.1049805,2046.350006,3044272500.0,16.65250025,17455.91699225,84912500.0,4599.292358749999,1382110000.0,18840.3671875,135650.0,6119.633300999999,515984933.3333333,996339125.0,899.617508,150625475.0,-3.4023817266984063e+19,-7.697187657158744e+19,3.381327338789254e+19,4.8499742770301346e+19
2016-01-01,0.0,1.51,0.017543859649122806,21928.947266,2060.540038750001,2514317500.0,17.1225,17569.5371095,70770000.0,4639.4274905,1344782500.0,18963.097005333333,99900.0,6294.350098,388129600.0,802493675.0,911.5566606666665,110741066.66666669,16.98362159729004,142.4772198231344,20.47554582135494,134.0186136117311
2016-01-08,0.0,0.7300000000000001,0.017543859649122806,20856.740234599998,1976.95,4417938000.0,22.5260002,16814.9318358,138430000.0,4400.5060546,2231152000.0,18096.3203128,153400.0,6034.099999800001,774908180.0,1981612060.0,873.9360108000002,242086460.0,1.5414667630308963e+20,3.7163960585238715e+20,-1.5319279629241215e+20,-2.1973061079337986e+20
2016-01-15,0.0,0.5342857142857144,0.017543859649122806,19774.664062400003,1910.9600098,5058230000.0,24.5919996,16286.666211000002,159368000.0,4242.888086,2491194000.0,17330.66259775,167600.0,5896.8600586,916993960.0,1893018160.0,848.0700073999999,284273120.0,4.988335458103865e+20,1.2134349921943049e+21,-4.957466978846595e+20,-7.110694977919981e+20
2016-01-22,0.0,1.5242857142857142,0.017543859649122806,19076.4441408,1879.1374815,5331247500.0,25.667500000000004,15939.73730475,156805000.0,4171.42993175,2549942500.0,16679.183594,180840.0,5800.819922,906386700.0,2264083700.0,830.2020018000002,294244860.0,1.1044779426899923e+21,2.7008742102344836e+21,-1.0976432871720573e+21,-1.5743940691780145e+21
2016-01-29,0.0,0.4571428571428572,0.017699115044247787,19226.4660156,1899.4519774,4740788000.0,22.4760004,16106.570117200003,145574000.0,4204.8939454,2211126000.0,17108.6960938,178860.0,5958.8999024,882337880.0,1974364160.0,860.1639892000001,266753320.0,28.638952255249023,5.009445311181656e+21,42.781122645061046,447.19856783518264
2016-02-05,0.0,0.8557142857142858,0.017699115044247787,19301.0378908,1910.0880125999997,4816386000.0,21.765999800000003,16312.185937599996,130606000.0,4168.774072599998,2262984000.0,17334.348047,234600.0,5913.220019799999,953526620.0,1665656480.0,846.1800048000001,303533940.0,-5.332697675589323e+21,89.65796060264897,5.299698237406629e+21,7.601571084995181e+21
2016-02-12,0.0,0.5542857142857143,0.017699115044247787,18432.6904295,1850.2739744,5097714000.0,26.4740002,15918.037890800002,144106000.0,3971.2319824,2482352000.0,15938.93530275,263075.0,5647.7,1057856940.0,1944127800.0,790.9040037999998,357874940.0,-1.741171247740771e+22,-2.2694510112681e+22,1.7303966498822946e+22,2.4819777561060664e+22
2016-02-19,0.0,0.7899999999999999,0.017699115044247787,19122.6742188,1914.50247175,4540387500.0,22.1475,16363.915038999998,126350000.0,4154.7525635,2068500000.0,16015.467969,202140.0,5927.8,789454600.0,1680117700.0,825.3999876,268791520.0,-3.87551417987849e+22,-7.3441133416231865e+22,3.851531985802406e+22,5.524407780344958e+22
2016-02-26,0.0,0.72,0.020491803278688527,19264.8437502,1939.2640138,4145866000.0,19.9999996,16574.937890600002,97326000.0,4214.2300782,1806542000.0,16081.527929799999,154760.0,5995.2,852614040.0,1352925120.0,833.6299928000002,239312200.0,24.87165451049805,-1.626069183000231e+23,26.272141839100374,244.64572999430192
2016-03-04,0.0,0.7142857142857143,0.020491803278688527,19728.267969,1978.0839842,5041234000.0,17.7800004,16846.314062600002,106752000.0,4304.795996,2033088000.0,16566.7519532,175340.0,6145.4,909755140.0,1773928080.0,861.7160154,246751140.0,1.8747717670844837e+23,96.47127461704748,-1.863170431550731e+23,-2.6724205500848685e+23
2016-03-11,0.0,0.32857142857142857,0.020491803278688527,20070.316015599998,1996.4079834000006,4420672000.0,17.7819998,17049.3699218,113270000.0,4302.1740234,1921052000.0,16825.577734600003,167320.0,6126.1199218,853550960.0,1587532820.0,862.0699950000002,270558920.0,6.122998521160616e+23,7.851060043053285e+23,-6.085108596870192e+23,-8.728116863812098e+23
2016-03-18,0.0,0.5357142857142857,0.020491803278688527,20431.45,2030.5920168,4427754000.0,15.442000000000002,17378.042187400002,149422000.0,4389.940038999999,1964962000.0,16997.2921876,143960.0,6176.160058799999,810293880.0,1583460720.0,873.3640012,285976340.0,1.3630914900123413e+24,2.5634374774374537e+24,-1.354656499675662e+24,-1.9430384932773675e+24
2016-03-25,0.0,1.0285714285714285,0.020491803278688527,20577.93505875,2043.5125122500006,3460572500.0,14.41,17556.18994175,87050000.0,4418.17248525,1632262500.0,16986.152832,127375.0,6170.72509775,629458950.0,1367449975.0,867.6275025,198720050.0,2.5284755541867893e+24,5.705720802217866e+24,-2.512829013200825e+24,-3.604252074856157e+24
2016-04-01,0.0,1.0342857142857145,0.029126213592233014,20611.32763675,2057.7060058,3537400000.0,13.934,17672.6,88688000.0,4474.482031199998,1698366000.0,16807.9378908,141520.0,6157.52502425,723503775.0,1694285000.0,864.6699980000002,219869025.0,17.743234634399414,84.74242408908384,49.187943138521874,183.77106191752486
2016-04-08,0.0,0.5042857142857142,0.029126213592233014,20255.0302735,2053.4939698,3710442000.0,15.029999999999998,17635.058594000002,93996000.0,4495.290039,1738256000.0,15828.5619142,155240.0,6151.760058400001,699045340.0,1536133125.0,846.0339965999998,213685020.0,-1.1455390210243403e+25,-2.7601302100373158e+25,1.1384502741255217e+25,1.6329251775912779e+25
2016-04-15,0.0,0.4085714285714285,0.029126213592233014,20951.648437599997,2069.9279784,3893346000.0,14.458000000000002,17801.9660158,96500000.0,4521.452050800001,1714374000.0,16364.043945399999,148880.0,6302.859961,766761680.0,1639919140.0,871.2840087999999,238356520.0,-3.70707501142388e+25,-9.014576267005863e+25,3.6841351411893233e+25,5.284303729750386e+25
2016-04-22,0.0,0.8114285714285714,0.029126213592233014,21384.662109599998,2096.1200194000003,3872892000.0,13.407999999999998,18028.0597654,103252000.0,4532.365918,1810994000.0,16998.607617200003,164880.0,6372.1999022,745153420.0,1519499600.0,895.1060058,218790360.0,-8.207913474968155e+25,-2.0068095888021344e+26,8.157121821324246e+25,1.1700089060939491e+26
2016-04-29,0.0,0.5485714285714286,0.027472527472527472,21305.677734200002,2083.15,3998320000.0,14.546,17922.7023438,104604000.0,4409.804004,1976786000.0,17187.28027325,176800.0,6285.9199216000015,803035320.0,1416260320.0,886.1119996,217563040.0,13.29628849029541,83.04940704712115,42.923388368010656,206.8214771450459
2016-05-06,0.0,0.6614285714285714,0.027472527472527472,20440.61474625,2060.7379884,3975588000.0,15.3919998,17738.934375,86746000.0,4334.869922,1912950000.0,16127.049805000002,164000.0,6135.1500245,764251950.0,1586087650.0,856.9799928,192964580.0,3.962987346255825e+26,9.708492887546364e+26,-3.938463856662509e+26,-5.6490976714090296e+26
2016-05-13,0.0,0.4300000000000001,0.027472527472527472,20017.905859800005,2063.6519774,3714614000.0,14.468,17720.239843800002,84794000.0,4354.727929600001,1774562000.0,16483.756054799996,147820.0,6135.3400390000015,648134880.0,1403409100.0,854.6099974000001,211396260.0,1.2939491496178428e+27,3.170819082167751e+27,-1.2859420212239272e+27,-1.844478543423536e+27
2016-05-20,0.0,0.6014285714285714,0.027472527472527472,19875.1378906,2050.771997,3813212000.0,15.546,17540.7300784,95668000.0,4343.9499998,1875450000.0,16629.380078,135140.0,6138.9398438,761749380.0,1360425880.0,851.7519898,187525340.0,2.8800833254675574e+27,7.058861555023398e+27,-2.862260989111445e+27,-4.1054564614581215e+27
2016-05-27,0.0,0.25857142857142856,0.03355704697986577,20196.277734400002,2080.7600588,3370424000.0,14.138,17750.400000200007,79116000.0,4455.2660158,1740616000.0,16703.6019532,112800.0,6231.0199218,716524020.0,1451963560.0,875.695996,194247920.0,14.465307235717773,1.3093928882105633e+28,76.84801711465681,216.39749663715256
2016-06-03,0.0,0.3942857142857143,0.03355704697986577,20802.384375,2100.1674805,3825020000.0,13.8725,17805.62255875,95937500.0,4521.2750245,1877332500.0,16892.7023438,128160.0,6204.4749757499985,937347425.0,2040478620.0,881.1880004000002,186244180.0,-1.3932342019228428e+28,121.18269568292256,1.3846126845000861e+28,1.9860058582437062e+28
2016-06-10,0.0,0.6114285714285714,0.03355704697986577,21174.74560525,2110.441992,3468828000.0,14.690000199999998,17942.8378906,76422000.0,4506.2178712,1711756000.0,16671.2335938,122760.0,6241.4199218,692035520.0,1599628600.0,872.4160034,183171460.0,-4.5502983924661326e+28,-5.932281468139533e+28,4.522140544478159e+28,6.48628870273393e+28
2016-06-17,0.0,1.375714285714286,0.03355704697986577,20315.2878906,2075.018017600001,3855486000.0,20.0779998,17691.146093800002,126038000.0,4411.157910200001,2020040000.0,15766.311913999998,143220.0,5981.3799806,940685340.0,1881372620.0,826.7920044,282067960.0,-1.012979669087423e+29,-1.919744047521822e+29,1.0067112169823264e+29,1.4439665307619295e+29
2016-06-24,0.0,0.14,0.03355704697986577,20620.2457032,2081.6659910000008,4152774000.0,20.2060002,17765.4500002,122204000.0,4394.294042600001,2261894000.0,15878.099804799998,147680.0,6233.720117200001,1460640300.0,2125564080.0,856.965991,330551800.0,-1.879033321639149e+29,-4.250546598024624e+29,1.867405615042445e+29,2.6784952447048414e+29
2016-07-01,0.0,0.8957142857142857,0.0380952380952381,20407.56250025,2061.8420165999996,4428096000.0,17.927999800000002,17624.8,114500000.0,4342.282128800001,2153320000.0,15491.516015600002,152160.0,6312.959961,1603184180.0,1827166025.0,828.8619874,336333980.0,20.138280868530273,128.4129957184677,271.0724617762237,415.93312346201714
2016-07-08,0.0,0.6442857142857142,0.0380952380952381,20715.259765799998,2104.01995825,3694952500.0,14.625,17950.46484375,92920000.0,4460.847534,1796615000.0,15441.468163999998,126580.0,6531.1399416,1076705000.0,1403418540.0,832.4900024000002,226342880.0,8.513058345288122e+29,2.0522710466417902e+30,-8.460378414847461e+29,-1.2135062232881489e+30
2016-07-15,0.0,1.2071428571428569,0.0380952380952381,21329.5839844,2153.4439454000008,3488338000.0,13.124,18393.9359376,92542000.0,4576.8820312,1697404000.0,16183.928125199998,165520.0,6671.540038800001,961702500.0,1903858780.0,861.0479978000002,216425560.0,2.754907976368332e+30,6.700839952109494e+30,-2.737860241620239e+30,-3.927023448346852e+30
2016-07-22,0.0,0.6357142857142858,0.0380952380952381,21864.7238282,2168.7779785999996,3130338000.0,12.188,18555.0339844,85824000.0,4638.65,1735390000.0,16710.66796875,121925.0,6710.4399412,738446060.0,1346828520.0,865.758008,170286860.0,6.09970023046437e+30,1.4914788188389698e+31,-6.061954479076723e+30,-8.694905978128998e+30
2016-07-29,0.0,0.17714285714285713,0.021621621621621626,22081.5738282,2169.5800294,3639634000.0,12.668,18465.5140624,94170000.0,4698.512011600001,1990896000.0,16542.851757999993,149760.0,6726.0,848352280.0,1688657660.0,873.2380003999998,215811680.0,16.571577072143555,2.7663197227468993e+31,116.30263661925957,366.5181911343746
2016-08-05,0.0,0.4928571428571429,0.021621621621621626,21961.64501975,2167.7560546,3702708000.0,12.495999999999999,18393.771875,81724000.0,4748.9200196,1973158000.0,16323.933789,150160.0,6701.499999800001,821234900.0,1421207650.0,860.85,207526480.0,-2.945088895369704e+31,104.35118504632021,2.926864295953498e+31,4.198119591939664e+31
2016-08-12,0.0,0.32857142857142857,0.021621621621621626,22560.0519532,2181.5919922,3268124000.0,11.688,18549.5980468,65546000.0,4794.8541016,1590660000.0,16767.64501975,125500.0,6871.5,738233760.0,1790542040.0,879.0959962000002,152548680.0,-9.6159662869299e+31,-1.2532379753537014e+32,9.556461416345329e+31,1.3707218321341744e+32
2016-08-19,0.0,0.06571428571428571,0.021621621621621626,22920.7019532,2184.2819824000007,3209842000.0,11.882,18582.4558594,72966000.0,4808.9161132,1654254000.0,16648.7082034,112680.0,6884.460058399999,619774260.0,2201423800.0,875.430017,141183580.0,-2.1403301798547815e+32,-4.055571894199943e+32,2.1270855337568e+32,3.050964633154189e+32
2016-08-26,0.0,0.4942857142857143,0.014285714285714284,22908.421484600003,2177.2979492000004,3055794000.0,13.076,18480.4023438,72584000.0,4793.9300779999985,1584998000.0,16521.9017578,98300.0,6837.559961000001,638607240.0,1638585080.0,872.5360108000001,142435820.0,14.333317756652832,-8.979491696952253e+32,155.27431498838786,170.5431558012549
2016-09-02,0.0,0.1357142857142857,0.014285714285714284,23048.6738282,2175.6580075999996,3182242000.0,12.988,18453.8867186,76156000.0,4784.1620116,1561230000.0,16840.5539064,123120.0,6810.7249757499985,936618700.0,1868135900.0,880.2719969999997,184624300.0,1.0353801862650105e+33,88.80739278953683,-1.0289731167983394e+33,-1.4758976721888163e+33
2016-09-09,0.0,0.24285714285714285,0.014285714285714284,23839.6160158,2170.4375,3682217500.0,13.4925,18407.40478525,87752500.0,4786.727417,1926220000.0,17011.3160156,120680.0,6837.560058600003,737326620.0,2028875340.0,892.5819945999998,177253180.0,3.3815483359874285e+33,4.335518390512553e+33,-3.360622867854091e+33,-4.820277018707007e+33
2016-09-16,0.0,0.3728571428571428,0.014285714285714284,23258.147461,2139.6500002,4040866000.0,16.563999600000002,18152.5742188,137502000.0,4774.3019532,2189310000.0,16588.0996096,114440.0,6696.079882999999,894227020.0,1830940650.0,864.1940063999999,249942340.0,7.52794524434513e+33,1.4155834072689307e+34,-7.481361324002006e+33,-1.073081850501055e+34
2016-09-23,0.0,0.3142857142857142,0.014285714285714284,23639.498047,2156.7740234000007,3377168000.0,13.812,18239.5480472,80966000.0,4841.062011600001,1825886000.0,16684.596354333335,150200.0,6859.999902399999,710525420.0,1873713780.0,877.523999,180568700.0,1.3964011706515985e+34,3.150817511737713e+34,-1.387760055607683e+34,-1.990520259655541e+34
2016-09-30,0.0,0.4214285714285714,0.06748466257668713,23509.218359600003,2159.3600100000003,3793592000.0,13.460000000000004,18222.7941406,101728000.0,4854.6299806000015,1841404000.0,16567.488281600006,123860.0,6858.759960799999,862449320.0,1654887060.0,877.4500002000002,197093760.0,13.763620376586914,82.86966508432559,93.0794442353595,248.8558711480967
2016-10-07,0.0,1.2128571428571429,0.06748466257668713,23773.3000002,2157.1859862,3575286000.0,13.302,18242.4636718,77152000.0,4868.458008,1673412000.0,16782.55,105100.0,7027.099902399998,1046475200.0,1225091660.0,884.306006,209826480.0,-6.326468244222338e+34,-1.5242012187297261e+35,6.2873192223875195e+34,9.01815572548952e+34
2016-10-14,0.0,0.7914285714285715,0.06748466257668713,23305.29541,2141.0199706,3228104000.0,15.492000400000002,18167.84375,80632000.0,4829.3800782,1616312000.0,16873.84228525,112100.0,7036.740038999998,913923940.0,1863808550.0,881.3160035999998,205137460.0,-2.047306281871747e+35,-4.978036210950713e+35,2.034637279951955e+35,2.9183623713836974e+35
2016-10-21,0.0,0.2814285714285714,0.06748466257668713,23277.8251955,2138.5780274,3229816000.0,14.597999800000002,18151.8039064,89048000.0,4831.4139648,1567390000.0,17056.5457032,104400.0,7003.4,770888120.0,1161484050.0,890.6880002,187174380.0,-4.532984298018744e+35,-1.1082019282598266e+36,4.504933591936077e+35,6.461608076206632e+35
2016-10-28,0.0,0.8014285714285714,0.02985074626865672,23316.355859400002,2138.6739746,3821640000.0,14.4540002,18184.4996094,89890000.0,4860.8100586,1730404000.0,17354.8679688,113940.0,6989.000000200002,853184640.0,1356804660.0,892.0919921999998,200179920.0,13.282416343688965,-2.0556664739607686e+36,83.53837133955706,243.3046228767621
2016-11-04,0.0,0.3885714285714285,0.02985074626865672,22843.6476566,2101.9299316,4085548000.0,19.9059996,17991.621875,95118000.0,4726.936035199999,1962926000.0,17226.86474625,137550.0,6840.1,849018100.0,1207503180.0,868.2779908,201866840.0,2.188638984634806e+36,105.27616531066955,-2.1750953972665709e+36,-3.119827118130129e+36
2016-11-11,0.0,0.08285714285714285,0.02985074626865672,22699.2519532,2153.254004,5071366000.0,16.1479998,18567.5140622,123614000.0,4780.562011600001,2348876000.0,17063.8681642,191820.0,6824.039941399999,1160929960.0,1928176420.0,873.7700072,304310880.0,7.146092847518902e+36,9.313304032356199e+36,-7.101871880287049e+36,-1.0186501479176235e+37
2016-11-18,0.0,0.2885714285714286,0.02985074626865672,22286.7503906,2178.1099608000004,4224642000.0,13.553999999999998,18886.3281252,100010000.0,4778.6820314,2104640000.0,17806.604296999998,173340.0,6773.220117,944055940.0,1493110600.0,870.6599856,233005260.0,1.5905835912068651e+37,3.0138752161841555e+37,-1.580740849674238e+37,-2.267320401554482e+37
2016-11-25,0.0,0.06571428571428571,0.02985074626865672,22608.8957032,2204.7974855,3142047500.0,12.4,19053.96972675,72400000.0,4864.17993175,1504232500.0,18245.89746075,142975.0,6817.080078000001,684292280.0,1501890320.0,878.8660035999999,184703980.0,2.9501342501700414e+37,6.673085092718979e+37,-2.931878429431351e+37,-4.2053115659642395e+37
2016-12-02,0.0,0.0,0.14375,22760.0921878,2197.6439941999997,4317886000.0,13.514,19141.085937599997,105652000.0,4802.902051,1918546000.0,18382.321875200007,164100.0,6767.779980399999,883562680.0,2034586420.0,877.9119993999999,228065740.0,18.364267349243164,119.05319159865364,540.4187012881939,606.1180165525539
2016-12-09,0.0,0.16571428571428573,0.14375,22720.888281400006,2232.8020018,4067486000.0,12.107999999999999,19477.8597656,329400000.0,4834.7679686,2033074000.0,18578.8117188,168940.0,6862.920019599998,923953700.0,1457193880.0,898.3800050000001,267922400.0,-1.3365122766148652e+38,-3.2219335477431556e+38,1.328241761964377e+38,1.905150768843057e+38
2016-12-16,0.0,0.15714285714285714,0.14375,22283.2976564,2260.4120116,4477522000.0,12.707999999999998,19839.164062599997,412266000.0,4915.925976600001,2268216000.0,19266.8195314,156940.0,6963.760058600001,994424140.0,1992855500.0,919.7999880000001,276409300.0,-4.3250537655121306e+38,-1.0519887675503447e+39,4.298289761052392e+38,6.165210489141981e+38
2016-12-23,0.0,0.1985714285714286,0.14375,21716.5000002,2264.6439942,2859250000.0,11.46,19930.466406400006,251916000.0,4942.3940432,1516924000.0,19439.5722655,117350.0,7046.900097400001,520684040.0,1408531960.0,929.1619873999999,147554660.0,-9.576154827376334e+38,-2.3415257924826754e+39,9.516896315366441e+38,1.3650468500106006e+39
2016-12-30,0.0,0.3928571428571429,0.06504065040650407,21848.736979,2251.72247325,2346677500.0,13.0875,19840.27441425,197710000.0,4918.5,1338575000.0,19292.1863282,110940.0,7123.066569333332,390358566.6666667,2148352833.333333,932.33500675,92029550.0,12.270270347595215,123.52065159776195,275.1201726115303,296.7930412424397
2017-01-06,0.0,0.15857142857142856,0.06504065040650407,22311.14257825,2268.6400145,3659282500.0,11.9225,19921.7524415,291702500.0,4955.142578,1818235000.0,19523.059895666665,139033.33333333337,7193.25,750188375.0,1490169150.0,940.8939944,150934720.0,4.6236019547819856e+39,1.1327081372681944e+40,-4.5949904946599015e+39,-6.590780326603397e+39
2017-01-13,0.0,0.4657142857142858,0.06504065040650407,22801.0578122,2271.6399411999996,3404042000.0,11.415999999999999,19894.7839844,298628000.0,5042.2439454,1808716000.0,19272.02197275,119100.0,7286.799902399999,832312840.0,1421332060.0,938.126001,189917100.0,1.509645126472862e+40,3.699421108834742e+40,-1.5003032428598268e+40,-2.1519454955285388e+40
2017-01-20,0.0,0.6785714285714286,0.06504065040650407,22918.650390799998,2268.6949465,3397795000.0,12.1675,19797.78515625,339667500.0,5053.7175292500015,1746595000.0,19002.659765599998,130740.0,7240.379980399999,775204500.0,1280784520.0,934.2119996,187562440.0,3.3601808812960193e+40,8.235588190978068e+40,-3.33938763779703e+40,-4.789818471153177e+40
2017-01-27,0.0,0.3085714285714286,0.12280701754385966,23126.4894532,2287.0020018000005,3511188000.0,10.972000000000001,19995.1519532,354650000.0,5128.64209,1781300000.0,19121.262109400002,132300.0,7162.379980399999,911468080.0,1270311260.0,934.5520018,192080940.0,17.735441207885742,1.5276658659976596e+41,474.80270698080324,699.973789682144
2017-02-03,0.0,0.3842857142857143,0.12280701754385966,23210.70703133333,2283.518017600001,3800202000.0,11.716,19936.50625,361828000.0,5141.618066399999,1980594000.0,19078.2097656,128120.0,7130.9,860176640.0,1280705200.0,924.602002,204685640.0,-1.6254803000612751e+41,126.9643623828927,1.615421613081023e+41,2.3170644202719667e+41
2017-02-10,0.0,0.16142857142857142,0.12280701754385966,23453.0125,2300.8560548,3464088000.0,11.168,20127.7636722,295868000.0,5197.8540038,1878458000.0,19036.337890799998,121880.0,7207.1,795535820.0,2089716620.0,927.9440063999999,202775220.0,-5.308813360373979e+41,-6.9211697842579956e+41,5.275961721491263e+41,7.56752484217945e+41
2017-02-17,0.0,0.14142857142857146,0.12280701754385966,23910.0597658,2342.6919921999997,3566332000.0,11.405999999999999,20554.449999800006,350064000.0,5291.1280274,1937602000.0,19343.6519534,136980.0,7285.559960799998,720802680.0,2780129440.0,945.7660032,205708980.0,-1.1818389729257865e+42,-2.2397574492139152e+42,1.1745255971258618e+42,1.6846694694201317e+42
2017-02-24,0.0,0.5071428571428571,0.12280701754385966,24078.4460938,2364.8375245,3723820000.0,11.6225,20787.669922,310515000.0,5344.63500975,1842597500.0,19333.477734599997,129200.0,7278.4199217999985,919971520.0,1927733080.0,945.7,201436260.0,-2.192259995503268e+42,-4.959094512900629e+42,2.1786940008410983e+42,3.124988740481642e+42
2017-03-03,0.0,0.14857142857142858,0.02112676056338028,23744.6125,2378.8779786000005,3902902000.0,12.064,20954.7824218,312580000.0,5361.117968799998,2055546000.0,19330.7941406,129320.0,7331.1999022,925321360.0,1908375980.0,952.9440062000001,218354740.0,15.69528579711914,122.6305474031856,250.13309315641877,460.1040416148425
2017-03-10,0.0,0.2057142857142857,0.02112676056338028,23625.969922,2368.8300294,3542496000.0,11.701999999999998,20899.2000002,285884000.0,5364.255957,1853280000.0,19380.1019532,109280.0,7336.3600588,882917420.0,1572797920.0,959.4280028,204972120.0,9.932148096356433e+42,2.3943757281856743e+43,-9.870686650936901e+42,-1.415792425787745e+43
2017-03-17,0.0,0.18714285714285714,0.02112676056338028,24009.735547,2376.761963,3751414000.0,11.554,20903.6238282,328462000.0,5402.765917999999,2073262000.0,19586.472265599998,118240.0,7386.920019600001,992355880.0,2063036140.0,966.5419924,233055040.0,3.2141391376338445e+43,7.817840852503838e+43,-3.194249619750907e+43,-4.581641153900336e+43
2017-03-24,0.0,0.722857142857143,0.02112676056338028,24420.2976562,2351.1759766000005,3425796000.0,12.54,20697.6941406,304210000.0,5366.5059572,1872976000.0,19211.2753905,121750.0,7362.059961000001,756465520.0,1897634940.0,968.4580080000001,29787440.0,7.116493692271844e+43,1.7401018492191366e+44,-7.072455888525597e+43,-1.0144308934923036e+44
2017-03-31,0.0,0.37857142857142856,0.03311258278145696,24268.8597658,2358.4140138000002,3245496000.0,11.872,20660.7023438,276408000.0,5417.544043,1767374000.0,19075.6839846,126380.0,7340.5999998,813540420.0,1714722560.0,977.5080078,0.0,14.347246170043945,174.0628937282922,151.9431208361034,275.9892955253074
2017-04-07,0.0,0.5414285714285715,0.03311258278145696,24300.8256835,2356.995996,3329646000.0,12.464,20661.3300782,255898000.0,5426.0760742,1877496000.0,18783.2882812,139580.0,7317.760058399999,790007840.0,2095513050.0,984.476001,36135420.0,-3.4360223870741498e+44,-8.417705799424084e+44,3.4147598263113963e+44,4.8979278432641384e+44
2017-04-14,0.0,0.7200000000000001,0.03311258278145696,24231.4501955,2346.204956,3060917500.0,15.2125,20588.60742175,247270000.0,5387.67492675,1673137500.0,18572.1660156,91280.0,7347.75,767294050.0,1466544800.0,984.97749325,0.0,-1.1218905985151247e+45,-2.7492199886070174e+45,1.1149481911810437e+45,1.5992151914477373e+45
2017-04-21,0.0,0.54,0.03311258278145696,23962.3549805,2346.7799804,3353046000.0,14.557999999999998,20538.232031400006,293850000.0,5415.216015599999,1643020000.0,18451.4578126,88840.0,7123.75,946373175.0,1494977475.0,973.20001225,64778225.0,-2.4971138987387274e+45,-6.120266659695531e+45,2.4816614278225925e+45,3.5595471491816964e+45
2017-04-28,0.0,1.2842857142857143,0.09027777777777778,24497.492187599997,2384.6359862,3921708000.0,10.725999999999999,20931.3878908,330962000.0,5550.423827999999,1899614000.0,19138.65,116000.0,7254.020117,993310100.0,1527223840.0,1012.2460083999999,49104800.0,17.03865623474121,-1.1352829026909654e+46,153.35011477760236,169.65927612168366
2017-05-05,0.0,0.16285714285714287,0.09027777777777778,24618.787109,2391.2879884,3761918000.0,10.482,20955.932422,294714000.0,5634.2539062,2001786000.0,19378.109375,109600.0,7257.525024500002,869312875.0,1796720600.0,1028.11248775,0.0,1.207973553768911e+46,163.40162325113076,-1.200498453727819e+46,-1.7219233859444e+46
2017-05-12,0.0,0.3157142857142857,0.09027777777777778,24952.85,2396.2539062,3551922000.0,10.188,20949.4394532,281734000.0,5676.0180666000015,1941414000.0,19896.848047,134880.0,7370.060058399999,811233740.0,1619320800.0,1039.5180177999996,0.0,3.945237715431666e+46,5.143458329193093e+46,-3.9208240629003436e+46,-5.623796203249695e+46
2017-05-19,0.0,0.2571428571428571,0.09027777777777778,25262.5097656,2381.493994,3840394000.0,12.672,20807.2957032,367144000.0,5657.4679688,2046928000.0,19749.8339844,125760.0,7477.399999799997,926806140.0,1702563660.0,1031.4280274,0.0,8.782820928987071e+46,1.6644728371978062e+47,-8.728471672016721e+46,-1.2519599212250548e+47
2017-05-26,0.0,0.0,0.024590163934426233,25498.6078126,2405.5439942000007,3223346000.0,10.294,21001.6777344,256244000.0,5739.955957,1687374000.0,19706.9019532,88560.0,7512.359961,713773000.0,1584745120.0,1027.3100344,0.0,11.798685073852539,3.685344641544465e+47,87.2675111575058,154.9593726256389
2017-06-02,0.0,0.2671428571428571,0.024590163934426233,25773.8881835,2423.4600219999998,3759522500.0,10.1075,21097.14746125,305205000.0,5820.34985375,1915372500.0,19809.659765800006,103780.0,7534.4749757499985,1065449800.0,2020722750.0,1025.2219971999998,17608000.0,-4.248930996077148e+47,135.11111926437584,4.222638049377879e+47,6.056700185680478e+47
2017-06-09,0.0,0.34,0.024590163934426233,25985.528125,2432.8260256,3519788000.0,10.354000000000001,21189.691797,310854000.0,5847.943945399999,2146522000.0,20011.5718754,114180.0,7501.339941600001,854163060.0,1965804820.0,1020.9760132,0.0,-1.3877119384256931e+48,-1.779377210246372e+48,1.3791245934994862e+48,1.9781340678146666e+48
2017-06-16,0.0,0.3585714285714285,0.024590163934426233,25725.5738282,2434.653955200001,3899322000.0,10.760000000000002,21336.576172,413428000.0,5713.887988199999,2313572000.0,19893.1859376,108900.0,7473.919921600001,1053648180.0,1547695680.0,1013.6760009999999,0.0,-3.0893173653463544e+48,-5.809818268087482e+48,3.070200261091385e+48,4.403712151972886e+48
2017-06-23,0.0,0.24,0.024590163934426233,25761.35,2439.7800291999997,3804514000.0,10.496,21439.641797,306236000.0,5772.7800782,2364678000.0,20136.0257814,87800.0,7461.539941600001,759681120.0,1384822960.0,1019.1099854,0.0,-5.7305702292621146e+48,-1.2931544275026142e+49,5.695108703119772e+48,8.168724275275735e+48
2017-06-30,0.0,0.3742857142857142,0.036036036036036036,25825.0761718,2428.449951,3513110000.0,10.722000000000001,21362.2960936,291114000.0,5700.431933800001,2160488000.0,20152.5160156,103640.0,7386.399902399999,829987820.0,1481480700.0,1003.5359988000004,0.0,12.227027893066404,91.35826522508323,86.85827933221466,144.46675537389143
2017-07-07,0.0,0.3914285714285714,0.036036036036036036,25500.2441406,2424.11999525,2898840000.0,11.505,21422.95459,255797500.0,5625.0374755,1663592500.0,20018.586328,92580.0,7358.0200196,733001760.0,1750047040.0,993.456006,0.0,2.5962685363770764e+49,6.255607123700525e+49,-2.580202483455302e+49,-3.700888562527724e+49
2017-07-14,0.0,0.0,0.036036036036036036,26031.348437599998,2440.6620118,3016362000.0,10.342,21508.1121094,250728000.0,5762.867968600001,1743212000.0,20118.7023438,83600.0,7381.699902199999,765172520.0,2077277180.0,1000.2040038,0.0,8.401777790338096e+49,2.0430792611600394e+50,-8.349786478682439e+49,-1.1976435755197892e+50
2017-07-21,0.0,0.0,0.036036036036036036,26622.7960938,2467.9140136,3011482000.0,9.688,21607.4101564,285142000.0,5895.750097599999,1759864000.0,20066.27734375,83525.0,7433.199999799997,651825680.0,1593466880.0,1004.013989,0.0,1.8602556966016132e+50,4.548268213170103e+50,-1.8487441884309918e+50,-2.65172840731528e+50
2017-07-28,0.0,0.24,0.030769230769230767,26950.0921874,2474.4779786,3593122000.0,9.772,21692.894140800006,311914000.0,5929.7399412,1998624000.0,20004.1019532,87060.0,7415.239941399999,876296260.0,1675976640.0,1003.0479982,0.0,14.35185432434082,8.436840135200385e+50,92.14345483723395,149.65201246389725
2017-08-04,0.0,0.5685714285714286,0.030769230769230767,27513.0582032,2474.642041,3457762000.0,10.22,21998.0378906,301042000.0,5896.1680662,1965808000.0,19994.5195316,102360.0,7438.720019400002,775104840.0,1857166760.0,1001.3520142,0.0,-8.98178344230987e+50,201.63855872845986,8.92620297900486e+50,1.280321320657014e+51
2017-08-11,0.0,0.0,0.030769230769230767,27525.9738282,2461.8759766000007,3273096000.0,12.7100002,21990.957812800007,258782000.0,5880.0379882,1929906000.0,19880.08789075,91075.0,7454.520019399999,689669800.0,2034266520.0,1002.954004,0.0,-2.932628876186684e+51,-3.8223543719903447e+51,2.9144813810163722e+51,4.180358277253923e+51
2017-08-18,0.0,0.7471428571428572,0.030769230769230767,27245.2105472,2450.8240722,3049520000.0,13.184,21888.562109600003,277824000.0,5864.1099608,1817832000.0,19638.5460936,87120.0,7376.5399412,579301520.0,1882062640.0,1000.1979982,0.0,-6.527471009020976e+51,-1.2369508255198235e+52,6.487078155505671e+51,9.304678025805136e+51
2017-08-25,0.0,0.21,0.030769230769230767,27480.77734375,2441.3880372,2757260000.0,12.06,21802.560156400006,240744000.0,5833.7239256,1553334000.0,19403.5980468,74080.0,7378.380078,603757560.0,2575778350.0,994.5079957999999,0.0,-1.2106824155887747e+52,-2.7387590802370904e+52,1.20319055275264e+52,1.7257847722325064e+52
2017-09-01,0.0,0.6285714285714287,0.051094890510948905,27929.2738282,2459.2660156,2821556000.0,10.992,21900.3718752,264390000.0,5921.9240234,1656430000.0,19531.340234400002,82720.0,7392.9499512500015,674640475.0,2285933680.0,988.2260008,0.0,16.157838821411133,147.66051546713092,91.35106687410507,190.48503619588416
2017-09-08,0.0,0.6142857142857144,0.051094890510948905,27657.3519532,2462.48004175,3380272500.0,11.8825,21785.879883,318702500.0,5940.38500975,1894230000.0,19384.6742188,85260.0,7382.620019600001,570199840.0,1545151340.0,996.0920166000001,19968780.0,5.484807727872563e+52,1.3223418610007888e+53,-5.450867012577868e+52,-7.818398560602173e+52
2017-09-15,0.0,0.12,0.051094890510948905,27881.2480468,2495.7620601999997,3631672000.0,10.484000000000002,22161.245703400004,358912000.0,5987.4739258,2027352000.0,19781.0296876,91740.0,7340.980078,968501660.0,1589347480.0,1016.252002,0.0,1.774924835003725e+53,4.317558894460302e+53,-1.763941365485148e+53,-2.5300922956059182e+53
2017-09-22,0.0,0.04857142857142858,0.051094890510948905,28065.967968600005,2504.316015600001,3154046000.0,9.874,22364.7121094,303480000.0,5962.608007600001,1829712000.0,20313.44287125,108150.0,7275.019921999998,733727140.0,1529778940.0,1019.976001,161483900.0,3.92988294485024e+53,9.610060319860184e+53,-3.905564309669136e+53,-5.601908523285619e+53
2017-09-29,0.0,0.09428571428571428,0.027027027027027032,27526.335937599997,2505.992041,3235514000.0,9.861999999999998,22341.482031599997,299824000.0,5919.7699219999995,1965368000.0,20342.8417968,82100.0,7319.219921999998,711517080.0,1786143040.0,1028.4799804,174258780.0,9.569581031799316,142.60832857129958,76.29107825292682,111.76234519636064
2017-10-06,0.0,0.20142857142857146,0.027027027027027032,28336.80989633333,2540.5680661999995,3043078000.0,9.486,22681.9941406,242188000.0,6019.5059572,1900586000.0,20592.1562502,69420.0,7481.079980599998,781702980.0,2497956233.333333,1044.2199952,166926340.0,-1.8974436811097872e+54,-4.648846303082977e+54,1.8857020487748947e+54,2.7047385580764213e+54
2017-10-13,0.0,0.07285714285714286,0.027027027027027032,28428.489844,2550.9419434,2944302000.0,9.956,22835.474219000003,299478000.0,6073.1480468,1775400000.0,20953.669922,87350.0,7534.319921799999,810586860.0,1640917560.0,1046.8019776,147115920.0,-6.195314029999425e+54,-1.5183116973833864e+55,6.15697660778044e+54,8.83120005255203e+54
2017-10-20,0.0,0.4057142857142857,0.027027027027027032,28549.6761718,2563.1140138,3035772000.0,10.062,23120.7339844,323384000.0,6110.585937399998,1725884000.0,21372.178125,87540.0,7526.460058399999,776810300.0,1615061680.0,1050.3380128,166907460.0,-1.3789582327824e+55,-3.3800396108823613e+55,1.3704250569439306e+55,1.9656559714078152e+55
2017-10-27,0.0,0.3157142857142857,0.0661764705882353,28280.994531,2566.545947,3653942000.0,10.912,23376.046094,430542000.0,6090.8861328,2070898000.0,21791.533594,100120.0,7497.940038999999,786746000.0,1619778240.0,1054.15,185534960.0,12.165973663330078,-6.269826780462317e+55,96.8729713755187,119.5172830932875
2017-11-03,0.0,0.14,0.0661764705882353,28459.6078126,2579.0280761999998,3783052000.0,9.99,23443.2878906,369300000.0,6251.354004,2114468000.0,22304.3195314,91260.0,7516.919921999999,852776140.0,2125001440.0,1068.8979734,177547660.0,6.670680898384212e+55,114.8435140933372,-6.629401843141632e+55,-9.508818635360432e+55
2017-11-10,0.0,0.1557142857142857,0.0661764705882353,28951.246093799997,2588.613965,3713322000.0,10.172,23510.6320314,306332000.0,6320.2958984,2138376000.0,22789.9800782,117380.0,7504.440039200002,727845060.0,1964983940.0,1059.8520264,208537980.0,2.1786422065407193e+56,2.8405776833358327e+56,-2.165160480556885e+56,-3.1055770661065673e+56
2017-11-17,0.0,0.23,0.0661764705882353,29080.757422200004,2578.5640626,3443290000.0,11.882,23387.409765599998,448982000.0,6304.3660158,1971458000.0,22307.448047,101500.0,7393.960058399997,877558380.0,1819822200.0,1033.4600098,210271040.0,4.850056110410588e+56,9.192383982246641e+56,-4.820043322036952e+56,-6.913582680350792e+56
2017-11-24,0.0,0.11714285714285715,0.0661764705882353,29731.226172,2595.1674805,2612247500.0,9.982500000000002,23526.3325195,258087500.0,6370.662475499998,1530287500.0,22438.06005875,73425.0,7409.320019600002,677217600.0,2039170180.0,1038.434009,162237640.0,8.996643561751718e+56,2.0353052507017796e+57,-8.940971142063148e+56,-1.2824395778907939e+57
2017-12-01,0.0,0.3,0.032,29448.491796599996,2628.8660156,3890874000.0,10.662,23972.4218752,384616000.0,6368.6680666,2195764000.0,22624.683984400002,92900.0,7373.080077999999,963609400.0,1837334860.0,1038.6639894,217844460.0,15.363214492797852,113.41202946713342,49.481161423335884,174.69898336424546
2017-12-08,0.0,0.0642857142857143,0.032,28629.783984200007,2637.3520018000004,3437948000.0,10.754000000000001,24230.448437400002,344162000.0,6296.5418944,2028424000.0,22563.1378906,85700.0,7345.859961,821570080.0,1839707480.0,1042.476001,200748960.0,-4.075976225846293e+57,-9.826966352530287e+57,4.050753546129306e+57,5.810159305176981e+57
2017-12-15,0.0,0.3842857142857143,0.032,28999.151952999997,2662.9540528,3868790000.0,9.87,24527.3320312,383720000.0,6405.6879881999985,2219142000.0,22762.1281252,86300.0,7477.820019600002,1005507920.0,2159322720.0,1043.5659912,222977920.0,-1.3190253089725544e+58,-3.208588280553869e+58,1.310863005989566e+58,1.880223717717983e+58
2017-12-22,0.0,0.8014285714285715,0.032,29296.6460938,2683.7580078,3201500000.0,9.76,24761.989844000003,325334000.0,6480.855957000002,1888968000.0,22886.0699218,79780.0,7560.600097600001,553706560.0,1460674740.0,1044.2059814,151772160.0,-2.9204819359999593e+58,-7.141703835767483e+58,2.902409607701311e+58,4.1630432455548224e+58
2017-12-29,0.0,0.3742857142857143,0.059701492537313425,29793.50716166667,2681.06756575,2191920000.0,10.485,24769.310547,226475000.0,6426.5374755,1399232500.0,22858.400000200007,38080.0,7643.799967333332,353165066.6666667,1477059400.0,1037.2699786666667,97132200.0,18.273292541503906,-1.3246072200758829e+59,182.29972181911788,83.71712682085173
2018-01-05,0.0,0.3657142857142857,0.059701492537313425,30656.845214999998,2719.0025025,3459447500.0,9.34,25029.422363499998,389805000.0,6581.2524415,2050375000.0,23610.4296875,102050.0,7684.825073250001,622453575.0,2502825575.0,1045.544983,178176675.0,1.4100822324958793e+59,158.0490066106369,-1.4013564572326842e+59,-2.01002212727568e+59
2018-01-12,0.0,0.13428571428571429,0.059701492537313425,31103.517968799995,2760.2060058,3497554000.0,9.892,25483.1703124,347914000.0,6696.8520506,4482202000.0,23750.609863499998,90075.0,7743.5,864645460.0,2145333080.0,1066.1900148,196427420.0,4.604038686480789e+59,6.000926267074342e+59,-4.57554828644917e+59,-6.56289358265259e+59
2018-01-19,0.0,0.72,0.059701492537313425,31920.771875,2796.82751475,3856230000.0,11.765,25999.510254,551755000.0,6798.28247075,2159675000.0,23821.2921876,79460.0,7736.439941399999,751980560.0,3281714960.0,1068.478003,171547080.0,1.0247709544547873e+60,1.9419446571570585e+60,-1.0184295363170706e+60,-1.460774589151176e+60
2018-01-26,0.0,0.32285714285714284,0.04794520547945205,32818.2742188,2844.352002,3656776000.0,11.252,26337.405859600003,452530000.0,6945.6719728,2124676000.0,23836.5261718,77440.0,7674.379882800001,729263540.0,3635986580.0,1071.530005,179725000.0,17.537302017211914,4.299683590391218e+60,247.78681839219828,154.16921004683348
2018-02-02,0.0,0.32,0.04794520547945205,32741.063672000004,2816.7759766,4013068000.0,14.589999799999998,26074.686719,456392000.0,6906.1660154,2310870000.0,23356.0476564,91560.0,7545.379980399999,807351560.0,3087392160.0,1059.5180176000001,194260460.0,-4.957307763483116e+60,97.0012661447127,4.926631287701928e+60,7.066466101540425e+60
2018-02-09,0.0,0.9028571428571428,0.04794520547945205,30624.505859400004,2645.257959,5357440000.0,31.509999600000004,24440.6460938,687108000.0,6492.540039199999,2893712000.0,21842.2335938,134700.0,7203.779980199999,1034377820.0,4320588480.0,1007.9539916000001,295135980.0,-1.6190551104761397e+61,-2.0759924846498724e+61,1.6090361834184347e+61,2.3079055407822256e+61
2018-02-16,0.0,0.4685714285714286,0.04794520547945205,30232.54736325,2696.1979492,3770954000.0,21.685999600000002,24910.9917968,425138000.0,6663.6639648,2079816000.0,21396.02001975,95700.0,7217.720019600001,755570560.0,2500982100.0,1004.7040038,213888500.0,-3.604312879260167e+61,-6.778290968158709e+61,3.5820089146842887e+61,5.137819961119765e+61
2018-02-23,0.0,0.2928571428571428,0.04794520547945205,31134.5927735,2717.2125245,3574367500.0,18.95749975,25008.75,397975000.0,6799.349975750001,1912135000.0,21934.8679688,71160.0,7254.579980399999,738843060.0,2006445800.0,1022.4400024,160934980.0,-6.685843959577076e+61,-1.5087177323774727e+62,6.644471073307318e+61,9.530433040401878e+61
2018-03-02,0.0,0.26857142857142857,0.018433179723502304,31047.9359374,2721.3260254,3957362000.0,19.259999800000003,25059.1078126,461406000.0,6861.090039200001,2234540000.0,21903.568359200002,83020.0,7209.9,798815020.0,2416899940.0,1022.0059813999999,207490880.0,26.628536224365234,200.0368390450197,69.09474188013061,87.2042724951713
2018-03-09,0.0,0.3857142857142857,0.018433179723502304,30448.954297000004,2740.2800291999997,3410238000.0,17.206000399999997,24958.237890800006,361724000.0,6958.260058800001,2189238000.0,21309.967969,86640.0,7169.659961,790837800.0,1937085160.0,1016.9299927999999,198609360.0,3.029056433428197e+62,7.298389696767802e+62,-3.010312231786252e+62,-4.317812334377615e+62
2018-03-16,0.0,0.09142857142857144,0.018433179723502304,31534.771875,2759.4300293999995,3750140000.0,16.35,24952.785547,427568000.0,7053.906054599999,2377256000.0,21809.9753908,68940.0,7158.039941600001,864144700.0,1967007420.0,1026.6340088000004,224884660.0,9.802319437807975e+62,2.383651695437719e+63,-9.741661389290511e+62,-1.3972858117461686e+63
2018-03-23,0.0,0.23857142857142855,0.018433179723502304,31171.7097658,2674.7479492,3506710000.0,20.6580006,24302.316015599998,397112000.0,6758.919921999999,2203616000.0,21267.93017575,84350.0,7003.539941399999,794612840.0,2224550060.0,1014.7420042000001,195438480.0,2.1703523546620413e+63,5.306444736927942e+63,-2.156921927377526e+63,-3.0937601767621237e+63
2018-03-30,0.0,0.6071428571428571,0.3540372670807453,30363.87744125,2629.26007075,3661985000.0,21.59250025,24002.959961,499402500.0,6581.402466,2418805000.0,21145.6222656,86000.0,6997.5251465,773928650.0,2185873775.0,1002.8924865,205140375.0,17.59871482849121,233.8780991335985,524.6518636577001,255.7767928971127
2018-04-06,0.0,0.722857142857143,0.3540372670807453,29847.909505,2621.6659668,3364068000.0,21.0420002,24075.9660156,407254000.0,6487.555957199999,2290502000.0,21442.671875,68400.0,7111.900024500002,759005050.0,1807669733.3333333,1018.06752,195953275.0,-1.0479007782761222e+64,-2.5671384706395402e+64,1.0414162297309092e+64,1.4937453312890886e+64
2018-04-13,0.0,0.2257142857142857,0.3540372670807453,30699.138281200005,2646.5020018000005,3121976000.0,19.6759998,24283.9480468,340752000.0,6591.249902400001,1987308000.0,21719.7398438,67560.0,7248.3199221999985,704402500.0,1912836140.0,1034.4779784,175587080.0,-3.4214853656177523e+64,-8.384341157330756e+64,3.400312761865532e+64,4.8772058356261216e+64
2018-04-20,0.0,0.8228571428571428,0.3540372670807453,30357.871875,2691.22793,3275086000.0,16.0499996,24647.114062599998,373678000.0,6753.4800782,1897628000.0,22038.9476564,66100.0,7287.740038999998,802382620.0,1925856240.0,1045.847998,179021680.0,-7.61557202828048e+64,-1.8665178279178576e+65,7.568445861814424e+64,1.0855727372446165e+65
2018-04-27,0.0,0.25285714285714284,0.3048780487804878,30301.428125200004,2656.2199706,3421682000.0,16.77,24238.0359374,407896000.0,6595.5579102,2013596000.0,22273.791406599998,75140.0,7425.4399411999975,811830220.0,1661778120.0,1054.6599854,189541080.0,17.05771255493164,-3.462322005528792e+65,463.180653392348,353.4003505396838
2018-05-04,0.0,0.1585714285714286,0.3048780487804878,30443.04980475,2646.3339844,3696768000.0,15.612,24075.968359600003,380158000.0,6668.9219724,2085660000.0,22490.404297,80300.0,7528.540039000001,798547360.0,1764374525.0,1061.9875185,194962600.0,3.6840168210358244e+65,172.9495189750001,-3.661219637931631e+65,-5.251435098526758e+65
2018-05-11,0.0,0.07857142857142857,0.3048780487804878,30572.898437599997,2698.6259766,3412156000.0,13.752,24566.153906599997,318510000.0,6889.333984399999,2110556000.0,22528.078125,77100.0,7663.4749757499985,844719850.0,1517548100.0,1068.7380126,158878080.0,1.2031987009392882e+66,1.5686253419475731e+66,-1.1957531483187307e+66,-1.7151170028691174e+66
2018-05-18,0.0,0.9057142857142856,0.3048780487804878,31158.6738282,2719.4279298,3262020000.0,13.566,24760.7640626,289984000.0,6910.1520508,2034356000.0,22833.9675782,75280.0,7747.0,878467880.0,1586266300.0,1076.2139892,208317420.0,2.678540431418463e+66,5.076224348370562e+66,-2.6619652691340886e+66,-3.818164226084875e+66
2018-05-25,0.0,0.05285714285714286,0.3048780487804878,30812.10986325,2727.9660156,3192756000.0,12.926000000000002,24859.8718752,320198000.0,6932.679980399998,1917590000.0,22708.0496096,69900.0,7794.4200194,830642040.0,1822562325.0,1078.664014,223498540.0,4.9685762484524524e+66,1.123937754234969e+67,-4.937830041796621e+66,-7.0825289265355e+66
2018-06-01,0.0,0.22285714285714286,0.184,30459.019922000003,2713.4400635,3804360000.0,15.2125,24520.0698245,366532500.0,6988.642578000001,2215007500.0,22246.241797,83620.0,7675.5500489999995,1136211550.0,2538238140.0,1056.4260012,250990620.0,15.946372032165527,198.7743757035947,283.0838211175792,275.26349864896616
2018-06-08,0.0,0.12857142857142856,0.184,31164.274218799997,2763.484082,3476096000.0,12.218,25063.6,327604000.0,7165.170019399999,2132606000.0,22631.7937502,72600.0,7705.1999024000015,870696960.0,1736665360.0,1060.6280029999998,194472620.0,-2.25103935140387e+67,-5.426654803210468e+67,2.2371096223169454e+67,3.208776624098978e+67
2018-06-15,0.0,0.23142857142857146,0.184,30728.3140626,2781.3259766,3873650000.0,12.345999999999998,25222.0062502,374546000.0,7223.653906400001,2270898000.0,22847.8257812,67440.0,7708.9199217999985,1038595440.0,1759626960.0,1066.8979980000001,244515560.0,-7.284580949376346e+67,-1.7718490630739054e+68,7.239502999462544e+67,1.03839113483902e+68
2018-06-22,0.0,0.11,0.184,29449.76757825,2761.6600098,3805366000.0,13.372,24677.6144532,379302000.0,7235.030078000002,2582454000.0,22544.821875200007,79040.0,7620.259863199999,779975080.0,2494761700.0,1051.3879882,202344540.0,-1.6128945313927412e+68,-3.943797145792838e+68,1.6029137268128164e+68,2.2991238541620485e+68
2018-06-29,0.0,0.2357142857142857,0.29357798165137616,28730.296094,2714.8880372,3596004000.0,16.82,24228.1921874,337628000.0,7029.687988400001,2229514000.0,22305.364062599998,67120.0,7584.379980399999,1042559440.0,2472182700.0,1039.2980226,185614240.0,12.348645210266113,237.03152838710582,688.3996379957547,324.25398094566316
2018-07-06,0.0,0.0,0.29357798165137616,28321.237305,2734.09002675,2623330000.0,15.019999749999998,24323.805175999998,215547500.0,7105.1873780000005,1599207500.0,21729.9277346,68820.0,7587.040039000001,729296880.0,2320814650.0,1045.402002,174531220.0,7.787461013384349e+68,1.907803509957801e+69,-7.73927117515528e+68,-1.1100749014114674e+69
2018-07-13,0.0,0.4642857142857143,0.29357798165137616,28537.7417968,2790.3260256,2902864000.0,12.744000000000002,24868.2,240332000.0,7308.929980399998,1792842000.0,22193.318359599998,72760.0,7657.039941399999,698413100.0,1743482500.0,1061.058008,161863480.0,2.542672402290407e+69,6.2308800878214605e+69,-2.5269380093316112e+69,-3.624489177464952e+69
2018-07-20,0.0,0.5014285714285714,0.29357798165137616,28214.819922,2805.9840332,3089930000.0,12.544,25101.2316408,258886000.0,7370.901952999999,1793564000.0,22710.2917968,52880.0,7653.179883,669473080.0,1676543980.0,1066.845996,164955980.0,5.659502454270293e+69,1.387107900611832e+70,-5.624480704914557e+69,-8.067419686807208e+69
2018-07-27,0.0,0.09571428571428572,0.2803738317757009,28685.0019534,2825.9419918000003,3389402000.0,12.498,25335.691797,280928000.0,7396.829882800001,1991634000.0,22564.2679688,71980.0,7677.539941600001,691532900.0,1713285060.0,1072.9880127999998,193037680.0,12.576735496520994,2.5730249537375712e+70,904.719141042394,435.45155252828835
2018-08-03,0.0,0.2457142857142857,0.2803738317757009,28209.5523438,2819.9640626,3426526000.0,12.813999999999998,25368.9160156,301636000.0,7293.122070199999,2132402000.0,22576.5937502,91720.0,7667.5199218,855965360.0,1561922000.0,1074.9300049999997,197994680.0,-2.737772312151968e+70,156.68563755569082,2.720830615159343e+70,3.902597167774921e+70
2018-08-10,0.0,0.06571428571428571,0.2803738317757009,28280.300390599998,2850.6819821999998,3062520000.0,11.496,25507.442187599998,229224000.0,7449.289941399999,2130348000.0,22542.168359400002,68980.0,7713.559961000001,664670780.0,1468805860.0,1075.0420168,158667840.0,-8.941555507128796e+70,-1.1657223585979788e+71,8.886223979604711e+70,1.2745869714123297e+71
2018-08-17,0.0,0.3985714285714285,0.2803738317757009,27465.312109600003,2834.2159668,3204894000.0,13.764,25375.6160158,272320000.0,7390.9660156,1988250000.0,22176.0300782,66540.0,7573.4,740013040.0,1716899040.0,1054.2700196,162156260.0,-1.9905538401030402e+71,-3.772390242958071e+71,1.9782360297954237e+71,2.8374637818524377e+71
2018-08-24,0.0,0.1757142857142857,0.2803738317757009,27748.143750200004,2862.6999998,2778964000.0,12.400000000000002,25752.3816406,220854000.0,7418.4979492,1778510000.0,22358.7742188,51780.0,7574.380078,559430120.0,1619921200.0,1062.3839845999996,136462180.0,-3.6923909809956703e+71,-8.352529315618166e+71,3.669541977482605e+71,5.263372166045742e+71
2018-08-31,0.0,0.12142857142857146,0.21804511278195488,28218.385937400002,2902.1899904,2802314000.0,12.66,26037.994140799998,232164000.0,7617.355957199998,2018358000.0,22839.1964844,62340.0,7532.200073,677622725.0,1673227620.0,1070.4699706000001,151533980.0,14.984474182128904,127.85958948406422,469.2929476685781,361.1392592221774
2018-09-07,0.0,0.42,0.21804511278195488,27375.6039064,2883.7625124999995,3101042500.0,14.15,25959.96972675,271885000.0,7507.2523194999985,2335340000.0,22556.0222656,59920.0,7388.5,692832560.0,1888972040.0,1039.2939939999999,195827360.0,1.6728569681463217e+72,4.032811516351032e+72,-1.6625051080809164e+72,-2.3845981775046873e+72
2018-09-14,0.0,0.25,0.21804511278195488,26736.3820312,2892.6199219999994,3060144000.0,12.992,26025.5421876,258068000.0,7510.160058600001,2213868000.0,22711.6757814,77940.0,7290.359961,651122360.0,2006800960.0,1037.7879636000002,181989620.0,5.413526864197322e+72,1.3167473363452671e+73,-5.3800272443101664e+72,-7.716790221785698e+72
2018-09-21,0.0,0.40571428571428575,0.21804511278195488,27371.225781200003,2912.2959961999995,3649546000.0,12.34,26423.064062800004,328532000.0,7503.909862999999,2550566000.0,23659.4794925,101600.0,7358.180078200001,890629160.0,1824721600.0,1051.3559570000002,247749580.0,1.1986204746010925e+73,2.93082772872663e+73,-1.1912032526503425e+73,-1.7085909038719237e+73
2018-09-28,0.0,0.26857142857142857,0.21008403361344535,27705.11230475,2913.7760254,3307892000.0,12.408,26467.556250200007,248392000.0,7586.449902199999,2274592000.0,23972.7070315,87975.0,7506.6200193999985,738433900.0,1731730075.0,1064.0140136000002,190303080.0,18.335418701171875,5.4359515033753265e+73,323.3911902516983,395.35755529203425
2018-10-05,0.0,0.44,0.21008403361344535,26853.52001975,2912.142041,3438124000.0,12.939999999999998,26665.6144532,266688000.0,7560.0339844,2733876000.0,24077.3359378,78160.0,7443.479980599999,783293260.0,1746351325.0,1054.0979982000001,186268580.0,-5.787241530132864e+73,160.8308788336606,5.751429314488974e+73,8.249507201339634e+73
2018-10-12,0.0,0.45,0.21008403361344535,25927.2820314,2809.1899904,4041748000.0,20.1779996,25781.7820312,382834000.0,7178.035937399999,2711118000.0,23065.23730475,92975.0,7123.879980399999,903944660.0,2190061900.0,1009.3619874,230166120.0,-1.8895836908546819e+74,-2.4626729847719987e+74,1.8778906971785544e+74,2.6935344212049415e+74
2018-10-19,0.0,0.27285714285714285,0.21008403361344535,25480.81787125,2781.2959960000003,3446624000.0,19.2539996,25515.8878908,314032000.0,7169.409961,2443008000.0,22570.380078,70760.0,7044.0,715275100.0,1721184225.0,996.7979858,219636260.0,-4.205851892799118e+74,-7.969394110610527e+74,4.1798255252858674e+74,5.995292454403178e+74
2018-10-26,0.0,0.41571428571428576,0.23414634146341465,25292.3144532,2703.3859862,4360590000.0,22.791999399999998,24953.0242188,438550000.0,6983.563964800001,2731072000.0,21834.0218752,82720.0,6980.940039200002,831224380.0,1987101500.0,972.5959962,240105780.0,24.36697578430176,-1.764513368414764e+75,443.2303028107881,383.7807533236382
2018-11-02,0.0,0.59,0.23414634146341465,25255.9214844,2699.8100098,4767770000.0,21.626000199999996,25016.978125,435256000.0,6905.1160156000005,2773876000.0,21691.7722658,99300.0,7079.820019600002,850471500.0,2432081860.0,979.804004,212032420.0,2.0345719352818986e+75,148.37321789738732,-2.0219817351822588e+75,-2.900210012725391e+75
2018-11-09,0.0,0.24,0.23414634146341465,26006.5363282,2779.0979982,3739702000.0,18.062,25891.50625,316414000.0,7065.361914200001,2402120000.0,22173.9421874,67000.0,7101.559961000001,641619660.0,1683060180.0,993.4460083999999,170286340.0,6.644905353093415e+75,8.519502458458778e+75,-6.603785800332544e+75,-9.472076511260787e+75
2018-11-16,0.0,0.2928571428571428,0.23414634146341465,25873.4695316,2723.2899904,4063812000.0,19.968,25291.3320312,363610000.0,6837.470117200001,2424042000.0,21882.1679688,59020.0,7038.519922,990141280.0,1431464580.0,986.2200072,190659060.0,1.479277498996218e+76,2.7816895771237106e+76,-1.470123534276521e+76,-2.1086575214131114e+76
2018-11-23,0.0,0.3157142857142857,0.23414634146341465,26026.1800782,2653.777466,3254000000.0,21.22499975,24558.4296875,312330000.0,6568.22253425,1958992500.0,21639.59228525,74450.0,6982.4399412,778794640.0,1162261800.0,964.1900022,165459900.0,2.7439955582415815e+76,6.191508170261052e+76,-2.7270153509794605e+76,-3.9114681839861284e+76
2018-11-30,0.0,0.33428571428571424,0.20134228187919465,26469.696094000006,2719.4759766,3820038000.0,18.6540002,25126.540234599997,352810000.0,6826.8239257999985,2199016000.0,22111.0160156,80600.0,7015.320019399999,879824820.0,1578404860.0,972.0180054,207407000.0,22.66090583801269,171.36967723166444,403.0774931933048,304.71119869523943
2018-12-07,0.0,0.10428571428571427,0.20134228187919465,26696.459765799995,2704.86505125,4511015000.0,20.4000005,25047.529785500006,419325000.0,6827.367431749999,2638965000.0,21942.087890799998,81900.0,6897.839941600001,865235000.0,2122256000.0,958.0959960000001,212360540.0,-1.2431814815367103e+77,-2.9951288082283315e+77,1.235488510184216e+77,1.772111036166433e+77
2018-12-14,0.0,0.3357142857142857,0.20134228187919465,26065.9800782,2635.2120116,3995706000.0,21.627999399999997,24403.7320312,358778000.0,6702.774121,2273990000.0,21432.257812400003,87620.0,6826.260058399999,843800280.0,1451295800.0,940.9880004,211810560.0,-4.0230554527498305e+77,-9.782080922521277e+77,3.998160253772732e+77,5.734722623212593e+77
2018-12-21,0.0,0.22428571428571425,0.20134228187919465,25828.914062599997,2496.6199706,5481992000.0,26.834,23179.45,571114000.0,6314.5260744,3188560000.0,20833.8039062,87620.0,6734.760058399997,968779980.0,1513933860.0,920.7460082,265143940.0,-8.907532477603219e+77,-2.177670165774122e+78,8.852411489083578e+77,1.2697371094250385e+78
2018-12-28,0.0,0.07142857142857142,0.2720306513409962,25544.82031233333,2448.34252925,3661787500.0,31.19499975,22717.9672855,371487500.0,6183.9224857499985,2205042500.0,19643.79736325,60875.0,6668.233398333334,427582333.3333333,1204025333.3333333,898.7866619999999,128088866.66666669,39.393028259277344,-4.039483632875053e+78,681.8718892071191,536.8332162841955
2019-01-04,0.0,0.6685714285714285,0.2720306513409962,25416.609375,2499.17749025,3803075000.0,23.86749975,23198.27050775,357665000.0,6315.160034250001,2386800000.0,19561.960938,91600.0,6728.100098000001,225303900.0,1420671875.0,911.43249525,146365700.0,4.300781020994054e+78,185.6119252891238,-4.2741672194862e+78,-6.130610554154754e+78
2019-01-11,0.0,1.4728571428571426,0.2720306513409962,26272.433594,2580.3919434,3875842000.0,19.908,23839.157422,315398000.0,6572.6259764000015,2310802000.0,20238.7140626,78420.0,7015.249963158414,1918782286.3776112,1888917160.0,931.1679932,177779140.0,1.4042416638209912e+79,1.8301091000528233e+79,-1.3955520307688641e+79,-2.001696604124012e+79
2019-01-18,0.0,0.22142857142857145,0.2720306513409962,26775.4320312,2623.1360351999997,3771910000.0,18.5139998,24251.807812400002,306704000.0,6676.460058600001,2141992000.0,20516.59472675,69025.0,6883.179980400001,707362880.0,1703409760.0,937.9660034,178033260.0,3.1255733674635645e+79,5.9224099636386846e+79,-3.106231906274572e+79,-4.455393794945699e+79
2019-01-25,0.0,0.23285714285714285,0.2720306513409962,27180.0714846,2644.67248525,3622742500.0,19.1574995,24567.63476575,338535000.0,6698.87243675,2374125000.0,20656.8304686,49620.0,6868.6200193999985,602862080.0,1637832340.0,952.6700072000001,160631100.0,5.7971558953259326e+79,1.3112933617525303e+80,-5.7612823282795804e+79,-8.263639776700624e+79
2019-02-01,0.0,0.3271428571428571,0.16731517509727625,27724.940234400005,2675.1060548,3932348000.0,17.673999799999994,24837.320312599997,390962000.0,6784.029980599998,2474272000.0,20686.4121094,69980.0,6902.340039,718210060.0,1848775680.0,966.7579957999999,204451200.0,38.00637817382813,157.08032730943876,715.6202325086874,571.2359485821413
2019-02-08,0.0,0.0,0.16731517509727625,27968.2656255,2721.6220214,3622956000.0,15.754000200000002,25263.409765599998,280090000.0,6959.841992199999,2182692000.0,20737.3457032,71560.0,7109.880078200002,611279320.0,1167865450.0,984.8679932,195595700.0,-2.626310996900148e+80,-6.331254606318712e+80,2.610059037261139e+80,3.7437130227028544e+80
2019-02-15,0.0,0.35428571428571426,0.16731517509727625,28229.1300782,2745.7780271999995,3667716000.0,15.6359998,25468.9558594,284936000.0,7003.466015800001,2095410000.0,21012.258301,73200.0,7177.3400391999985,568845940.0,1604520400.0,993.2859983999999,193715760.0,-8.498938966216576e+80,-2.0672085974628595e+81,8.446346408360182e+80,1.2114935559625739e+81
2019-02-22,0.0,0.0,0.16731517509727625,28507.0824218,2783.0024415,3589170000.0,14.2175,25932.050293,275992500.0,7063.6849365,2209827500.0,21381.1460938,59180.0,7194.660058600001,674191140.0,1730557700.0,1010.7920044,154937260.0,-1.8817605472998007e+81,-4.601210962235464e+81,1.8701159642701851e+81,2.682382807995589e+81
2019-03-01,0.0,0.0,0.19548872180451127,28786.8300782,2794.1139645999997,3917280000.0,14.614,26015.482031400006,284648000.0,7120.95,2430896000.0,21504.3960938,62000.0,7124.6801755999995,812364060.0,2533659680.0,1018.2920166000001,186674220.0,16.678773880004886,114.3926002566618,307.09272136420043,403.2565222119892
2019-03-08,0.0,0.22285714285714286,0.19548872180451127,28793.331640599998,2769.181982400001,3724018000.0,15.549999800000002,25644.6425782,272732000.0,7092.5320311999985,2328256000.0,21525.339844,70080.0,7155.139941399999,707077700.0,2224011600.0,1023.6980102,193987520.0,9.085600537758577e+81,2.2258260468212594e+82,-9.029377640542635e+81,-1.2951200787884467e+82
2019-03-15,0.0,0.4028571428571429,0.19548872180451127,28819.0539064,2803.3399902,4072374000.0,13.578,25693.4480468,375726000.0,7234.455956999999,2473680000.0,21331.3777342,67380.0,7170.940039000001,859583120.0,1214683600.0,1030.6859983999998,224025060.0,2.9665253858456767e+82,7.269540662137139e+82,-2.9481681345925822e+82,-4.228676547551809e+82
2019-03-22,0.0,0.6142857142857142,0.19548872180451127,29276.2359376,2829.0659665999997,3745522000.0,14.136,25802.3960938,357104000.0,7375.127929799999,2421272000.0,21596.90234375,64825.0,7295.420019600001,678988000.0,1741473760.0,1043.6119874,177473280.0,6.60291727545754e+82,1.618332746384454e+83,-6.562057550471766e+82,-9.412223998276113e+82
2019-03-29,0.0,0.4471428571428571,0.14184397163120568,28729.016015599995,2814.4060056000008,3382886000.0,14.86,25689.2582034,283272000.0,7335.108007799998,2111262000.0,21204.7601564,77540.0,7216.320019600002,651392580.0,1850117180.0,1032.75,172001380.0,20.770957946777344,3.0019370069840374e+83,287.66534626635416,380.0828391421509
2019-04-05,0.0,0.4628571428571429,0.14184397163120568,29777.35009775,2875.9919432,3291980000.0,13.38,26293.0605466,256216000.0,7528.487988399998,2207658000.0,21652.0000002,66660.0,7395.119921799998,730849820.0,2051945225.0,1061.521997,162703240.0,-3.1941470811686865e+83,103.48613486968046,3.17438127677405e+83,4.553143187655074e+83
2019-04-12,0.0,0.3014285714285715,0.14184397163120568,30020.6820314,2891.5819824,3150284000.0,13.158,26240.822265400002,251702000.0,7600.552148199998,2009434000.0,21766.7503908,58080.0,7430.9,623984300.0,1928455240.0,1066.55,163552520.0,-1.0432073953076298e+84,-1.360043198544284e+84,1.0367518900366752e+84,1.4870550806065032e+84
2019-04-19,0.0,0.4485714285714285,0.14184397163120568,30007.1323245,2904.53002925,3399922500.0,12.2975,26461.62695325,313397500.0,7663.57263175,2073075000.0,22191.8839844,53220.0,7459.499877749999,575562625.0,2040474400.0,1080.154999,176263025.0,-2.322370505283883e+84,-4.401231266021967e+84,2.3079993695869876e+84,3.310456649815729e+84
2019-04-26,0.0,0.87,0.08264462809917356,29730.97021475,2926.9899416,3351144000.0,12.764,26553.9804686,288330000.0,7790.442089800002,1981632000.0,22248.7902344,59600.0,7464.3000489999995,742222800.0,1702674500.0,1083.514984,180271425.0,18.80680084228516,-9.744859573520568e+84,335.6749897366005,327.9174646724616
2019-05-03,0.0,0.6385714285714287,0.08264462809917356,29904.41259775,2935.15,3560194000.0,13.664,26478.035937599998,292026000.0,7788.428027399999,2065788000.0,20706.85060594735,89652.88549974229,7395.220019600001,531941120.0,1281508875.0,1082.3974915,167641175.0,1.1235105541953374e+85,205.06553452103788,-1.1165581223613557e+85,-1.6015243807186847e+85
2019-05-10,0.0,0.41571428571428576,0.08264462809917356,28887.469922000004,2889.6119630000007,3520566000.0,17.860000199999995,26028.325781400006,304748000.0,7644.213867199999,2284474000.0,21568.340332,92950.0,7235.549926749999,790606575.0,2488647380.0,1051.4379883999998,178461460.0,3.66941475419856e+85,4.7050636314184326e+85,-3.646707930614295e+85,-5.230620371009098e+85
2019-05-17,0.0,0.2957142857142857,0.08264462809917356,28153.06543,2846.6180174,3387742000.0,17.259999800000006,25626.348046799998,305650000.0,7462.616015800001,2172496000.0,21152.0281252,81420.0,7280.880078200002,740671820.0,2353675175.0,1048.130005,189195780.0,8.168832742150605e+85,1.5362433822867702e+86,-8.118282925247742e+85,-1.1644380864705855e+86
2019-05-24,0.0,0.94,0.08264462809917356,27554.3699218,2841.8320312,3295890000.0,15.755999799999998,25682.0,260100000.0,7371.4541016,1984758000.0,21225.1820314,66260.0,7296.5400388,742279740.0,2018384120.0,1042.1879883999998,177813960.0,1.5152884660192413e+86,3.4193839460312264e+86,-1.505911660675062e+86,-2.1599898755643566e+86
2019-05-31,0.0,0.8871428571428571,0.3290322580645161,27186.1164064,2781.58251975,3769067500.0,17.8524995,25114.774902250007,291345000.0,7217.149902249998,2185100000.0,20997.9617188,69580.0,7208.55004875,825120950.0,2051665020.0,1031.2640014,176702860.0,19.52662467956543,239.69013339773747,786.542093038192,477.56621682811834
2019-06-07,0.0,0.59,0.3290322580645161,26879.024414,2818.1399902,3583946000.0,16.829999800000003,25479.2257814,276734000.0,7211.7780274000015,2239720000.0,20650.8539064,63840.0,7242.2199218,699987020.0,1685002250.0,1034.6220216,197017020.0,-6.865103489401253e+86,-1.654119733616804e+87,6.822621321463374e+86,9.785961131720216e+86
2019-06-14,0.0,0.08285714285714285,0.3290322580645161,27417.900390799998,2886.1819824,3156780000.0,15.788,26062.4796876,229576000.0,7495.5720704,1950022000.0,21123.4621094,58580.0,7371.200000200001,627289960.0,1968260080.0,1052.0799804000003,146552580.0,-2.2216143367743108e+87,-5.402349694283402e+87,2.207866693567802e+87,3.1668323111094027e+87
2019-06-21,0.0,0.44857142857142857,0.3290322580645161,27990.442187599998,2927.7039551999997,3688342000.0,14.995999999999999,26510.8738282,295534000.0,7659.297949199998,2228432000.0,21230.416015799998,62500.0,7407.139941399999,846520360.0,1821204800.0,1067.3459958,238724900.0,-4.918924100058415e+87,-1.2026618770035908e+88,4.888485147460689e+87,7.011751552961916e+87
2019-06-28,0.0,0.4371428571428572,0.3006993006993007,28417.000000200005,2928.6379884,3747210000.0,15.73,26587.824219,307034000.0,7653.947949400001,2480908000.0,21236.0960938,54160.0,7416.679980399998,648735140.0,1557761000.0,1066.7399656000002,171166080.0,19.790163040161133,-2.2308855848910425e+88,1374.2800979276155,657.0546217962323
2019-07-05,0.0,0.18142857142857144,0.3006993006993007,28825.32519525,2980.892517,2779510000.0,13.21,26848.057129250006,207237500.0,7816.73742675,1435030000.0,21714.2460936,51840.0,7564.540039200001,582383060.0,1294275850.0,1085.9560058,154118200.0,2.3749805532939904e+88,185.55415565413662,-2.360283859665118e+88,-3.38545040420846e+88
2019-07-12,0.0,0.3114285714285714,0.3006993006993007,28311.215625,2992.4659668,3043316000.0,13.28,26973.987890599998,228260000.0,7871.2139646,1552496000.0,21592.482031400006,51940.0,7526.459961,543558160.0,1150785000.0,1080.0399902,143184920.0,7.754514006830028e+88,1.0107143352451324e+89,-7.706528049032977e+88,-1.1053784226760015e+89
2019-07-19,0.0,0.927142857142857,0.3006993006993007,28598.946093799997,2994.8960448000007,3180832000.0,13.498,27258.3621092,224684000.0,7904.359960999999,1891988000.0,21379.415039,57800.0,7529.2401365999995,549204140.0,1095657800.0,1081.552002,150723500.0,1.726006511756201e+89,3.270769294724472e+89,-1.7153257552887267e+89,-2.4603609637085485e+89
2019-07-26,0.0,0.18857142857142856,0.136,28470.7640626,3007.9180176,3329844000.0,12.622,27224.898047,236910000.0,7963.422070199998,1920604000.0,21632.388281400006,48120.0,7522.3,638950740.0,1085140440.0,1093.4139891999996,184966080.0,21.449750900268555,7.241879725916198e+89,600.7882290999281,637.3458762524638
2019-08-02,0.0,0.8857142857142858,0.136,27702.987890599998,2980.0279788000003,4019686000.0,15.6740006,26870.4136718,328642000.0,7856.855956999999,2294268000.0,21495.158203,69040.0,7582.439941600001,904734740.0,1610454180.0,1079.0219969999996,216396940.0,-8.349519915980665e+89,257.5038278247648,8.297851982959847e+89,1.1901944011835567e+90
2019-08-09,0.0,0.1742857142857143,0.136,26036.9320312,2893.445996,4123346000.0,19.8259998,26083.9917968,321596000.0,7572.001952999999,2384316000.0,20620.066015800006,75520.0,7226.820019199999,858324540.0,1911938820.0,1033.197998,213596180.0,-2.7269505017580863e+90,-3.4965619221545058e+90,2.710075771558778e+90,3.887171061518408e+90
2019-08-16,0.0,0.5285714285714286,0.136,25527.5964844,2877.1800293999995,3710782000.0,20.0719998,25824.2339844,293870000.0,7573.791992199999,2220786000.0,20483.7578125,65100.0,7161.9400388,725029660.0,1852669680.0,1029.3580078,220370640.0,-6.070690708619566e+90,-1.1416572727723992e+91,6.033124471988077e+90,8.653553935343145e+90
2019-08-23,0.0,0.8071428571428572,0.136,26204.2937502,2903.7299804000004,3223710000.0,17.345999999999997,26036.419922,257320000.0,7657.886132800001,1876726000.0,20639.5742188,51800.0,7148.380078,656133900.0,1814293460.0,1043.7900148,161483980.0,-1.126086779032201e+91,-2.541110735056054e+91,1.1191184051783577e+91,1.6051966976996352e+91
2019-08-30,0.0,0.4857142857142858,0.136,25677.6222658,2897.3039550000008,3134658000.0,19.1679996,26095.671875,618568000.0,7624.4519532,1725000000.0,20472.3675784,61860.0,7148.95007325,722647150.0,1990929520.0,1049.2679932,157473720.0,30.88200378417969,183.04193212354744,1.8576507263144956e+91,2.6645034140816604e+91
2019-09-06,0.0,0.37,0.136,26176.7839844,2949.6900025,3422257500.0,17.064999999999998,26499.77539075,223072500.0,7760.959961,1950047500.0,20836.0,49600.0,7282.979980399998,640979040.0,1804953060.0,1073.5040038,159603680.0,5.1017948121046624e+91,1.229256930050328e+92,2.85813468582719e+91,4.0995379381142455e+91
2019-09-13,0.0,0.9757142857142858,0.136,26992.8921876,2995.141943600001,3926626000.0,14.608,27056.789453400004,274664000.0,7869.0020506,2196314000.0,21611.235547,94520.0,7310.8,876918040.0,1604951600.0,1086.1919922000004,224416180.0,1.6509901203151804e+92,4.0147491534561305e+92,4.159795558936408e+91,5.9665626652312416e+91
2019-09-20,0.0,0.8142857142857143,0.136,26714.7058594,3001.8499998,4145610000.0,14.485999999999999,27072.912109599994,273412000.0,7871.0200196,2181304000.0,22021.3925785,78525.0,7331.4399411999975,907684740.0,1743172700.0,1090.641992,225255720.0,3.655492271901144e+92,8.937566107028157e+92,5.80185862086211e+91,8.321839990866492e+91
2019-09-27,0.0,0.4185714285714286,0.136,26089.098047,2976.53208,3338902000.0,16.2419996,26887.967968799996,238034000.0,7757.1520506,1993710000.0,22011.532715,72000.0,7336.960058600001,614402380.0,1564391860.0,1088.3360108000004,171774740.0,16.24332618713379,1.6578797227577155e+93,7.823549146824256e+91,1.1221632310453837e+92
2019-10-04,0.0,0.6342857142857142,0.136,26016.574707,2933.447998,3442528000.0,18.304000000000002,26468.6496096,251070000.0,7675.3741211999995,2084602000.0,21634.3257812,64180.0,7224.8,672449400.0,1206420825.0,1071.3659911999996,197091460.0,-1.7649637343372906e+93,189.77756238688443,1.0264092412042806e+92,1.4722202019427117e+92
2019-10-11,0.0,0.9228571428571428,0.136,25898.14501975,2931.9299806,3164224000.0,17.9860002,26460.2656252,225922000.0,7720.833886800001,1836350000.0,21554.0519532,58180.0,7188.220019400002,806799220.0,1708163600.0,1073.9899904000001,191294840.0,-5.762757040620224e+93,-7.511110445340423e+93,1.3162713691737722e+92,1.887981151322016e+92
2019-10-18,0.0,1.0242857142857142,0.136,26651.6257812,2987.1339354,3100116000.0,13.966,26922.044140599995,230060000.0,7903.2041016,1803520000.0,22406.16748075,67550.0,7185.2000002,980038740.0,1660109560.0,1095.0819824,191445140.0,-1.2826794983647266e+94,-2.4306679501033647e+94,1.6558638261128974e+92,2.3750723187266778e+92
2019-10-25,0.0,1.4057142857142857,0.136,26708.789844000006,3008.0140138,3450270000.0,13.765999999999998,26842.6558594,256484000.0,7940.0721680000015,1836464000.0,22681.1728515,58725.0,7257.920019599998,746651720.0,1292147340.0,1094.9880127999998,174201780.0,-2.3790492628216883e+94,-5.381793505484975e+94,2.0491091395436512e+92,2.9391199437000765e+92
2019-11-01,0.0,0.4814285714285714,0.136,26870.642187800004,3045.5099612,3791334000.0,12.832,27148.492187599997,267366000.0,8097.2579102,2006962000.0,22892.465625,73260.0,7303.839843799999,697598100.0,1574936480.0,1101.0119872000002,193067940.0,13.924799919128418,131.72663813206202,2.499929836988026e+92,3.585750265785588e+92
2019-11-08,0.0,0.8142857142857143,0.136,27683.5425782,3081.5860351999995,4146992000.0,12.67,27560.6683592,255550000.0,8218.4820312,2233482000.0,23319.50000025,86250.0,7384.060058399999,619024560.0,1537639800.0,1121.9559814000002,214148900.0,1.0777911365388041e+95,2.5984654476979e+95,3.012248445968013e+92,4.320589524526585e+92
2019-11-15,0.0,0.5314285714285715,0.136,26642.728125,3097.9959962000007,3324508000.0,12.694,27790.684375,256420000.0,8267.771874799999,2034274000.0,23323.317969,68000.0,7328.159960799999,744897920.0,1532253900.0,1129.4879882,165426360.0,3.487812790863014e+95,8.484211183607947e+95,3.5899874940056013e+92,5.149263959466437e+92
2019-11-22,0.0,0.4571428571428572,0.136,26745.292187400002,3112.9,3601798000.0,12.714000000000002,27886.6476564,240630000.0,8297.728125,2130318000.0,23201.888281400003,62520.0,7291.8799806000015,680758460.0,1422747960.0,1126.6379638000005,170950420.0,7.722409270501399e+95,1.888423139879288e+96,4.237069508622773e+92,6.077399810148511e+92
2019-11-29,0.0,0.5871428571428572,0.136,26820.2359376,3142.1924440000003,3220807500.0,11.945,28100.89013675,222827500.0,8401.51733425,1883577500.0,23361.3902344,58740.0,7398.419921999999,697717400.0,1610202980.0,1131.847998,164210560.0,18.75228881835937,116.70401942984577,4.957417017341496e+92,7.110623316116169e+92
2019-12-06,0.0,0.34,0.136,26322.798047,3116.633984400001,3490478000.0,14.762,27725.695703400004,232414000.0,8313.2601562,2172426000.0,23339.806250200007,56080.0,7202.159960799999,721698640.0,1503785840.0,1113.3520019999999,187655760.0,-3.7285682241312886e+96,-9.135206898068566e+96,5.754952547683736e+92,8.254560716912765e+92
2019-12-13,0.0,0.3085714285714286,0.136,26851.735937800004,3149.4959962,3533976000.0,14.62,27994.010546599995,234432000.0,8414.8480468,2130950000.0,23536.1316406,68340.0,7258.179882800001,955503800.0,1466323960.0,1125.441992,182229420.0,-1.2174090467410897e+97,-2.983555615111791e+97,6.633598627171449e+92,9.514838252081648e+92
2019-12-20,0.0,1.4442857142857142,0.136,27781.570312599997,3200.3399904000007,4415626000.0,12.404000000000002,28314.876172000004,345956000.0,8609.286132600002,2737938000.0,23926.8757812,61900.0,7548.299902600002,928550220.0,1264894340.0,1144.6059814,219323840.0,-2.7097193451905993e+97,-6.6419406355939525e+97,7.597277783326583e+92,1.0897082161166146e+93
2019-12-27,0.0,0.94,0.136,27998.68033866667,3231.82995625,2236625000.0,12.84,28583.40722675,161982500.0,8736.20239275,1626772500.0,23839.4398438,39960.0,7633.566731666666,345311466.6666667,1025278066.6666666,1154.903361,82549833.33333333,21.40826416015625,-1.2320511610932487e+98,8.649912543671077e+92,1.2406918683709576e+93
2020-01-03,0.0,1.3471428571428572,0.136,28376.040039,3236.192566,3206660000.0,13.7725,28626.065429500002,216587500.0,8777.230225,2410247500.0,23656.619141,41600.0,7589.04992675,368556425.0,1338699725.0,1151.6475222499996,106081675.0,1.3108209259864034e+98,370.42467759898085,9.795425435726864e+92,1.4049974059255268e+93
2020-01-10,0.0,0.5085714285714286,0.136,28367.0738282,3255.3120118,3533340000.0,13.238,28762.5640626,263260000.0,8912.721874800001,2503750000.0,23515.155859600003,66920.0,7582.0199218,587947640.0,1589308520.0,1155.256006,170447240.0,4.281136870543483e+98,5.581871964685161e+98,1.1037738987015858e+93,1.5831874527346536e+93
2020-01-17,0.0,0.13,0.136,28910.6257814,3301.4,3614320000.0,12.31,29104.536328,274294000.0,9087.694140799998,2466432000.0,23979.03515625,59050.0,7633.439941600001,658555420.0,1562938020.0,1160.123999,179675200.0,9.530593860774569e+98,1.8063477277927045e+99,1.238077572505995e+93,1.7758246327526676e+93
2020-01-24,0.0,0.7271428571428571,0.136,28196.207812599998,3315.88751225,3799295000.0,13.325,29133.03222675,322787500.0,9178.41503925,2551422500.0,23920.4078126,47220.0,7585.540038800002,578902500.0,1515717080.0,1159.1500244000001,171128720.0,1.7678837923782994e+99,3.9994728484690453e+99,1.382845817738102e+93,1.9834715699338964e+93
2020-01-31,0.0,4.251428571428572,0.136,26640.797525666665,3260.4899414,3849880000.0,17.046,28621.7136718,340088000.0,9054.4638676,2396796000.0,23224.310156599997,65340.0,7408.880078200002,627979460.0,2100553033.3333333,1134.6160157999998,236370100.0,15.690438270568848,120.87452935621418,1.5384708871500936e+93,2.2066908882326674e+93
2020-02-07,0.0,4.018571428571429,0.136,26943.533984400005,3310.9379882000007,3893996000.0,15.919999599999999,28996.1140624,302952000.0,9334.9580078,2366874000.0,23415.5320314,74240.0,7444.019921999998,708276760.0,2226940040.0,1150.4799804000002,229664180.0,-8.00948960390923e+99,-1.9310462200307336e+100,1.7053450334941564e+93,2.446045211603304e+93
2020-02-14,0.0,1.6428571428571428,0.136,27638.8960936,3368.6779784,3606712000.0,14.358,29385.1941408,272346000.0,9573.436132799998,2283898000.0,23765.627930000002,66175.0,7468.3599607999995,667994380.0,1667910120.0,1171.1919924000001,219587060.0,-2.5919482632201182e+100,-6.305030513514588e+100,1.8838605095224753e+93,2.7020971640001264e+93
2020-02-21,0.0,4.341428571428572,0.136,27612.716015599995,3366.85498025,3813365000.0,15.4625,29198.15234375,274057500.0,9605.7626955,2553652500.0,23396.7261718,60100.0,7422.559960999999,687489000.0,1566489040.0,1173.3099854,208087340.0,-5.738887669772765e+100,-1.403379201872085e+101,2.0744095679872329e+93,2.975409369377456e+93
2020-02-28,0.0,29.937142857142852,0.136,26663.8300782,3080.6939456,6307054000.0,31.942000200000006,26635.15,603854000.0,8737.351953200001,3147614000.0,22030.697754,114950.0,6918.839941399999,1249004060.0,1854099160.0,1080.0939939999998,449170340.0,24.443546295166016,76.53266154981041,2.2773844616406065e+93,3.2665444516896125e+93
2020-03-06,0.0,26.794285714285717,0.136,26342.621875400004,3044.0060544000007,5979102000.0,36.7579992,26339.5296876,563804000.0,8724.7501952,4040054000.0,21121.148047,104200.0,6671.3400390000015,1337732820.0,2292851100.0,1030.4419922000004,434007680.0,2.7708795037163903e+101,6.788817132566654e+101,2.4931774432347703e+93,3.5760650348909124e+93
2020-03-13,0.0,57.69,0.136,24801.312109600003,2712.365967,8104234000.0,57.7920006,23361.7277344,764118000.0,7917.065820199998,4597718000.0,18994.5242188,172440.0,5681.2200195999985,1896064040.0,3955052640.0,860.3199950000002,722226640.0,9.047157773278467e+101,2.2172254774129733e+102,2.7221807655218977e+93,3.9045337429356736e+93
