,seasonal_0,seasonal_1,seasonal_2,seasonal_3,seasonal_4
2000-01-07,-3.6098318713927644,-0.05588650463111881,1.6604043234186752,0.9230407769496141,1.1860315622158548
2000-01-14,4.362964371669463,2.4145790577169297,-1.538646040589104,0.26284187039106033,2.2579195819254263
2000-01-21,0.3156220557279934,4.970362920104591,2.2913211011695633,0.4419049321163882,2.481004264332628
2000-01-28,1.4320126939629252,2.264609375205067,0.3518997234540917,0.0498732050840035,-0.10259834446302518
2000-02-04,-1.5364835094138045,-2.356090354319682,0.5753656482795662,-0.8011503866516055,2.7448803456865156
2000-02-11,-0.2421610835742929,-0.9707143626944317,6.216323801649548,1.599499531125886,-1.5151756777582435
2000-02-18,0.532118146417421,0.32552907977487533,3.588565202844453,1.5438216070564563,1.9397349586097947
2000-02-25,-1.4308266252517232,1.7848282722666293,10.01866807139281,0.2034123469164527,-1.1047498600669878
2000-03-03,1.2085320647852833,0.18735448982815406,7.988025640760288,1.646101304154706,3.275819158648823
2000-03-10,3.0830721249273005,4.153698386770772,7.693068559558595,-0.3796300761533353,-5.072475702162325
2000-03-17,0.49548140751143666,-0.500789593155387,8.69971752361087,0.49984425776745744,0.14174383305517368
2000-03-24,-0.49820897766491334,-1.532755010704296,8.162166433809967,0.382716920796091,-4.882358719537001
2000-03-31,-1.963528238899659,-4.668283996726368,14.021441961305474,-0.46590866464795777,-2.01436137080386
2000-04-07,-2.6987797712998236,1.88659199354663,10.347570075983388,0.27118125072824556,-7.889033611487356
2000-04-14,-5.09200284009149,6.186322466832264,9.081536671366182,-1.060395646228476,-2.652081618112362
2000-04-21,6.102220275206021,-0.28346953536502184,10.68507367865345,0.31585323582809766,-5.211917397522994
2000-04-28,1.9888341187021983,2.909958780973415,10.285913801153717,0.7541842816743569,-0.910335082475189
2000-05-05,1.736022309992252,-3.5139044680221856,8.241473866520213,-1.2231832791676565,0.4990777639155093
2000-05-12,-4.781333134205606,-3.8841847304438675,11.242618584041246,-2.2355454373372363,2.6739959870768386
2000-05-19,1.280825833036679,2.3821930677268766,11.961862335638362,-0.9908693960414965,4.904306903074422
2000-05-26,-2.7433153343507373,4.956835860363324,9.404357299571554,-2.1610260159366907,2.3349499595650287
2000-06-02,1.8862724299582403,3.3423689549187454,11.781048202186941,0.862896370268635,1.1658425271463113
2000-06-09,-1.9878644191178287,1.221639149982054,9.273037235152186,-2.327001318016057,-0.580194396384845
2000-06-16,-0.4518969986042254,-3.7804237947740518,6.968877802958061,-0.3112830083945227,1.1233420266615581
2000-06-23,-0.621187221832732,-2.2626661327053195,5.304973145613541,-1.195010348153191,-0.4430826405081531
2000-06-30,-0.2613675092401351,0.002744559318863804,5.476005258174553,-0.4317357771151654,-4.564737260960371
2000-07-07,1.0875649015241702,7.2325773722753155,6.328298494178121,-0.5326437018438095,-5.352134485374208
2000-07-14,-6.057172548983376,0.28732405260232596,3.3936454097783937,-1.29617066254858,1.6579075921069748
2000-07-21,-0.0320296641095284,-1.0091784999934577,2.769025399296285,-0.9306794899423714,-2.157484481942693
2000-07-28,3.4737156710930557,-2.5011363129251656,1.9908143472800395,-1.1249857759030444,-6.43082667484869
2000-08-04,0.2200685353067353,-3.612033940050903,2.8697087499587806,-1.341466114329893,-1.3659858585898053
2000-08-11,3.3448804505083563,-1.586040248165372,2.9438987465037507,-0.3801555912597412,-0.49040851337132113
2000-08-18,-0.9557705436721096,2.4391441154559885,1.844111789841814,0.5499109178879371,3.1576180538641596
2000-08-25,-4.387681100669678,1.2021890586549269,-5.097059279093047,2.3535718990807233,1.8942087845083777
2000-09-01,-1.0998574313540692,3.7378120633296286,0.9472015269192848,1.2713992322625483,2.2436751231941203
2000-09-08,-3.845473525371918,-2.9309342711971764,-4.05539515516751,0.5137904737186955,2.2429675219764467
2000-09-15,4.8997790711151765,-3.082896497352259,-4.79406946256292,-0.5397798609624757,4.193605661878486
2000-09-22,0.5336874207608333,0.3934588266119494,-3.7275662534627503,1.1652611048496264,-0.06631285461520298
2000-09-29,0.3891822610419584,2.9925073900687074,-5.317799288940476,-0.8348363106833777,0.3640427261357191
2000-10-06,-1.343237384401803,6.656076159945296,-6.926466391616065,1.7015492229820168,1.7988975286105047
2000-10-13,-3.48280792773432,-0.4787414917000756,-7.276728692213665,1.0151577562211436,0.6013033841147135
2000-10-20,-5.298105564338881,2.2019275131901175,-8.26626251066036,0.5813092957838085,-3.8099137365373967
2000-10-27,0.4961358613401911,-1.934973153888461,-8.357339033612332,1.766501870176374,-3.433744095492794
2000-11-03,2.984478840169859,-0.2565965121756104,-9.143550042940463,0.7285608908068971,-1.229175415017478
2000-11-10,3.224957624105003,-1.6202601418048777,-8.05713980659557,0.9345406333913844,-3.4072674949935093
2000-11-17,0.5803410776317037,3.840489519669065,-10.430946588935257,-0.7704032014956472,-1.400880279817112
2000-11-24,1.998821848039531,0.1331664001371502,-11.446281610561915,2.31683606286362,-0.2269506613866994
2000-12-01,-4.4634976444387915,-0.7960429989817512,-6.530911029811103,1.924799270098965,-3.8918495536169746
2000-12-08,-4.41342540884515,0.04477000928309005,-9.409435788428564,-0.018729892004282683,-0.76447498319966
2000-12-15,3.0112272631515404,-6.697141210354308,-11.12858102040042,0.21837930615287104,0.9438331763108225
2000-12-22,-0.8945226692752801,0.8710464206964923,-8.112266258588416,-1.8180781709631262,2.195364250826317
2000-12-29,2.0742024284009455,0.17427645662408553,-10.173026887273865,-0.6088162403752823,0.10399418173458708
2001-01-05,1.6835797536335817,4.46703243575066,-12.188682977074423,-0.4613995460534257,1.092231016542519
2001-01-12,0.5365029100392722,-0.09058796772126776,-6.214709858332613,-1.7418330117141174,3.1346300297767766
2001-01-19,-3.069862939733666,2.298868225418138,-7.492411271464867,1.1578702689600675,2.6529241580274174
2001-01-26,-2.8539929283674743,-3.4634045785760446,-10.395565168029826,-1.5602613131756153,-1.1081336754393
2001-02-02,1.0527074239928897,-1.877112857223884,-7.177291399862011,-1.9149309581000309,2.47635755334292
2001-02-09,2.3257753758874484,0.0035614327001081136,-4.204129418722021,-1.5996059614485514,-0.01284384109200154
2001-02-16,2.540721323847365,2.8935568482166443,-1.3064673906411137,-0.5576295552019391,-4.151530512576139
2001-02-23,0.8526593414908418,0.7108491172360372,-3.0481041707985885,0.15159523541886144,-2.6559062876641564
2001-03-02,-3.7445611548912994,0.34161052833074346,-4.856945422557859,-0.4340964456669948,-4.764723268958132
2001-03-09,-3.650621337596607,-2.4271490444292234,0.4547716780078772,-1.2219648903797926,-2.213765502702081
2001-03-16,0.9346513800770786,-2.562143240382655,-1.5520984489934015,-0.25232930288407995,0.18732337130836396
2001-03-23,-1.825241651104804,0.6735529195296197,0.13845062681254042,0.8939044962959473,1.104673784539129
2001-03-30,1.5504866690584433,-1.505748645044886,-1.3376141202602128,0.944850795600323,2.655682085275406
2001-04-06,0.20445636727572714,2.055972823414945,1.925639529612372,2.1644347507870694,4.095531849057377
2001-04-13,1.5842323491101808,0.0566045839444648,1.6622308638110292,3.394363151783894,6.178045657607628
2001-04-20,-2.5294704668584647,0.20671541633979373,1.7067070161733753,-0.08149925651749113,3.719327846112906
2001-04-27,-2.0903292753750393,-3.311471984049429,7.119740242772359,2.5903542566996425,-0.5502713619304069
2001-05-04,-5.9035415005624134,2.2955635216306507,5.496179101423808,1.714659725387879,0.3481042782340007
2001-05-11,2.535448634724841,-0.39635107546800086,2.9050940601048447,0.6172915718419147,0.25508043102522804
2001-05-18,4.150886783753154,1.5688327935474928,7.950716602178372,-0.8667056557979155,0.6910428386107191
2001-05-25,1.6993218423204208,1.8219701622891205,8.478892139855933,1.3937227462140749,-1.6273159941390412
2001-06-01,-3.998932364722983,0.006761153726189129,10.788387584253531,0.955652471364418,-6.285218994779026
2001-06-08,-3.860650637070059,-5.3202226323670025,6.529269499628108,1.4829483590678207,-3.4010670710529842
2001-06-15,-0.6076086489004284,-1.8835412262430735,11.579105983146569,0.1742732224875983,-1.388741629050616
2001-06-22,-0.8150546058158192,0.0053929535984156285,12.516825521210254,2.8112247140057223,0.12408917546984277
2001-06-29,-1.05999480239241,0.44975538625614586,11.575563493791115,-1.6686743420415655,-1.9566817234223548
2001-07-06,5.7043767565426595,2.811312868335188,8.582352724035001,-1.0595251077249137,-0.7615456751478864
2001-07-13,-0.9381592606766773,0.043784644934212524,13.55191952090012,1.6139616756576094,0.8095558622700909
2001-07-20,-1.2246021515436345,-2.2336401653412206,9.335894042169956,0.5860421409451192,-0.5238097480874553
2001-07-27,-3.546831678672941,-3.1845644179640566,9.43071890967669,-0.5827606581258056,6.589494927205255
2001-08-03,-6.753865996687381,4.886504783396319,8.341707025898716,-0.5446199393212203,3.124825330696184
2001-08-10,-5.833838927779851,5.283550612939718,7.221898660867487,-0.14240116669015668,1.7294280612375488
2001-08-17,-0.263186462560855,5.089093766591747,7.697279958247383,0.4564362257785076,-0.2925054562788474
2001-08-24,-0.3658744260576672,0.8107623287236086,10.703487298591781,-0.6366301203135454,3.9109953268146573
2001-08-31,3.7756082049540822,-4.101568504292148,6.541431900090507,-1.258622798232651,-0.4609428838637083
2001-09-07,-2.975135316442848,-5.465229377202225,7.310165488805595,0.3696120073636109,-1.1538795596150466
2001-09-14,-1.0834159124458007,-3.208139948009361,9.02741630511103,0.8794060011813446,-3.712251349578011
2001-09-21,-3.8867183365043734,4.224483001563718,8.827268968601963,-1.3793979896247346,-3.4924757356267406
2001-09-28,-3.697038541751552,1.1293518044579063,0.7997459404217859,-0.696638101720599,-8.796906142233853
2001-10-05,2.0021430439247068,-0.22234554925694955,1.9651819057350481,-0.5526647915988782,-2.3354050802327855
2001-10-12,5.753315756744544,-3.419150786393323,1.537740069740598,-0.8826160701719583,-3.0991065774187883
2001-10-19,2.089747296807127,-3.1899463488066484,3.848230990644942,-0.2630606181203314,-4.136296612515753
2001-10-26,-3.3361358516424673,-6.424541320235621,-3.0760981287408393,0.3349276335731166,-4.930091648299035
2001-11-02,0.5232500698157587,0.7648907620696643,1.5338451405806253,-0.11268652208776317,-2.2181260887866454
2001-11-09,-0.7965356180791301,2.315212903770502,-1.7833882750095158,1.9508956170669713,6.226340043260435
2001-11-16,-2.2642308999016576,4.68562247495891,-7.088763766413042,0.9798647857731532,6.41617315045573
2001-11-23,2.573539730324492,-0.6271042750045817,-5.18303831974235,0.8648765491315142,-0.4370802925067254
2001-11-30,-0.7007410107169962,-0.7061650508200641,-5.576736165092092,1.061663648350442,2.181347692576627
2001-12-07,1.2454116407227445,-3.261459284619156,-2.846766787125268,2.4167361687695106,-2.54781427297878
2001-12-14,0.16446502354100967,1.995122744782411,-3.961494001636026,1.233905250898777,0.6861574450478228
2001-12-21,-6.023273197627848,2.7040821007302247,-8.299432746960404,1.3348310298425285,0.6546318992345312
2001-12-28,-0.08354938249446553,4.083349533593262,-9.32077954019901,1.6979686899754638,-2.8729101875001914
2002-01-04,-0.5769539653539987,-3.8617023482345765,-7.593549235297592,0.9515362761075942,-5.599784885602843
2002-01-11,-0.4827204247600296,-3.501742707122719,-10.72425838150577,1.0219395509774483,-5.481735856364043
2002-01-18,1.4897257847707657,-2.9637773820046394,-6.988124866435179,0.6309092180949994,-1.2294514654057096
2002-01-25,5.589918305275059,-0.13613119944028318,-11.760588717065005,0.6801145242435748,-0.8707522063272293
2002-02-01,2.0529925159768583,0.43078277782298624,-8.535635931408104,0.09287543383836078,0.8467856026317597
2002-02-08,0.6715097462100299,0.5304632468955099,-10.794866807581254,-0.39542868112381735,1.0813127761345487
2002-02-15,-5.27469700118324,0.33742361701883944,-10.818955243820968,0.6364778152341469,-2.5402169304187225
2002-02-22,0.3895777506520022,-4.866860879582989,-8.729425752609078,0.5686284489121548,1.7708222855310751
2002-03-01,1.3578957274047236,-3.0065424568195316,-8.324733448571296,1.7253836780184384,1.9811417319314022
2002-03-08,2.1871694329488744,-1.0143637382885695,-7.9221428513272745,-0.5420137555821958,1.5362382345216419
2002-03-15,4.054406484239131,4.482658023845055,-8.618591761124732,-0.8449310471171271,3.826978085108302
2002-03-22,0.6920500007985706,3.15363952045339,-8.47863920829449,-1.0124203014980497,3.864031425279332
2002-03-29,-4.647087435774506,0.47794927971719064,-9.701942234210794,-1.8268825447066315,2.412112111515316
2002-04-05,-0.3393275808344838,-3.420393874761937,-8.554958819526354,-1.6451121974623402,1.5467550148772384
2002-04-12,-0.6982599322704754,0.5992461054054514,-13.566646954714763,-1.2352903224471474,-4.203792593249219
2002-04-19,0.4360830879848443,0.1647567785540811,-6.567182317611202,-2.7416576862565436,-2.7600981966961595
2002-04-26,1.3365610929735738,0.13867246837551028,-1.6271198338138557,-0.2572775451832261,-5.167672031566633
2002-05-03,-0.02714878348359706,6.853780425670959,-4.14687268322787,-0.03252628178880268,-2.9233489311881193
2002-05-10,-2.2891752278974375,-0.9299987576575324,-2.083990294643317,-1.1864749043773593,-1.9808847672845697
2002-05-17,-0.4433732192141261,-1.3393172176757089,-1.8244322880400705,-1.3302731626329298,-2.7027492214443036
2002-05-24,0.43180353728567034,-0.5070594447149879,-0.7917865527350242,-0.5710226764106551,-2.132728252199397
2002-05-31,-3.3789004229909807,-3.21458648628196,-0.445218479388883,0.16474709056252015,-3.0529961176650913
2002-06-07,0.81999812200177,-1.1499841079449942,2.2353063926388286,-0.939150639022275,0.763324681438486
2002-06-14,3.691910831260001,1.1990831515633595,3.0600676252585197,1.2084930921099604,-1.5806509293180118
2002-06-21,-1.3118918851882573,2.4191436598952594,1.9669235332333688,0.7049467039875761,4.404203631035177
2002-06-28,0.6072140966869801,2.2572719712957574,3.3780972772812565,0.8320237689074569,0.6071705481558385
2002-07-05,2.053089273589407,-0.9895883256114668,6.690575227102615,-0.09816570429721505,2.4445686809708453
2002-07-12,1.8092286958093728,-3.303981851073888,4.37767083702381,0.43166601330214677,3.7060019033451557
2002-07-19,-1.439926244365955,2.6243275751375545,7.723477551266292,0.8402691862037776,1.453001867207123
2002-07-26,-2.028434808319884,2.8961018199057387,7.522756222704268,2.7170463735316774,-1.7718602751444483
2002-08-02,-0.41625096211784407,6.1962238599830375,5.556212665912508,0.9594090910188876,-1.2605982640296194
2002-08-09,5.994692278962137,1.654802765047184,9.905769330239963,-0.1712893569665883,-1.9967327274737707
2002-08-16,1.4375538151282494,-1.0551662313466992,8.582119344039867,-0.5735365699510534,-3.7697609667267558
2002-08-23,-2.4309655452894177,-10.310594871986398,6.324606195894994,0.5324206700413885,-4.894570514120852
2002-08-30,-5.132996519686457,-1.7985466380933994,5.727743606265904,0.9137107787794939,-4.544694561441817
2002-09-06,-0.5675597400479707,0.708780708514668,10.19649440538559,-0.8933507792636206,1.1927535541969476
2002-09-13,1.122119082820773,0.8338466123209858,11.684365020000111,-0.16454559245639006,0.019517215315110414
2002-09-20,2.1671314321908097,0.43141379658603607,15.41028959250347,-0.2951690872814798,0.7407094517884665
2002-09-27,1.7419316574202717,-2.814447660856449,10.455617075510325,-0.8003192115391399,2.8233125052953083
2002-10-04,-1.4530193660470176,-4.38841272079582,11.446336360859581,0.4639244837283671,1.6776180945219346
2002-10-11,0.36471364347912427,-2.971459734057003,8.531734024868783,-1.5171273871059168,1.131095556544894
2002-10-18,-1.2581127465259239,-1.093703134813871,8.283512859346368,-2.1384267307200884,0.744804618861866
2002-10-25,-0.11669401458970807,3.833555545698406,9.841827157954464,0.36395973171200247,0.7671082364443311
2002-11-01,1.879233971556089,2.3092430742470937,8.222200479829512,0.5351102451680199,3.1644020546226304
2002-11-08,1.639833025644894,1.297260912854275,7.607718101571633,-1.4342190014100975,4.639102346337769
2002-11-15,0.41944024513836675,-4.102016866279371,4.85853752952268,-2.129271288141421,4.249790146575118
2002-11-22,0.5864335500920587,-2.4026326372713873,5.468006882144449,-2.0120086735406444,0.19436102242720532
2002-11-29,0.27954077654014986,3.850771872721648,6.2057130549378465,-1.507576191649239,-4.719053533234512
2002-12-06,-3.5688002418390186,1.84810142960882,1.797537480076349,-2.362630109167094,-0.8431203644063283
2002-12-13,-0.129948042322794,-1.991325235111772,4.377654197771099,0.006487624149981719,-1.923802922456129
2002-12-20,2.172732059956065,-0.34008937285306895,6.683966030976043,-0.6294659545146046,-6.782302007301432
2002-12-27,-1.725798737181242,-2.2592701085197966,1.1661897986668563,-0.04810146338851096,-5.3483976838183676
2003-01-03,1.3983871387937874,-4.159238274898006,1.98106514563371,-0.26409548844694397,-3.3448480279850914
2003-01-10,3.9231798655518393,2.1438844003095494,2.2265579188091067,-0.8851998551861038,-2.86212984623144
2003-01-17,-1.2183112055816743,0.11088066006533426,-0.5229630320744705,0.2644727213859719,-0.6997663742882674
2003-01-24,-4.136190759172081,2.6475700783009213,0.44358310041089233,-0.3856919626001509,1.0317687783226017
2003-01-31,-0.17011002948818,1.6860079671103456,-1.5802295709700882,0.9255266590775888,5.019387871317903
2003-02-07,2.7635550993009055,1.1542905337542129,-1.2245564823063506,1.984247227276966,2.7973654417541898
2003-02-14,0.3564183575500983,-0.4208759317663038,-5.737046534424483,-0.2652336554461303,4.597071218880641
2003-02-21,-1.7806163093313259,-2.7521114954357815,-4.963082076127191,0.2878320981676662,4.977992038840888
2003-02-28,-1.74894116900699,3.3009988472575698,-5.3330529816163885,0.41030062551350355,1.420604723168256
2003-03-07,-0.1581290926269574,-1.702708842824765,-9.264314655355008,0.4960931351447797,-1.2862880107036037
2003-03-14,-1.3977938562535717,1.1763405165335166,-10.217540572201287,0.6768334023382873,-0.9143141870939524
2003-03-21,-2.4840688204656436,-1.6041592410949754,-5.680576127488898,0.14324090802260347,-6.354266086748746
2003-03-28,-1.2993272481772813,-3.288140600859447,-9.69968838774666,1.1506693073638843,-0.9962669534851594
2003-04-04,6.31967076440922,-0.7854923192297112,-9.975854708471909,2.2830370205576367,-2.163019671091244
2003-04-11,2.069062643699258,1.4901579671386758,-11.282252496466597,-0.9216903882210078,-1.2650544224892375
2003-04-18,-0.2151946354625463,3.4738755233962664,-11.518087740874426,0.24397693445499496,-0.08433990932858793
2003-04-25,-2.481492198428403,0.2398160813974708,-8.354028116110033,-0.312664732666281,-0.33471627485100375
2003-05-02,-3.793387952344151,2.5378710299204656,-8.754375134222851,-0.6748715383069711,0.09643717936533927
2003-05-09,-2.3076592621311125,-1.5435008660281788,-11.49819967980157,-1.1398722224901028,0.3711231393668297
2003-05-16,1.8550090909403019,-4.124103195781285,-10.212150465884815,2.0233553884615034,-0.04903283565893224
2003-05-23,1.4670434934721723,2.962329081826752,-9.239979659092548,0.570315225914373,2.6763978205242864
2003-05-30,2.3638490507817442,3.729077447697178,-9.445002389391894,-2.7207606216282834,3.84032367079193
2003-06-06,0.885625038334209,-2.9062394861173075,-9.16326772328185,0.07347979791377368,5.3921863235557925
2003-06-13,-2.055834502592123,0.908387749706252,-5.769610398254982,-0.3245972217006148,0.2750454565045257
2003-06-20,-4.233743022893133,-0.2911707928432232,-9.380606915432892,-0.2739306779841856,-1.434615356141268
2003-06-27,-1.853878846534523,-3.6637264339822964,-4.856112478722256,-1.4155885104833996,1.1257102897566904
2003-07-04,-0.9278647245527535,-2.4901266304946637,-4.8671360831238655,-2.3866341817479166,-1.1039587948880039
2003-07-11,3.518745512617836,3.3889756442477292,-4.255348090962507,-1.0358356400159374,-2.3018607504678377
2003-07-18,0.30338390462555154,2.8548889336651557,-5.277791473424675,-0.8383741212627557,-2.3744393166597333
2003-07-25,-0.2504906500535555,-1.9190986171877567,-2.810321743925689,-1.544389713925289,-3.6809034833230987
2003-08-01,-2.62149518861501,-0.07631051127254618,-1.8757208243498058,0.578342279531845,-7.833957672414553
2003-08-08,-6.072211340390322,-2.9123441533390193,-2.689890402754847,0.06302335019512761,-1.8968128902552812
2003-08-15,-1.6937952481618248,-1.5632833407598998,-0.16427888206727392,0.8445000903466667,-0.03866960251177343
2003-08-22,0.06133374180389617,0.05589087267489279,-1.1233450621128704,-0.17033135024208576,5.589814371470644
2003-08-29,0.07415235037198897,1.1238308533198162,5.679034780905494,1.2616994358196103,-2.1860019127128485
2003-09-05,1.203237970218721,-0.4011100131265741,2.0328838133729286,0.2614619463588923,3.5041881578331746
2003-09-12,-0.824712102559,-0.8555321416202848,2.1092079995322797,-0.030781259220916124,1.6908542927770533
2003-09-19,-3.431778203764072,-1.7595543857744744,4.172522288662672,2.9869564508251116,3.535127350107793
2003-09-26,-4.004709278642451,-0.7398849222772863,2.3786813127064357,0.953707019057153,0.4327229479534227
2003-10-03,1.036952307632678,-0.031092334951723477,3.433201222481262,0.06361308514919217,0.25077597361226744
2003-10-10,-2.206874976763661,5.232851480005295,6.352465149858753,1.0935668194685682,-1.6428591206825387
2003-10-17,7.332971050335286,3.7078039481061564,8.033810157559872,1.4389018726533322,2.0316392369007374
2003-10-24,-0.6087773258024678,2.2777622068580654,5.582780635151559,1.4230433616498415,-2.3826774470975813
2003-10-31,-1.1241048152041693,-4.144627667827248,11.73793053063717,0.6961853309175075,-4.601747559191879
2003-11-07,-4.727612565332952,-3.0005942735113162,8.851933604762877,0.5339662954645135,0.2844458374135046
2003-11-14,-0.26391492059386157,-1.9138467961519827,10.642988197068869,0.6045157358290582,-2.6564542466705237
2003-11-21,-2.8762909504162346,4.110723298296385,11.908674542699456,1.426537812488367,-0.6611568429957062
2003-11-28,2.4826731469914813,0.4464537094521912,11.066923536595816,2.3163363670863757,-1.7029282651292186
2003-12-05,6.518776701408801,1.6704916630020792,14.393850927314425,0.47174865763186624,0.20451333830338697
2003-12-12,2.6624177145401067,-0.547229615817802,10.127426011318203,0.8506754321497696,2.4479957365108707
2003-12-19,-3.4844681076231283,-1.9902031920253764,10.423012191127468,-0.21091813193919157,0.17561712888540693
2003-12-26,-0.7633827928414878,-0.9692906854469898,10.258131758796434,0.002741484486683321,1.6353368128057744
2004-01-02,0.03265404567063879,0.3135815873968777,9.68287536856604,0.1987003751058245,-0.4865156019474983
2004-01-09,3.300492405652503,-2.394402035009267,10.476773842457305,0.11177657161839238,1.6169736449981336
2004-01-16,3.467058731764647,-0.6974457472011977,4.62318680146345,-1.300690737339101,3.2692496921900407
2004-01-23,4.583385196914013,-2.287734844922449,4.863768797936406,-0.6503816719841462,-1.8221879821664206
2004-01-30,1.9205671886770985,-2.928112941432953,9.528246877368906,-0.5647946079408269,0.0774193085096261
2004-02-06,1.2113898800376601,-3.2460271609216322,4.541379221634618,-0.12293195913373345,-0.9121135321007405
2004-02-13,0.48723719914691976,2.3090427972133885,6.027213856237776,-3.516010011011246,-2.90487316841073
2004-02-20,-0.6834259514598515,2.09784185461311,6.513975722689313,-1.6005695445504258,-2.2547260695599256
2004-02-27,-1.8972578429923304,3.762363173753685,0.21916568422434013,-0.23921451743717792,-4.680396213359948
2004-03-05,2.9020145698733697,0.939221617202598,0.5657850005599205,-1.098127075872858,-1.275795684919425
2004-03-12,1.8799798920727584,-1.7444053599028337,2.3537178626914055,0.484449521123098,-4.411834454503435
2004-03-19,1.8747429997793619,-0.7621589698724329,1.1329294559225025,-0.23607748443738513,2.428293662997865
2004-03-26,1.484279244092503,1.5455436669530012,0.8453724499907217,-0.1600322843596507,-1.5581476100903409
2004-04-02,-2.6858044786194464,1.471729750862024,-2.0415718588923175,0.7065076098762545,1.6612880925036055
2004-04-09,-0.16973311229676158,1.4745943266925388,-1.8283783658695922,-0.04264067252291304,1.890107289902656
2004-04-16,0.4493745716050369,-2.321266406952152,-2.246725095816561,-0.8160679465385041,0.9075691938302779
2004-04-23,1.5960812056422427,-2.5187911990741965,-5.41783352825915,0.7041314725247076,-0.44973466939754747
2004-04-30,3.0015362373738363,-3.1006529522755506,-4.51798060309669,-0.18974878014770902,0.4421289894396816
2004-05-07,-0.8280390575319025,3.255221067051842,-2.6243472023352172,0.5240726193903663,1.1720267818114105
2004-05-14,-3.5981782902925468,2.9215020144782655,-1.8667399503812216,0.3587730397510276,-1.24679403127241
2004-05-21,-0.49211731712480855,6.870694688003784,-4.4285415745315575,2.181727807349148,-2.6144148627532195
2004-05-28,-1.1342374782845963,1.5113895643842332,-10.96504756301104,-0.2619752561696068,-0.20708151085812254
2004-06-04,2.2149853595017794,-1.500849046032466,-9.801175689589387,1.58559161157839,-4.463753624555276
2004-06-11,-2.919508889757373,-0.5080710958683374,-9.08578400638779,0.8497419268379379,-5.726687547939834
2004-06-18,-3.551128505387174,0.5133327120449795,-9.597717455257657,1.8922750549153617,-3.054883495012379
2004-06-25,2.5401765329486667,0.799088385795332,-6.810207483473787,-0.8336593615478854,-1.2048034987047245
2004-07-02,0.7692011400444105,4.451390041417762,-5.035343910206255,0.04249738123014779,-4.805404711150514
2004-07-09,-2.948351145283885,2.858771973232354,-10.030049501755231,-0.5953998107454986,-0.40860989259920266
2004-07-16,-3.147932718269776,-1.159907008892699,-10.011014184731593,2.1006201849808313,0.909093627300813
2004-07-23,-1.2351061645029038,-1.70912617049282,-8.99744569375828,-1.361610822918182,0.09838549435287391
2004-07-30,-1.031331443882181,-3.086281020592424,-8.399425319407896,-2.39271315044258,1.3917181155809233
2004-08-06,1.152641225107926,0.9201429455120007,-7.0190653457742,-0.5499803561761858,3.3024791534117175
2004-08-13,1.323776582563805,1.1314847299192239,-12.076580426808398,1.2627639986458608,4.177318585570007
2004-08-20,-1.1040630883760723,3.3795062263053812,-11.226355011469138,-0.6682842115772075,-2.073496964337699
2004-08-27,-4.485145771114646,-1.5234909601760875,-4.16666954679186,-0.9784938362330305,3.6350099355949723
2004-09-03,0.7878022694423723,-1.5102681430613218,-6.426376439839498,-2.564778314788826,-0.03289624671443081
2004-09-10,0.9147268495583211,-5.001131139904546,-9.847651299722042,-2.3843580263136146,-1.750242355305038
2004-09-17,0.07358156234006308,-5.883637645281363,-6.801815195065714,-0.4733615103190087,-2.630855108717272
2004-09-24,2.9487012834137607,0.531126785517714,-1.7332548383228228,-0.9742159765313807,-6.39150624698432
2004-10-01,3.1651985375042306,2.8866385963090604,-5.869431058185378,-0.4626834204351408,-0.203972914812788
2004-10-08,-1.052550647780965,0.5508672384716218,-0.6348272258407239,0.7199355351020668,-1.5374067932534339
2004-10-15,-0.5063398234204615,-1.7912879230585865,-3.3306141467221844,-1.37500609681905,-2.337561001971667
2004-10-22,0.12832916954336304,-3.5986255334944977,0.4502197074334602,-1.202819289394398,-1.222644394391413
2004-10-29,0.9360006990175335,1.640134871098509,0.6393891481533078,0.9099488867219293,-0.5108431882573833
2004-11-05,2.9947798317282093,3.643582860596114,0.03269211259862215,2.3531150087979387,2.224621097010571
2004-11-12,2.3461612613636706,6.9970694021023565,-0.2841526796592311,2.598235316686221,4.102438836604195
2004-11-19,-2.018839509169113,2.5193677114729702,0.7463767298407984,0.6199883495285016,1.454544646667102
2004-11-26,1.9953235663338411,0.13222091430264848,4.1124891603207665,-0.3604707374064402,1.8121786090786078
2004-12-03,-3.024434783872983,-6.069632743547503,11.102696441595139,-0.4123772710698209,5.11918428407305
2004-12-10,-5.412004093533664,-1.3690272696301105,7.644168677323858,1.1826176226434892,2.417483858234516
2004-12-17,0.2804602617080916,3.2165339284931447,4.836292338912276,1.821285932535233,5.451296743924232
2004-12-24,-0.011180862044338769,5.547106998401865,4.892711154655908,1.8093290512324733,0.1517829197443999
2004-12-31,1.1446868611855332,-0.11613003467245209,3.7021859223833933,0.913355504870956,-0.6362889202534572
2005-01-07,3.0326878560175192,0.968558296586351,11.46974197275257,1.4475456537923121,0.14749538452897104
2005-01-14,-1.0732191948690357,-3.1030652738922266,11.150859988186063,3.6361321249434244,-2.2466958666583876
2005-01-21,-3.2075322764276506,1.277419834555006,9.989250869274448,2.3033283560393865,-4.0440790468246215
2005-01-28,-1.632660704970152,0.024788169602307175,10.241211897705316,1.4335130061468055,-1.7402520756409188
2005-02-04,-1.0664339650443515,2.946784054270932,11.050008575949185,-0.6935201864226967,-1.3937142631916264
2005-02-11,4.6011716489143675,0.7785558262954804,7.638409995932948,-0.053905444756440685,2.4333031760921715
2005-02-18,2.8819060307041866,-2.517106539240453,11.715273777869047,0.7372999857071839,0.35187661068256076
2005-02-25,2.422794389248085,-3.494507335098784,10.008197605132256,-0.7721123975935361,-0.27474311903888715
2005-03-04,0.21447258675179753,-3.517003451201826,8.051065381178,0.36560212868280745,0.7056382491916484
2005-03-11,-2.583808713304411,0.7718744237654642,10.91123134098244,0.10022197684069678,3.900230122202981
2005-03-18,-1.5422108233227856,1.1914287552095717,9.378185893385139,-0.4030952807258096,4.899778650758979
2005-03-25,-1.095220155679044,2.3842699066070203,5.787144090013205,-1.533848254208124,7.671374534525802
2005-04-01,0.14140426071653844,2.0401754471968614,11.140242472603042,0.9328439385305427,5.169293589454406
2005-04-08,7.257504897432403,-0.25789157652142136,7.096182196471554,-2.007326253817228,1.8554758259415296
2005-04-15,0.7756053607137747,-2.9748538274674847,4.365627460509927,-0.6673036315854313,-2.857799195511022
2005-04-22,1.4182502400007557,-1.0907183535127731,7.010570214535109,-0.5781665202130744,-2.6146029812430607
2005-04-29,-2.152067359208768,1.573436655173528,6.999001592200672,0.02327146134737279,-1.1069210428343206
2005-05-06,-2.3781147429247405,1.374370323900106,6.384086348509186,-1.3903764589424104,-3.504793355534373
2005-05-13,-4.262485126684987,2.9994479317964973,3.6775939938320743,0.021717768356732114,-4.605894795406202
2005-05-20,4.648005359038057,-3.6979942255420672,5.219052921223881,-0.2333537737063992,0.6293012942357112
2005-05-27,4.269350256656446,-2.3265213730170746,-1.2261115618558802,0.19337182465548836,-2.3746339452072975
2005-06-03,5.205002672467049,-4.9411562055675144,-1.177496219421415,-0.20302879980981448,-2.314231685862888
2005-06-10,0.7027716209317684,-0.47730582267983745,-0.4974322074033842,1.724308730572664,-2.766125968402536
2005-06-17,-4.766991109530538,3.5667517958955663,-0.4033808720313412,-0.4813036485512405,1.0135191471066423
2005-06-24,1.114702038619555,3.3726565647523126,-2.263996847131057,-0.24867183261669368,3.9040059950301385
2005-07-01,0.43812438335205633,0.6699778455479958,2.1001551946813777,-0.760397973243133,3.0468353861449597
2005-07-08,2.6726822276719258,2.069332980750692,-2.6529623176651675,1.818653004583675,6.648147527275626
2005-07-15,1.5154491361323315,-0.36891418395271325,-4.083838001584436,1.3056055231280594,5.399143342323604
2005-07-22,1.838028916330328,0.6068335318500269,-6.114677868285964,1.1369590613956904,4.541168022008124
2005-07-29,1.4160548027205866,-0.6387702573517422,-8.99074946826028,1.078890792106205,-1.1723920943937047
2005-08-05,-3.9684832346860253,3.1212533236240354,-8.331045002843425,0.26078223358733277,-0.901026202693477
2005-08-12,-7.578678818176191,1.1325506931917668,-6.216623713760271,1.791468172400005,0.735749600964035
2005-08-19,-0.02424783736694114,-4.347632304497475,-4.492216261128952,0.7031901409363336,-3.624227006334339
2005-08-26,1.1270456295466915,-3.6538881015682816,-10.057098213226734,-1.10751755537084,-1.8977631295775284
2005-09-02,3.4594990832511727,-0.04926542479028673,-10.989487672661971,1.5237711439835029,-4.769278327721266
2005-09-09,-4.620238508075517,2.3859530454890456,-11.841097388443718,2.2295444122090347,-2.4655348464485467
2005-09-16,-1.871298668381455,2.18712779963259,-7.83158181416246,0.6414492671113743,-1.5683613408757684
2005-09-23,1.1266928511526144,4.200982180645843,-14.575456469160033,-1.9167536705733152,-0.5094184096609129
2005-09-30,-1.1965882917111859,-2.8918808372965694,-9.59606194575519,-0.09386957084835887,-0.0675430365861428
2005-10-07,1.024132173027815,-4.449565435828054,-10.500742799726737,-1.9076694130977625,1.4090296183143298
2005-10-14,4.539277157971532,-2.151825428771793,-12.157850203168307,-1.2854212016875919,5.907506463497472
2005-10-21,3.4672966282996374,-0.1676761889919025,-10.785141479580297,-0.6880799694042358,4.4169668479227795
2005-10-28,6.928874348641685,4.748210083616291,-8.295140109359076,-1.8033400424923118,3.8333036030993477
2005-11-04,-2.556251616336739,1.6610467479740678,-8.582287897207976,-0.9995667073150913,3.0862372700906877
2005-11-11,-4.909419649475671,-0.45967974549179513,-11.786014827141477,-0.6352291368016664,3.167891995243717
2005-11-18,-5.0821301386443665,-3.254416557637267,-8.02123438995376,-2.250065084594933,1.3087259553988235
2005-11-25,2.270027354818096,0.8846709440645641,-2.375830031480489,-1.710191788213481,-0.9330697190106221
2005-12-02,-1.0902509566661902,2.521339028621483,-8.664912257739246,-0.41053213158099133,-2.471238365554288
2005-12-09,2.466214157154624,4.2565362457127005,-5.561540407593175,-0.2286456746169767,-7.131348755913642
2005-12-16,2.8173800966744924,2.577944139469163,-5.219211764052822,-0.9367527180414904,-1.968764427003744
2005-12-23,-2.314052363856174,-1.4544228357737252,-1.4957353471130248,-1.911140734068002,-3.8371520119841347
2005-12-30,-2.219149520564759,-4.518542377436807,-0.43814393140654206,0.16977388968524282,-0.13563462809983573
2006-01-06,-1.8254989740178154,-1.178297176483537,0.08346001867206687,0.4223124814358432,-2.445283461931788
2006-01-13,-0.21612625464608398,-2.1211985924982173,-0.3825416789475921,0.0828991518454362,-1.6969762236092298
2006-01-20,-2.2727459932415393,2.1832999585490356,-0.2866387248696477,0.1077240644985015,2.5982535545531125
2006-01-27,3.023521078253392,3.387877714211793,1.528006236669,1.0262425165660845,3.2970650106400967
2006-02-03,-0.11469123819831983,-2.952948909765554,5.328206266521171,-0.5362526801310433,4.750078292662319
2006-02-10,0.7198113102335509,-2.591532599763688,5.825830139424941,0.4681099915691104,2.144422861331273
2006-02-17,-3.0937256930761503,-2.082164426028118,6.132979291389504,0.35116796781300913,0.868786078427408
2006-02-24,-2.8998937536854323,-2.057362544223612,4.462432885193163,-0.3268929779000703,4.904334539622539
2006-03-03,-1.614521040506026,4.423723029539461,4.937873036516063,0.29169623831546043,3.3251206947115075
2006-03-10,0.9507480039690681,3.8623537142149575,10.709756245203366,2.093607324258945,-0.5243591788957307
2006-03-17,1.2412887499782124,4.695368454818686,6.038314863329373,0.1104549963578324,-0.2888068782616209
2006-03-24,-0.5991497361395821,-5.288099269628828,8.880221795748968,2.3721169812486775,-1.138631010217298
2006-03-31,-0.5749051989018394,-1.266253602415124,6.26643813964733,0.5482059070597165,-1.2052283657024119
2006-04-07,-3.1250260508037178,-2.152751029713098,9.688382712616853,1.6446400022508423,-1.6750608868493124
2006-04-14,1.7322983144807358,1.4706393687688024,9.180144482536887,0.25489277509084934,-1.8723592183692264
2006-04-21,-0.35825592915163545,5.734322674928023,11.10861130980304,-2.716218858559753,-2.8378194996618697
2006-04-28,0.796585560731775,3.7629074834822194,13.821537016167703,0.35816259481889035,2.6471922991974326
2006-05-05,3.716196676427951,3.8325682158007512,14.088694367657986,-0.7930805995543931,-2.166785526299151
2006-05-12,0.28904171608247675,-0.9111032772683698,10.756051167075443,-0.9963752876694001,-0.7172713100724131
2006-05-19,-0.001920659361007604,-0.8577395840926738,8.913654257685398,-1.738296834257028,5.690248986600716
2006-05-26,1.4937158835763378,-0.01645093092906466,10.096473758479757,-1.741116764282969,3.5555368333491586
2006-06-02,0.09456945318379861,4.611830115668592,9.176951810782317,0.4344762663315149,2.233841618103809
2006-06-09,-0.0766727460440437,2.6596123835866834,10.194852332489221,-1.2734599475523796,2.683830665649072
2006-06-16,2.952967833259971,-1.1992353273640761,3.8443794733329826,-1.2412371386302365,1.077734239439191
2006-06-23,4.896246243597968,-2.374872165191742,6.081386238658749,-1.0248032155584217,2.8252353712994713
2006-06-30,-0.10174768079388286,-4.710374347006812,8.032463831376973,-1.2524132965453434,-0.9594987406537452
2006-07-07,2.851847970750714,-2.0320210468294713,2.821843384108672,-0.1601604979381036,-0.7470281366683909
2006-07-14,-1.7957499865518265,4.50665108077676,6.291635591854377,0.3551392649617753,-4.248170139158934
2006-07-21,-0.9017994230551213,3.27454626653163,6.4738946218154965,-1.1847222374914663,-4.499307482518631
2006-07-28,1.0970504871004008,2.047124828189898,2.71511354312834,-0.5484195412528707,-3.491123973599687
2006-08-04,-1.1167063586593355,-3.23221526064685,-2.6572696102359794,-1.5968469624214547,-4.464063364797615
2006-08-11,2.1720820917328494,-3.5329185356514228,-2.219455989982123,-0.9269887063858671,-2.8540887929663477
2006-08-18,-2.7501618163556554,-1.3223048843326566,4.592616608663256,0.6124401938161836,-2.8080911305361447
2006-08-25,2.229692485718978,0.036841100995190335,0.343696996092935,0.6219185644700038,5.359940615586846
2006-09-01,-4.906476152946286,1.4915869335443708,-5.125789667131886,1.1447330761877037,3.4350796966018526
2006-09-08,-5.310185188096677,0.5157695457465852,-0.7573023525312874,1.7851444766876747,6.37996181576886
2006-09-15,0.7143360104866402,1.1204123705840974,-2.582341497529716,1.8088536816296739,3.5308519992563934
2006-09-22,6.283288370058889,-0.7609023208571957,-3.6517984451122194,2.488802500306041,2.3622103699520878
2006-09-29,3.0379553681185754,-7.06893418421075,-2.6672987012561293,0.799950069450164,4.203540121154447
2006-10-06,0.4715834012417127,-0.19663099244364657,-4.164535531094373,0.45037494470952877,3.090477813836759
2006-10-13,-1.8523775520737429,0.7292500111277764,-6.085939464307622,2.849674625350125,2.0448742634562747
2006-10-20,-0.700273160239927,5.538401483330913,-10.581243240317662,1.8199657551350714,-1.5897754936626276
2006-10-27,0.3990450714842937,0.6996887465747708,-6.769046722186307,0.7228308531342429,-5.680376108005017
2006-11-03,0.2208729893108537,-3.6613365313082165,-9.615869145899532,1.428542042143497,-0.7379174198947838
2006-11-10,2.27996291946057,-2.646469654434426,-11.436734296138066,0.48787592780197,-5.179443007864055
2006-11-17,1.0288525529897,-0.45303162129143243,-11.721495612836774,0.3221140961617741,-6.378315664164008
2006-11-24,2.506073308527296,0.5958105668855387,-12.504246032554992,-1.6433952464766342,-2.308572555765436
2006-12-01,-1.904928060263789,3.0967053510869835,-7.481732417340773,-0.0062327885776573555,-2.0448186493558094
2006-12-08,-1.3163859984969988,6.170656884113757,-7.996384756221348,0.0999293158808168,4.607478189877041
2006-12-15,1.3599138885439512,-3.478524208471185,-11.720271715880655,-3.0656895874332464,-0.34376221195910306
2006-12-22,-0.7870367408332527,-2.2249241771950876,-7.790651740924483,-0.3163227046429087,3.831590242376164
2006-12-29,-1.0499130822582625,-5.342065238037716,-9.560412976802969,-0.7092755190802453,2.5960813724309975
2007-01-05,4.217510792364657,2.1971428802363633,-8.122123763639838,0.7626230403864906,3.9472413230497407
2007-01-12,-1.9626518290511261,2.648588867258006,-12.14893564775132,0.1275864931373718,4.455499393057357
2007-01-19,-3.529866551604827,4.052939394543558,-5.529680293454855,-1.3732949790668239,3.5379718731250307
2007-01-26,-3.4560368441363467,-1.697450242805973,-9.666395417122137,-1.111596711390127,5.7616598162552775
2007-02-02,-2.7119968455768153,-2.158612305400361,-7.118189908627874,0.3512478970423005,2.1897662680260037
2007-02-09,-1.7022953688299656,-0.7903237751603274,-9.122591042674642,-0.05363876611301499,-1.3243189998127616
2007-02-16,-1.5740096268764128,0.842996224757174,-5.27516899104864,0.43949611120495946,-2.959992366620199
2007-02-23,3.499464324242016,1.983293550263847,-5.151864895049912,-1.839537249197313,0.6699634943955188
2007-03-02,0.6677476865226388,4.109010509283206,-2.8174479924301488,-2.6964404294455084,-5.9449924462793575
2007-03-09,-2.3205774508381625,-1.8261792056555453,-2.691058917024545,0.446275350606846,0.34875474866631917
2007-03-16,-0.13195301437299034,-3.250841265603774,1.6602516809236973,-0.3315582570736217,-3.4940734149596526
2007-03-23,2.342711338284584,-4.737222917441001,-1.730383619928567,1.0033689586073546,3.0973583777616955
2007-03-30,0.16257291406627777,-2.4840664049328702,-2.138477889652891,-0.8235904504739513,-1.1955103635596642
2007-04-06,-2.39892683901269,4.543088838477185,1.5269858795221667,0.015865141082671536,0.7360565716542026
2007-04-13,2.5576538686678045,1.890035571965175,-0.5748002255242974,0.30047826256794186,4.907775819858108
2007-04-20,2.8361766980021876,2.7092285568589833,5.6151920257982635,0.09159514866474555,2.670328466550032
2007-04-27,-0.9162910247906725,-4.541687917335471,2.6431847859768274,0.29047238469555614,1.95529200083874
2007-05-04,-1.10521902029378,-3.1947548949454316,4.813043845040251,1.746236472406855,0.3410369382136311
2007-05-11,-3.9007764757863894,1.4284265757936,8.138922332307448,-0.10437576609979293,-0.5385618966737167
2007-05-18,2.131288009697889,-0.18093163518332323,7.739564848137312,1.5355802435040853,1.984314628007163
2007-05-25,0.31361008924441136,2.3639760913807883,7.082532648931462,1.3057425276206873,-1.200117112425568
2007-06-01,1.6924325492171068,3.1327958791627086,7.331228550426178,1.0220804910964107,0.9319576809817118
2007-06-08,-1.1752899524074758,-4.015944665319337,9.752658038887532,1.654437733100024,-2.479682272412079
2007-06-15,0.8733339817884641,-4.21044777771782,5.65428157432428,1.2298532754515081,-3.337371075573479
2007-06-22,-4.214406997107187,-0.31853562650274747,7.288168971099358,0.28324063246159015,-5.985409401344376
2007-06-29,-2.9403220544212725,-0.11038421098392259,12.752824823616784,1.8679389059132583,-3.3958324089700374
2007-07-06,2.622563731027122,4.2665789423635605,10.237036895381474,-0.04857715474998259,-2.4234838760173147
2007-07-13,1.3998567392182566,0.16134486226437095,6.763514016879515,-0.4421710638531181,-2.174169784021648
2007-07-20,0.07292852368700653,-2.013510122455478,11.679362659383171,-0.7365058149067172,0.18344883530802822
2007-07-27,-1.3405696892735888,-4.165673601062069,11.666588498328899,-0.17815059517088644,0.19213928231413235
2007-08-03,-0.8125501951737989,1.6133290833893916,9.536448912297171,0.09695864708416752,1.3321278120150688
2007-08-10,-1.9739980055799464,5.490560409525063,12.491539048863107,-0.8586835509628689,5.0074216891366445
2007-08-17,-1.3586790400023363,-0.20715592688629858,10.782149397763277,-2.3188283430994563,-0.7328085378944178
2007-08-24,0.25805933014219573,1.8090467145600617,10.835635085241176,-1.0927156069915174,4.084860210612412
2007-08-31,1.2644289088946536,-0.8569041573742234,10.188345425692722,-2.59896457347204,0.8015351945263574
2007-09-07,-0.818938827496319,-2.294735707749568,7.537787955065437,-1.3451440346554808,1.6961347104177142
2007-09-14,0.19936290464032314,-6.035882275826761,5.440797170812623,-0.9703412966806735,-2.3767183777884258
2007-09-21,0.32827599878644953,-1.171569672588285,5.773719896337164,-1.493646608128759,-2.9424737615440453
2007-09-28,-3.3551569487748,1.4748944763414635,3.920767503393977,-1.3720643164633628,-1.5507577620831912
2007-10-05,0.04726373822572727,2.7339408278394117,5.4295081087400145,0.25976288191980035,-1.9651616355270725
2007-10-12,-4.622537501347777,0.4655379721696703,1.568493591441237,-1.3946680095865172,-5.439503475780381
2007-10-19,-0.5016927298012746,0.8421089862799662,1.1667350216121648,-0.12919042419677496,-2.5638889328847165
2007-10-26,0.37782999348902346,-1.7560810771397177,0.0745284365656893,-0.806683538520026,0.1855590926661339
2007-11-02,3.3763205063403694,0.409964559434725,-4.5309903623912415,1.8021951457508267,0.7090907410477774
2007-11-09,-1.8334733289400496,3.373883131700507,2.2184689592504347,1.1032846834230654,1.9081327073816285
2007-11-16,-1.0092857016190253,3.22363516076276,1.5928382576118651,0.14895907786972123,5.0893881509002385
2007-11-23,-1.1413053853007664,3.5374035962086245,-3.7007684963641365,0.5557706759591732,2.3933795478284705
2007-11-30,6.467284433145029,0.927349838893301,0.2338928206969677,-0.09975196355859339,1.7943139908218027
2007-12-07,0.7117819816768436,-0.8589260390794298,-4.899822603701189,1.8332055281079604,0.9830674944841535
2007-12-14,-0.017592380276876485,-0.9348107926266696,-3.219803739841913,-0.4182372404797259,1.682456900691689
2007-12-21,2.7180609133059828,0.1451619105160118,-9.325546229512629,0.6637048588962196,4.1035215804711545
2007-12-28,-2.726469579576566,5.477703864370221,-7.5081607791594065,0.8748217385182284,-0.6220704604354315
2008-01-04,-3.634153932463498,0.740083231946085,-4.79575575660546,1.1822741983166416,-1.6741914055371416
2008-01-11,-3.2592063965242906,0.3655192676756983,-9.935976030527474,0.6412411753420391,1.7086241573760255
2008-01-18,-3.798419791187228,-2.2803332500797167,-8.017545033481841,-0.12612056051902076,-2.209366521180378
2008-01-25,1.1946585920172046,-1.0223335060719985,-8.371647313698494,1.6305738529959228,-1.5073114506386585
2008-02-01,0.3758952781812297,-3.5999710446040303,-10.031659707207705,1.1259548722669273,-1.3962418877148104
2008-02-08,-1.6566759533967848,1.1596686176677404,-14.090207162112193,1.0177001386570939,-3.2226872887430864
2008-02-15,-1.5912721121703957,1.418503091528953,-8.888969340437134,-0.9983836713276071,0.13347534440790576
2008-02-22,-3.751148314025399,-0.6774508265626286,-12.213797062295766,-0.5180562992229842,-0.07221695568220418
2008-02-29,0.0294771421267912,-1.814250471976879,-12.122716246300076,-0.16254333062529053,-1.4030755161722641
2008-03-07,-0.40349566071282,-3.9890664167238565,-10.11841153021133,0.7448397318387738,-0.39886119563613986
2008-03-14,2.874924668627321,-1.3782500651667196,-10.918392965208236,-1.1487437012606285,4.302484098514854
2008-03-21,2.997105301523763,2.354544775029635,-8.963179274044169,-0.1824203203180239,3.808903720854447
2008-03-28,-0.5060095129512682,1.7323617611033786,-6.511265225608804,-1.1415169928292546,2.841663557926103
2008-04-04,-2.8236792798230725,0.1745941162564546,-7.75503951732045,-1.046822142069237,2.7896655338666587
2008-04-11,0.16541322897214705,-4.650804084654521,-5.442464632318316,-0.8422806560019435,0.12396803206362605
2008-04-18,-1.9761893328713,-2.542501915370579,-4.990823570957174,-0.6946867162870991,-0.8083611668233168
2008-04-25,-1.7949104797367907,-0.4842110406559388,-10.10173662944723,-2.373357288960006,-2.2010515763892995
2008-05-02,4.263307953562395,-0.21141805071886166,-5.459712533011041,0.3807230920881085,-2.340026677098712
2008-05-09,-0.5487634614156651,3.495697942376755,-5.256820931245572,2.13937388084785,-1.1464716474859906
2008-05-16,0.24523001560981883,0.37968872813393895,-1.6762272650458434,-2.821117971506812,-4.445573368080101
2008-05-23,-0.20045017376207963,1.3197156614892067,-3.1404230152631722,0.24912710521146197,-2.346686808751558
2008-05-30,0.07675289023045284,-5.067032995132028,-0.5320721288871344,-2.064382002636076,-4.149845172452331
2008-06-06,-1.9736347761862763,-1.5117020204605889,-1.2254077600822548,0.43670268363890297,-2.1429863530374007
2008-06-13,-0.45163016324663735,-0.7372714803855265,2.53454303620871,-0.1486932384073995,1.3595795307067662
2008-06-20,0.07529250468053661,3.882721334659813,-0.8043380919321992,0.16873071688789337,-1.4625861573596564
2008-06-27,2.0324542046820024,2.0790064094557206,6.820097156683449,-0.16259590578479427,0.13579293206510545
2008-07-04,2.0098895304190334,-0.5597487648273313,2.8094086200391035,1.8535001001845024,6.721179894035473
2008-07-11,-0.7387359475140545,-0.2112488071753229,5.080203930542096,1.8150749350947297,3.684973480839248
2008-07-18,-5.339837371711063,-3.158338812888884,4.452053573549325,2.1457008822096957,2.39845755387148
2008-07-25,-0.7838833444934784,0.4009733486009517,6.374137765305116,-0.5028946496940634,-0.025319495454723562
2008-08-01,-2.0772566241315706,1.9854173650260476,6.575610461202889,1.054110480599074,-0.9268638359974769
2008-08-08,1.9304835412366752,1.0955120276273211,7.321866497161846,0.5847294718372713,-1.5067411109253275
2008-08-15,-0.1807256384112712,1.0989577154314336,7.624955870991748,0.6424645331259101,0.07024140177087212
2008-08-22,2.0870821546404876,-4.1584326784128915,8.756690602418423,0.36097431412941094,-3.2957764934013523
2008-08-29,-2.2173395299618175,-5.183571882681264,9.485571692158553,0.2993182207971388,-0.9017654394106951
2008-09-05,-1.1201822892388877,-0.14897342717928308,13.052969589798051,1.1830552761563615,-5.973208650008333
2008-09-12,1.4899694484050605,2.3986049696532343,8.609411934699702,-0.13580574491754388,-1.6111729856560628
2008-09-19,-1.6910164631351452,4.049589059279765,8.130980828917865,1.0390158380468046,-1.2881625445563751
2008-09-26,-0.6349839615106054,4.279263959976861,9.24556320648913,-0.9169456213927947,2.5604147167593885
2008-10-03,2.1382841891739544,0.3604215189929676,12.318073648308356,-0.7979789750325595,3.515327015407323
2008-10-10,0.7566608865931298,-3.483446660567632,8.564431648028307,-0.7730939078188886,3.6077174832611614
2008-10-17,-1.4329836410234498,-1.2190569844345258,12.678733701711103,-0.31694775738890735,0.37113957621287597
2008-10-24,-2.9951013997985,0.40356308645253813,11.190805125258033,-0.6531624518469842,1.3101578265510108
2008-10-31,-1.211067720447426,8.214901618714588,7.719942639821779,-0.5180047997258128,1.5117751803849828
2008-11-07,2.7075034247073297,-1.5683140180833028,9.08988631939054,-0.2763875832098377,2.4051473943285413
2008-11-14,-0.5350488031553156,-0.5896158033996343,3.934213869908052,-1.6435506082037628,0.23227541841019095
2008-11-21,3.741545427850572,-5.183314610740249,2.9477869464600595,-1.0152420080985067,-3.0082223396825833
2008-11-28,1.4145404689327994,-4.013391989628527,8.32878014278526,-1.6815029796069656,-3.178877780785193
2008-12-05,-3.793445994127657,1.653612398429605,7.139924718973037,-0.8135465865191769,-2.3630674576472592
2008-12-12,-2.367717063278798,5.307697549091172,4.1939528650552145,0.036966129966869765,-6.008464864210118
2008-12-19,0.13067631158504422,1.2207719158983001,3.853000750680941,-1.0564031161959972,-4.414148177095479
2008-12-26,2.847095296816723,1.8072153692082733,6.327617860969966,-0.2776357302370919,0.47427301793653154
2009-01-02,2.643584492389835,0.5258935796911719,4.056226835263222,0.37854818656627076,-0.14737761823640616
2009-01-09,0.845914662124043,0.7698359179351519,2.180013233659166,-0.48114251204873176,-2.82426241692726
2009-01-16,0.7567688449459755,-4.304350185526143,-2.6499885116406077,-0.12960454877056293,-0.4094306764602884
2009-01-23,1.5244228772819883,1.334375869677833,-0.14603111529999113,0.6404370769380492,0.5009712337786374
2009-01-30,-1.2804453185424678,2.1770015949533428,-1.297418264431518,1.0901493271820983,-2.2117861792624414
2009-02-06,-4.056155810317294,0.3625839275946534,-3.115017302787022,1.6371770137896382,1.343514235559176
2009-02-13,-1.2177980765478778,-0.659633714833497,-5.736268213889115,0.20950028511280266,-0.8394202313098154
2009-02-20,1.1112464064434469,-4.841038602180708,-4.126336590222604,1.5855831603339938,3.5133970133857657
2009-02-27,0.8119346430582568,-2.142873358619863,-2.4892621034435285,1.9174660116737754,5.546882694232199
2009-03-06,-0.08074950285207044,-3.4239127396468554,-2.9194863178664665,1.9368556882845596,2.086280276736509
2009-03-13,-0.6028586740768284,2.5821914447268095,-7.811234949668732,1.1359164179552794,-2.0926460929845603
2009-03-20,-1.4170840776881872,1.74055288011622,-9.325540488066192,1.3552577684174112,-2.0485964410192965
2009-03-27,-1.9870914409335911,-5.870634400201105,-9.697589507463492,0.5087346308296259,-2.9854591940753186
2009-04-03,-0.4472362590919011,-3.0849056886687354,-7.067301234050854,-2.0318793709902216,-5.570791721807639
2009-04-10,1.2997914753707445,-5.684285501246455,-8.964209958395996,-0.04176379698854893,-4.78864270432663
2009-04-17,-1.8427144803167006,1.8531446116216643,-9.235200868436909,0.33701122373434994,-1.3500297359162152
2009-04-24,3.110758746156629,1.3222271421058742,-11.988588457040818,0.6029534600259017,-3.361247153918999
2009-05-01,0.3905266280368005,3.2800043796456846,-10.102951059100766,0.39321621407448126,-0.7276245390209389
2009-05-08,-3.4479409073570952,-0.8985466013324142,-7.117636542385603,-0.4954591324308828,1.4522718118950901
2009-05-15,-2.5952647354049976,-1.8572788364028263,-11.792244497228218,-0.13916373426690234,-1.6243547045787516
2009-05-22,-0.8673147589631566,-1.7780536048243614,-9.424661307449178,0.779999062693582,2.4002812918900176
2009-05-29,0.8776428078709585,-0.31546407687195704,-10.157816757960587,-0.7493931835408876,6.239657094684358
2009-06-05,3.396100862406078,5.126064333341931,-12.535559993043998,-2.4355424416170086,2.0687922312379445
2009-06-12,-0.7411746283016234,2.7617888261185333,-9.813123959970362,-0.3332977902031894,1.6479081923782237
2009-06-19,-1.4374603901534917,2.516243534870316,-10.20806583867008,-1.9896245754717592,-1.3209995823336722
2009-06-26,-2.6841502466029175,1.133371743019974,-7.138405662218224,0.7874297058856039,-0.5125868741128061
2009-07-03,-0.814818310382595,-4.788969743924406,-6.531578850079492,-2.7602013867543813,0.45967908992268147
2009-07-10,-1.7591482736045463,1.3028470722360506,-6.306995515505696,2.042920781699829,-2.8218711377786816
2009-07-17,0.16139078499543125,1.2437375939230557,-4.859448610472093,-0.16190794084750593,-2.3152788967471793
2009-07-24,3.430574053285709,1.6963566930629603,-3.576208073659615,-1.8933245506240213,0.16686681798432756
2009-07-31,-3.216438242107429,-1.1700881746183325,-5.864351645944385,-1.3469545232321192,-5.899719091005413
2009-08-07,0.8976395684378615,-1.5328443917811871,-8.121595690052821,-2.3935670568557277,-6.053331142218045
2009-08-14,-3.5248753962975794,-1.8955389761532841,-3.8389488946032477,-0.04489991795931908,-3.4200802301420454
2009-08-21,-3.979705878482444,-1.8157862443141841,-0.36663564803523063,-0.35972230808833433,-1.0608382192763843
2009-08-28,3.460510507222086,-0.604347764232771,-0.40042764153415955,0.6528304804240257,3.107855667295407
2009-09-04,-0.12272191567181245,5.281912972699361,5.975105070470665,-0.3302302546026496,-1.3465775648868588
2009-09-11,1.9138356001474173,2.0601780272014647,2.9647394904882667,-0.9699191980162849,4.278653855085341
2009-09-18,1.813776631931706,-0.9338517868255414,5.475243157406005,0.45637272178571286,2.5552589445547653
2009-09-25,1.1829594527413545,-2.785460198338253,5.906297603030204,0.8211599566976868,-0.5449638365090106
2009-10-02,-5.23636959486892,-3.4948863459668384,4.257847901473875,0.6135908751212256,2.72399267298225
2009-10-09,-0.8265003694625801,1.3427674130924505,2.1230101239217456,1.1084017842387406,-1.1711371458832405
2009-10-16,1.005301826055707,2.0572399465725137,5.074379898431243,1.8396841100427999,-2.457899570020645
2009-10-23,-1.8697043522759276,3.429503836995207,8.051731233787597,0.1249764615684783,-1.8952798075069786
2009-10-30,3.528056846307919,-0.49536185158758034,9.186669981388526,0.7598247107747389,-2.475923277181968
2009-11-06,0.31649076391442543,-3.1744916111162094,9.689452862792894,2.2759925166904242,-3.4386752189707863
2009-11-13,-1.3674399925410101,-2.405708461919617,8.591799627426447,0.7414017961023577,-6.941988019360116
2009-11-20,-1.8596189116414181,-4.022186401641904,4.899104926510108,0.1837645100108507,-2.643768557811827
2009-11-27,0.30771438738904244,1.6101902688773233,7.728907003818382,0.5969452623461893,-1.7398189538399023
2009-12-04,0.7991973173323025,4.411523245698106,10.138873810396563,0.18558469581606124,-4.044312962520774
2009-12-11,-2.186836267009139,1.9057826615361915,7.491065951947531,-0.3934456614508954,2.3855016673498817
2009-12-18,3.736241727632611,-1.5050880298982403,7.154536002663608,-0.18621402145539756,1.5025719958186174
2009-12-25,-1.3257141268844255,-5.0987788618924945,8.223011379739994,0.44136742445219085,3.185798524059966
2010-01-01,-0.389816294362771,0.5848758544933705,11.70773483501889,0.18103120978266207,-0.03422600391181918
2010-01-08,-0.830473183455867,1.9682284304959377,12.334828054911181,-0.008536418388322975,2.2629820344844616
2010-01-15,1.2420630327913729,3.4803735743031403,9.548633013613728,-1.9970489293112135,1.8126782265039574
2010-01-22,2.5838593315348968,-0.10599793839181548,6.236627116744268,-3.9847665622635016,-2.0181614013005102
2010-01-29,-1.6080047191690154,-1.7385529870447969,10.030283761751578,-0.909328896119712,3.4842748332527442
2010-02-05,3.1412369328983383,-4.638612514947235,3.9009785563322015,-1.4457105547264613,-0.5946385551083473
2010-02-12,3.4630790417784425,-2.374739170877246,4.809505635737659,-0.24553402550152548,1.2859368422324602
2010-02-19,-2.165588576134875,2.558068644561878,4.302344290368102,-2.3419510952737417,-2.8557246901122553
2010-02-26,-4.44920959799912,3.0692085023659685,9.162397461148716,-1.1827302878783128,-5.670098211370771
2010-03-05,0.35980307552983637,0.38989134234040757,2.164412324840642,-2.221510886988353,0.32215258665726987
2010-03-12,-0.25960825357585093,-0.45688090953675126,0.8377546269614631,-0.4273010945579877,-5.548357384400479
2010-03-19,2.463321785390751,-4.158669692343885,-1.3844385411851121,-1.1700251492579357,-2.4111553901480867
2010-03-26,2.4479345447945766,1.2329211147156007,1.379673841136814,-1.016747726741356,-1.743703878723601
2010-04-02,-2.626153551565502,-0.9113886629319315,3.0444276308330784,1.313134641109839,1.2185336933649737
2010-04-09,-6.789368298020012,3.021664277750462,1.2901148984298048,0.29255164925755295,1.0995427557715753
2010-04-16,-1.1021647215470174,4.9945109540939026,-1.6454883334807626,1.9851371890658316,2.826650454983435
2010-04-23,1.5508114237019262,3.275107266984297,-6.3062706485246585,0.5962873063812345,4.6016501542530595
2010-04-30,0.743442257480298,-5.078079504306881,-2.636384589716638,-1.4654398348958262,3.861694098920336
2010-05-07,-0.44281502136387085,-5.252100131876906,-4.837928323403568,2.868205918446124,1.9112148790468724
2010-05-14,-0.9713648044412513,0.8791631545406438,-3.526314648569952,1.3201894137665298,3.6504032596778986
2010-05-21,5.080516467860921,2.60520812846716,-9.153556667559371,0.3408050952236472,1.555889243368021
2010-05-28,-4.9718733857890225,1.3623096833467845,-8.211171571964993,2.3769325004105077,-0.36087886538777947
2010-06-04,-2.1851499610808425,0.8043661406418433,-7.264300909322877,2.597084758831766,-0.991280447301416
2010-06-11,-1.6621735033455618,-4.014400616670039,-7.452848952345771,0.42492589433956696,-4.070505690076552
2010-06-18,1.9811859477384053,-5.09154203366792,-9.9322609598226,-0.3263450533668254,-2.135745803289682
2010-06-25,4.973399991673312,-1.5492784363437717,-12.491918782840413,2.37699926770114,-4.766035441909015
2010-07-02,0.29345263904042174,3.398692595185999,-11.693948451428536,-0.27847143600853097,-3.7339809456095656
2010-07-09,-0.031153295952282264,3.519564523306397,-11.706496310639071,1.8869235419831933,-2.0586071320110895
2010-07-16,-4.750964353594483,3.0987269357475338,-12.101937835341593,-0.6243178278672548,-3.735083000668228
2010-07-23,-4.04532925226413,-2.5863742262498484,-13.478925979863808,1.299408405524185,-1.5589684426246118
2010-07-30,0.42275432614033126,-1.8697859245962998,-8.509695222991136,-0.8266373177061297,1.7319581163626876
2010-08-06,-0.17263558125391953,-3.5069437432707327,-7.461324403376421,-0.2637991891020674,0.9543753449752457
2010-08-13,5.981391921384679,0.5862734462768515,-11.833738996984668,-0.4726243372056481,4.4662510189452975
2010-08-20,-0.38785597360814017,4.272954392999961,-9.966833389807304,-1.7261621139368644,3.3653948815361048
2010-08-27,-0.09117145259852345,2.2711051682989933,-7.316825069342484,1.9917961485976554,1.1669376884229439
2010-09-03,-3.804265149911096,1.1746412985748982,-8.194685708939511,-3.00087209357535,2.638691167623847
2010-09-10,-3.6888694433350873,1.348508268041435,-7.640713586712255,-0.7484687213099721,3.086739756705029
2010-09-17,-0.8970425413958175,-5.454436256050704,-4.962491990484681,-0.472639494602733,-4.12267529252329
2010-09-24,-2.923778110346491,-0.10281739004317847,-5.907785514870717,-1.1827171197540798,-2.7157331105683253
2010-10-01,-0.394307048341072,1.7921415773333838,-3.7246595576738297,0.13295561607034445,-5.231399960996403
2010-10-08,2.2316903760302202,2.9940612190508733,-3.571370706191814,-0.005195621250286386,-2.776113147220125
2010-10-15,-0.5064791896817974,2.5229541968571034,-3.123753202667484,0.0495072984946765,-3.277962136781329
2010-10-22,-1.8698320658948109,0.13333335484762832,2.7742400461331735,-0.21818363119351203,-4.801375105089652
2010-10-29,-2.256698078286165,-6.279833851497471,-4.912284866127289,0.4332759411832751,-2.050908585850949
2010-11-05,0.6158539487631848,-5.80654248172688,-4.766276920751423,-2.3019908898656376,0.32946095444814383
2010-11-12,-0.3103804725440985,0.7566306152772176,-0.6977171688856728,0.2052534523316339,-1.0128835378706933
2010-11-19,3.3620526409673452,1.510447563745309,5.347106457859483,0.12298608851958356,1.6398854865811758
2010-11-26,1.510653329059607,1.0446977687636667,2.172491544945848,-1.6022944318870316,4.053406160320806
2010-12-03,-1.5571551557074144,0.13451565256134335,0.6140943640412329,0.6978050518766676,5.841784610106684
2010-12-10,-2.304055791315882,-4.2107004996513595,6.670550397625535,-0.21319491154913428,7.972907460465336
2010-12-17,-1.8512960407700862,-5.015638231254439,5.8557536922344875,0.8713391123461274,-0.210158022803705
2010-12-24,1.6096429698772283,2.6955977294939593,4.041765108822332,-0.2806445298268977,-0.4527151537465275
2010-12-31,5.5492622704605825,0.6007136227954195,10.184044782998598,2.7520597617525935,2.352179306144596
2011-01-07,2.3811033506883064,3.007097551729408,8.593360570382256,0.638921070444745,-3.6462192528764534
2011-01-14,1.9080377323890214,2.3702801043174144,6.961136453083677,1.6525937611603907,-3.158894074222197
2011-01-21,-1.0761001685528255,-2.847403873771802,13.159812879948603,0.19588719658934617,-4.673763976774355
2011-01-28,-3.3366276206015,-3.639982139465879,7.981835495938156,0.6062922815812082,-1.0086636641402975
2011-02-04,-0.4298704083710658,-0.37996664215328435,8.366586934154709,1.1330961939267303,-3.465154028612578
2011-02-11,-4.0235033928307695,3.706742194295162,10.278404308749538,-0.8855972246057141,-2.8617240379596485
2011-02-18,-3.7192943388597275,3.7433860784095674,10.525823686094316,-0.3141024346426615,-0.0024650910105386004
2011-02-25,2.631098826158668,5.083882203536912,8.413166181636406,0.10312232821468184,-3.8505285481444425
2011-03-04,3.6388145861108656,-2.047710937025495,11.955878703349866,0.8676159035878661,0.8781146241044568
2011-03-11,0.17277925780408582,-3.7555923446420914,8.662457041732113,0.17616701405126817,4.094181291128026
2011-03-18,0.760890374645043,-1.2763537657961197,9.01927627152362,-1.7675764256118764,4.7063177669826715
2011-03-25,-3.4350408758370525,-0.09995776637826914,9.33841355236074,-0.6431994834816264,4.835605620075547
2011-04-01,1.2289180756831857,3.2990355008496244,7.342991380295671,-0.9468743328768858,0.6876286140875241
2011-04-08,0.7978626796296799,0.5369183037926907,10.624381896027543,-0.42304055006354996,0.05124969306054927
2011-04-15,1.7965739428003011,0.5599832116563088,8.216767047462652,-1.102008370765727,1.4223140075353997
2011-04-22,0.6220387308145165,-3.0923077242595127,3.1416474899993307,-2.7374866245503533,-1.9468795908830208
2011-04-29,-1.3786441758403962,0.9498427736707216,5.358867874709202,0.09742128316478449,-2.73896030182284
2011-05-06,0.4988502827739991,1.1006044290866825,7.459656823950871,-2.883332076111546,-1.8526902714801956
2011-05-13,-0.22459990077481873,0.1151773904025899,1.8721763369093498,-0.536797272659111,-1.4308149527711809
2011-05-20,2.047874881980733,0.672792467793367,2.1985089752192266,-1.1904623357480362,-6.3621658915179395
2011-05-27,3.4140139206656026,-0.9981636553591948,3.546457322040992,0.11707676428812042,-4.3268225403639535
2011-06-03,1.8755385698040747,-3.3359006392689126,1.2904133879624335,-1.2788588826669107,-1.7785835569290698
2011-06-10,-1.402649150572344,-2.8475370667306654,1.5289813486032127,-0.7025387821911014,-3.1913102983948405
2011-06-17,3.5512804909948983,-3.0442848443178634,-0.9338859242108428,-0.26957564026847125,0.5136964305132292
2011-06-24,-2.4871282145923654,1.2708774328907435,-2.2359621621842605,1.2412634640895062,2.4019340726590555
2011-07-01,-3.3713236763815,2.0221914830379895,-6.070232877020058,0.2668248714091679,4.358719013214531
2011-07-08,-3.50920919856953,-1.2802258648174811,-1.9824471241672585,-0.13316042119769544,2.3861499443008127
2011-07-15,-1.4506361835029293,-7.192770142113076,-6.097689011093863,1.644725664249255,4.241120835562127
2011-07-22,1.6896091294675593,-0.40714247827618255,-2.547585318953631,-0.6349625323100598,3.834477680306799
2011-07-29,0.524899649932097,1.1771994675326813,-3.6528263956719047,2.326611859747015,3.4264422067331477
2011-08-05,-2.7715544419267037,5.124025278224467,-6.966541396541467,0.400345995507125,-1.6211949939680796
2011-08-12,-3.4449239495500525,4.794699508015375,-11.011560429484065,1.0269940770058295,-2.0448864700053275
2011-08-19,-4.411123328013902,-1.2501087295158182,-13.015903972265155,0.2654119993058648,0.05912850860579222
2011-08-26,-2.9282714484464383,-1.245941773499685,-8.43389003784491,4.657287769140383,-0.38799764612333965
2011-09-02,0.4100763470058886,-1.7798030606619208,-8.764802314694288,1.8718497208723313,-7.435789664347216
2011-09-09,5.292455012520913,-2.424483977366516,-6.305087752954673,1.5682542581367929,-2.0782214877117346
2011-09-16,-1.0312143048652294,3.269469658777445,-8.535659792575796,-0.07158688660654139,-1.336469579701663
2011-09-23,3.4423839892904105,6.6978646214621165,-12.475771927175295,0.5493348102104004,-2.3090311402302177
2011-09-30,1.4200900483675223,2.417970476856953,-12.327205683329318,0.1784907811492416,-4.411830170021026
2011-10-07,-2.0186201123303604,-0.06550254938347155,-5.943817240472444,0.10817371050263638,-1.4161759424617661
2011-10-14,-1.9860775276133968,-3.734047240927206,-10.564034942545618,-0.8059900011843992,3.6259922061975716
2011-10-21,1.5143008197955306,-2.8766668717367763,-6.936478614548391,-1.1425261845243209,2.595565528756542
2011-10-28,4.231672628979247,-0.8886919723787339,-8.283220177908019,-2.2512404455923543,3.5798383064356782
2011-11-04,1.9537932764474215,4.127551514583017,-9.000444939560392,-2.548467725854257,1.8183664837627358
2011-11-11,1.224679856929546,3.302375517855757,-11.425367782892817,-1.2826737448058259,2.4554042710381427
2011-11-18,-2.7398835379928075,-5.9479246985238055,-7.7549290501939065,-1.385185961764805,0.8845292294216464
2011-11-25,-1.626575082208264,-4.4611230704499425,-9.433706248182677,1.8054157457587783,-0.9485607372379168
2011-12-02,0.6550107190488705,-4.818789623187025,-2.0227506113139846,0.35000705769074636,-1.8371257134593044
2011-12-09,2.6309001292413434,-1.595358585059841,-2.1351387871106775,-1.9475738242218823,-1.4943445981417132
2011-12-16,0.5562898102570526,1.5047342607949288,-5.520217367571855,-0.2528420798003205,-5.083177331031797
2011-12-23,1.7544566615942807,5.032546245340321,-5.000412627878268,-0.9448250769218495,-2.217741289665098
2011-12-30,-1.8795892206383056,3.5366613450373157,-3.1807365476116556,-1.0870335893212797,-0.7896411827739733
2012-01-06,-0.6926808777686391,-3.298167406576249,-0.38330317713780815,-0.24777915911393308,-4.46561865064633
2012-01-13,-1.032758498477119,-1.458340042625839,0.49361688981469176,0.41727626869176776,0.8522421121984212
2012-01-20,-2.8676856060736613,-3.0914111389428527,-1.2427698994671668,0.6809917617043707,3.1502497223845056
2012-01-27,1.997164104807914,4.65181590334376,3.326916639386427,0.7559550228221923,-0.8503596438091713
2012-02-03,1.4979843448743129,1.785868192530676,2.062203237502909,2.002360448150561,1.7997509975278432
2012-02-10,-0.7753880236706201,2.299946507239165,0.44377730234607027,0.9530439838157191,-2.458228768311757
2012-02-17,-2.281325663139133,-4.477366621391954,-0.14998480117285418,2.0613007305103492,2.241909805787344
2012-02-24,-1.5863933950959757,-3.976236268855151,1.4393345170030738,1.6596417616464363,5.548637784322315
2012-03-02,-5.1429031829232565,-3.6701767890954855,5.758092712839562,0.17698324609904914,4.463143745929221
2012-03-09,0.6881154989753355,2.4965938774711773,6.0954721257879445,2.0284734851465256,-0.5911723727933551
2012-03-16,2.3998017310009194,5.004519940352106,7.278365474714863,-0.7230787428893372,2.304843303202015
2012-03-23,-0.8593318168870083,2.7775659460638957,5.812090655426717,0.6450281557092679,-2.0059252259470943
2012-03-30,1.2174170322432831,1.1594171031264666,4.6942175521506835,0.3258969881784096,-2.251862958190205
2012-04-06,-1.009905521976048,-3.95385007069192,7.952490627268098,1.4030819633682197,-1.9009568694263563
2012-04-13,-3.362262205425134,-1.1887370612859045,7.863315276419844,-0.03347669007471321,-3.7059671493579405
2012-04-20,-0.1464006120523118,-2.1788717469371375,9.007441579724489,0.7479000763639817,-4.707673534139921
2012-04-27,-2.7010323027930934,2.8000377959782368,7.98542933098296,0.17446184317055438,-3.4736306438804423
2012-05-04,4.433058269624825,1.0631611625035549,8.539648066586587,0.015060881474894983,-2.0842164027067636
2012-05-11,3.768493219330407,-2.767062847710281,9.947664692702205,0.12642215190443207,-3.2571972689493625
2012-05-18,4.481061129176685,-5.31196885658834,6.652643494327034,-1.3508470559556307,0.24375372855897748
2012-05-25,2.4073780503742115,-0.9908879902846464,7.4292501241244056,0.7004240102399301,1.586453339660535
2012-06-01,1.0465594888345502,0.31697781732095476,7.051049706836064,0.4955405475821153,2.3979451605228266
2012-06-08,-1.9949493200405943,1.2416561828232364,10.147521646709489,-1.4445069336781855,5.1890963308357865
2012-06-15,-4.120123553930129,-0.018614300194983446,6.388569786186633,-0.8361853366227219,0.937011779998612
2012-06-22,2.946557382392841,3.1459922839637433,5.931655403506598,0.20300686215436137,0.7430829887469017
2012-06-29,-1.6277568511182012,-3.8567660305529365,7.5683780465905,-0.7757686637702423,2.5805618757508215
2012-07-06,1.2341273500241021,-1.042105216342343,9.010641184535379,-1.2352880045193455,1.4627817083202441
2012-07-13,0.4306874359439377,-3.9196016600177814,4.5586956340969875,-0.08621149273712247,1.7410288843197985
2012-07-20,1.0395891419992207,5.141022630432245,5.2933117567058,-2.2888873134795205,-1.2219821180980877
2012-07-27,-2.9241974407854725,5.80364932129841,8.537613903895604,-1.4979333358646574,0.055059284534050956
2012-08-03,-4.134882769613864,0.3489149480714362,4.465991872000773,-0.8934550433753086,-1.8079438026047632
2012-08-10,-0.8258115144841285,0.04263878902822338,-0.027357130678508756,-0.8914223117665394,-3.0289407592237527
2012-08-17,3.1953245429445456,-4.208380833241363,3.107398177202443,-0.5870862355817892,-1.473780634427464
2012-08-24,1.2093850037910203,2.0646418697425006,0.714760573038707,-0.39881267415439486,-1.4188248285646519
2012-08-31,2.0201097149666696,-1.838331000276371,-1.334894350952511,1.5418855853337412,-0.7816178089366901
2012-09-07,-2.231672392540084,2.1906214421289456,-2.0217595547871317,0.11874351499220406,5.908407742204673
2012-09-14,-2.946582466774691,3.7700426335756307,-0.5887977656224819,-0.7929440695028895,0.43026990254263753
2012-09-21,-1.0868802054310454,0.3178785450006771,0.11689015936571456,1.3752275766428577,3.7513128296948386
2012-09-28,1.8553793741883204,-1.6730912114442846,-4.979846108560007,2.911552257695745,0.15205482285346017
2012-10-05,2.5619861805989017,-2.6114595582937623,-4.892865733106797,0.4458992335389244,5.017947519046615
2012-10-12,0.7097587028179357,1.6295957305412674,-5.0987704350533045,0.08563268870777963,0.9227546728358366
2012-10-19,0.3898149716039432,1.555479573257367,-9.870313733571978,1.1770951413437734,-0.22166640425463568
2012-10-26,-1.7822148095308152,4.5604928307330495,-5.966580642984557,0.40992345136663044,-0.7480078287608092
2012-11-02,-3.686298515724923,0.7314594605994362,-7.947548116663925,2.310950100237462,-2.4427253085535483
2012-11-09,-0.24297573236833225,-1.2012784092036097,-7.110754778317503,1.1668164280334703,-2.7161001732619376
2012-11-16,1.612924477410817,0.1629182205833053,-10.867517476489713,0.1344273673940607,-0.3439308570852062
2012-11-23,0.9924826592598572,-0.4270746513905374,-11.063414501474128,-0.18753255748374975,-3.7355765041413873
2012-11-30,1.312436769612146,1.2955726743394949,-6.19605732365512,-1.0824418412705379,0.22525130302903573
2012-12-07,-1.2768069594730815,-0.21635417752756192,-10.321154565396572,0.4798153896455162,0.9846080905359271
2012-12-14,0.2640400639568581,0.45256551702885084,-9.226775076715153,0.2723574303437875,0.3907655116540063
2012-12-21,-0.8185257747993915,1.1587169170401117,-8.954445267617258,1.2405277491635753,-0.3771067433678299
2012-12-28,-0.21274011213429408,-1.9256813922906961,-9.963839457362702,1.2273442365093945,3.399134322050082
2013-01-04,5.524325887279948,0.06591042861564933,-10.707146619186922,0.23701406730793423,1.8405227712374517
2013-01-11,2.0133872387027774,1.2549169063639287,-14.049872327598838,-0.17720262656718117,3.732955292463974
2013-01-18,-0.6835504424404211,3.844210276153138,-8.512938144846968,-0.4574311505765618,1.469467055483601
2013-01-25,2.1853317973627533,3.737867432101726,-6.561114781248504,-1.0933416421162914,2.703777186370339
2013-02-01,-0.3048039086572385,3.337376997951666,-7.619283066686186,-0.6306576720977524,4.604869283517889
2013-02-08,-2.3881202017267267,-6.411170597880782,-8.028974770716907,0.18130940124557582,-2.6382399994651617
2013-02-15,-1.578800036664192,-0.31016407427631765,-6.638503827304733,1.0071577640333562,-1.3442322117482273
2013-02-22,0.7176092507813817,0.5177689110001145,-6.261770267491496,-1.5421139152352907,-0.1530656889420814
2013-03-01,1.267186448765063,6.130165113378958,-8.213581156359929,-1.9223123604335566,-0.8671513711192826
2013-03-08,0.6570316738535306,0.5146683312961371,0.2537541205400222,-0.21801665059201136,-2.8178880656334315
2013-03-15,-2.3983586683988367,4.024244290592994,-2.0481362917712542,0.16504946374006346,2.4830807134991995
2013-03-22,3.5178419881124006,-2.153090468802348,-2.046845313691137,-1.8646698428012227,0.29415977864023946
2013-03-29,-3.3764750543320443,-7.441714287167715,1.1659510945111675,-0.14169148861253092,1.0967384235803688
2013-04-05,-0.8319063901347147,2.290288304985525,1.8245877065517924,-1.4133805034850855,1.2130385515137632
2013-04-12,2.6455822112538527,1.747248754337065,2.1903574318630405,-1.5488676007176867,2.298664552815582
2013-04-19,0.38881046036101474,4.192711732152184,2.524432944619835,0.21882383480376474,-0.8033714534009095
2013-04-26,-3.9414602102066576,3.225672500262032,4.789291113494802,1.325231694136563,5.815891670710355
2013-05-03,-0.5184167473625673,-3.9729778165118126,4.107916600736991,0.8820103513547547,1.9161998095781119
2013-05-10,0.7315446987778578,-3.5803362737097437,4.267841569234993,2.918997241520377,-0.48649451284425105
2013-05-17,-2.7515435057676254,-2.1990847250311596,7.091128012976099,0.3524844389788354,3.4096726519028238
2013-05-24,-2.276174877758615,-0.6931179456484151,12.009904623859814,0.9555396820222942,2.5023974822469484
2013-05-31,1.884133977980265,3.1056781824081408,8.237736926368166,1.2574151657040202,-0.1657743762621233
2013-06-07,4.0996026999020385,3.2065598274048517,4.5839820094034724,-0.3623968684915051,-1.1772836931966317
2013-06-14,1.5237467117400638,-3.261671971570019,8.30601338953323,1.9706568213255957,-1.2124979326560066
2013-06-21,-0.05661048213610986,-3.1882920076152548,10.884310447648069,0.20551782200264124,-3.3956415012184555
2013-06-28,-3.6761865688843596,-0.9904832548076588,4.665461313424507,2.2456118580508937,-1.5594938472939508
2013-07-05,-3.949417198506551,0.008918554940912315,7.637458636036275,2.186490612711231,-0.7330826181988999
2013-07-12,0.1597107205923298,2.6853300242945686,6.481929538988578,-0.9453018801398098,-0.36493236661741957
2013-07-19,1.1384769131059753,0.7641690142219257,7.005074404876117,-0.6323074299675902,-0.8415383576794538
2013-07-26,5.22021045996132,-3.6255244059330827,9.579912794976345,-1.6813052681032472,0.2836172392739561
2013-08-02,1.6364485225152663,-3.2415118603664683,7.225453253814038,-0.33185260362087854,3.810798142771291
2013-08-09,-0.704381660386837,-0.2563537664201401,8.298034127499172,0.6065933457516921,-3.1714995041256606
2013-08-16,-2.332257972790901,4.478448606304751,10.341105817878958,0.7883251272655538,5.655418595945625
2013-08-23,-2.2799350236140774,8.219710697119915,8.818658508762189,-0.30307570230194203,0.22993116156474258
2013-08-30,-0.05868622378445977,3.5552427337429826,7.829903972580489,-0.305013318629769,0.9254781733408088
2013-09-06,2.5130940973756815,2.25643240072781,8.103177100030123,0.36128309025015337,1.9848951651521043
2013-09-13,2.554776655785799,-2.853924435178856,5.946240849897867,-1.2650778463954166,0.07565758927207333
2013-09-20,1.4631931803828868,-4.660157991917147,10.410768198681462,-2.068121194157694,-0.24080001434633636
2013-09-27,-2.3895597585325503,-0.4619496419349556,4.688431727721013,-1.9060065388541576,-0.24965590196947263
2013-10-04,-5.080662321991709,-0.300423525879862,3.494114231127448,-0.31651097674332107,1.5346828361766431
2013-10-11,-1.7928127788650883,4.449402280052604,0.6500660846325137,-3.3660417690469937,-3.434909469602852
2013-10-18,-1.4204295760560393,-0.45193542573288803,4.925786992484337,0.6759805286418206,1.0387320606753896
2013-10-25,1.8459446132928814,-0.7865495867150755,3.616965480506699,-1.022511041186141,-4.831987933118156
2013-11-01,3.897327354266765,-0.8700692332497404,3.2048950349249954,0.09523746702857339,0.19342597355608548
2013-11-08,3.3990996412132133,-3.2025728744825193,-0.4699237147531301,0.571456819656113,1.1988686559084643
2013-11-15,-3.7641738869823134,-5.432478681532026,-0.45158520460655344,-1.379621999976541,3.163972186591798
2013-11-22,-3.992342581266972,3.627576124902239,-5.0684269515688225,1.4943815295030667,4.051969539922723
2013-11-29,-2.8455831596847365,4.232552966528315,-1.672672880450421,0.4187679640570899,-0.5327531074524798
2013-12-06,-2.565410850244496,-1.9563049220905957,-2.6159434947373827,0.12285560596696365,4.947383491049636
2013-12-13,1.7611048902831317,-3.2256025445924204,-4.147757267413152,0.5737036706621721,4.913956427204471
2013-12-20,4.330753062727682,-3.7170708339601086,-3.5730349475645258,2.6099102632850006,0.5364983113492887
2013-12-27,5.168594815702159,1.2242971837286791,-5.168053922285019,0.931099144095419,0.588011641225634
2014-01-03,-2.625845343522819,5.256478084583879,-6.15606478628662,-0.765132926424377,-0.22707866079867323
2014-01-10,-2.269530244581185,4.249151454285565,-5.902390074128858,-0.00011858521841801029,-2.0545411339413375
2014-01-17,1.080845411380383,-3.21448076895223,-7.139588157187228,0.4506434072550004,-1.4437400542525172
2014-01-24,-1.0481014899768548,-1.511244400499861,-6.164342326618142,-1.4909933614246267,-0.4490416915936164
2014-01-31,2.1494837431443132,-1.406609338710639,-8.986384341090458,0.15791637509771306,-1.1302485395709432
2014-02-07,0.11096602508040476,4.310653868807908,-9.984026547667215,0.9329738878882057,-3.405840351190552
2014-02-14,0.2540722849908247,1.6253083692871297,-12.531579951554074,0.564518649709588,-6.700187298788697
2014-02-21,-0.06381208605088806,3.7156523640179033,-13.398310011814264,0.10092361918464085,0.6396989747932653
2014-02-28,-2.337292683567439,1.1935864932451787,-10.478756582517741,0.7177790753223594,0.07363640989626213
2014-03-07,-2.832597380199266,-2.5519436142429197,-6.927204441944964,-1.6239085253144783,-1.6250161035976358
2014-03-14,4.282173590899962,-1.9101783699901345,-9.607013740272784,0.5372627544705058,2.20271552898205
2014-03-21,1.9641436596772894,-2.194420445676224,-12.657967322791915,-0.037599206278712494,5.568779980834766
2014-03-28,0.08737601984431764,3.4699965761802076,-10.984039351788187,-0.8182186513246396,0.3962004113736004
2014-04-04,1.9037526452753424,2.9056797748419023,-9.822492384893595,0.6794534791967748,2.830417203453786
2014-04-11,-0.3037638710474704,1.6365346028884122,-9.314207187224426,-1.5454777336940269,2.851815839700355
2014-04-18,1.4387619510383123,-0.8447373556148228,-10.352076570717546,-0.18448174328962375,0.9943852955318709
2014-04-25,-1.9392414628501755,-2.4755418528290702,-7.814661867704914,-1.4097997747212276,0.9939298639344423
2014-05-02,1.5001629158243364,-2.725304051555633,-4.98795267621611,-2.066689678842745,0.859013557232257
2014-05-09,-2.3640811315589723,-2.56789015010716,-4.753825664459576,-0.6154782741318714,-2.7950089346884566
2014-05-16,0.5923088134199939,4.012342260492477,-5.135310898601769,-0.9878877821614649,-3.1979895674016325
2014-05-23,2.242266202095439,3.490326914491549,-6.042907075649939,-0.09333662591802327,-2.7533832439023174
2014-05-30,-0.266291878450575,-1.1753784126323934,-5.787501315322271,0.42070417658131887,1.2132919229411199
2014-06-06,-3.1886514474249164,0.3153310733983723,-1.3619322745203541,-1.0646649842826665,0.9541251509467688
2014-06-13,-1.5116376521589685,1.6436154115739154,-1.2458225195987813,0.8986095163644507,-3.2116053839224277
2014-06-20,2.311153577578962,-0.942811666025859,1.109966102953921,-0.5840823182762359,-4.2263123844531405
2014-06-27,4.93617876167341,1.8527484456863645,2.1323714400411995,-1.148087647563536,-1.0150613229257484
2014-07-04,3.6529409103592068,2.278183101972046,2.56284258970845,-0.04913368018691722,2.5130346356956923
2014-07-11,-0.14760239156852506,0.3520844131447356,5.373620176080558,1.7411777960383628,3.6478284179810996
2014-07-18,1.6876724949953479,-1.5869265575739044,4.1856575152396305,1.7078251694353426,5.562246927244078
2014-07-25,-2.051240067573052,-0.22675305825380931,5.784127152078029,0.9738345124785925,5.3688792262337905
2014-08-01,-1.4381507897994417,0.6366743481403416,4.824651634292046,0.15980098291005418,2.34469193726453
2014-08-08,-4.247304374058565,4.597351861734997,8.7367842553329,0.18951941528339566,4.588823192798668
2014-08-15,-1.5849576919681077,2.6718936043153456,6.357103418269549,1.0119288562240245,-1.6983661874075173
2014-08-22,3.7312439647997544,1.0558316933897454,8.345195265940498,1.6476206826642765,-1.251426850297483
2014-08-29,4.350903924424106,-1.5015559238087817,9.88094777115416,0.18505540524288144,-4.109516929988427
2014-09-05,-0.30337314952761696,-0.8611203864938846,9.35824169533673,2.261869448488687,-1.6352166237239993
2014-09-12,-3.6520882588748886,-0.17895942561461542,5.359497988983378,0.9059790985892596,-3.136014575484806
2014-09-19,1.15344497127248,0.3106451989001865,10.553178683304143,1.9955185953817054,-0.8517488907105684
2014-09-26,2.3948535283494117,-0.6969256778542179,7.5514431319232855,1.2236950614918234,-2.1615188282545548
2014-10-03,0.9779776223033882,3.0758002360885888,11.221554506971547,-0.3303261462667017,0.06542911152360642
2014-10-10,2.9405210188403226,-2.0626660572397233,11.136862582357683,-0.8119881062243793,-0.5180388021477992
2014-10-17,-1.5168960130994538,-1.4020665291537262,9.352887671335566,-0.6032712427454134,-0.7718564362354638
2014-10-24,-0.9168819755795481,1.2411035040576057,8.173049220254402,-0.49190103315120826,4.198220522190146
2014-10-31,-1.663110841205155,0.06476069777571741,11.635371499364595,0.795242472374814,3.822988664496646
2014-11-07,-2.016353411311292,2.69888588567071,7.115373852658642,-0.8671014024189185,1.899697350498705
2014-11-14,-5.422277559471228,-2.2356108793055625,6.425101573392555,0.794197277553105,4.644183989005983
2014-11-21,5.180254863615484,1.1665426846244544,8.697090367326751,-1.7860219695867579,-0.6974875920828523
2014-11-28,-0.1710001294865502,-3.9035921444240307,5.8965767277474646,0.13933727879051272,1.2338853070413678
2014-12-05,1.4644256391908894,-3.8880101089015078,9.883617647380868,-2.182216518350863,-2.580939975899904
2014-12-12,-2.8526144703318073,1.015163285351663,9.266945271341338,-1.8402912151652637,-5.676014553021956
2014-12-19,0.8208350595619633,3.1267083514112324,8.600946630638573,-2.1360445135580717,-0.11764637412839551
2014-12-26,-2.411009258225482,0.3324840702561751,8.158410461072274,-0.6459754838996563,1.0024337643806525
