,trend_0,trend_1,trend_2,trend_3,trend_4
2000-01-07,-0.9000173583661476,2.637439293820934,1.0952566145018436,1.028440735332021,1.605861686410861
2000-01-14,3.5769327856139603,-0.766222908646161,2.8724149224968043,1.1631726079155913,-3.5938864268847848
2000-01-21,-0.10484113433584835,0.06404693515630733,1.4396486482361595,1.2832092254716019,0.9732099433041206
2000-01-28,-1.3985528557489857,0.35201322627696796,3.977575225526861,2.3683716750494543,-0.208859324488761
2000-02-04,0.3181315927332069,3.3701321018679593,2.900972844729445,5.857042035341514,1.585318073187012
2000-02-11,-2.835611990465735,2.5000359486665977,2.32664237011969,4.628874033342783,3.064818745277011
2000-02-18,-3.908303052928438,-0.5724225474478395,-0.05008840073816856,1.6580180801369802,0.04572033598788894
2000-02-25,5.405657639760404,4.810377960938277,9.612910421560429,0.5800626998660223,0.3177385191078022
2000-03-03,-0.5824513940034621,3.5523576879789953,4.6331228678388605,4.53076657796038,2.883135124144842
2000-03-10,-0.2823987994910989,1.3669812223374476,6.1318560736150935,3.822736133557487,-0.050408882990603865
2000-03-17,6.071611974633007,1.974832544745861,9.177786283854319,7.693679838420996,1.9114564494996706
2000-03-24,-0.28902381250969955,3.948900677019572,9.171038743166761,3.919826769147079,2.303543274242946
2000-03-31,1.3778381124845975,4.648101388880512,11.053504756107323,7.5897074345127375,4.061941963580167
2000-04-07,2.9346420603019325,10.555150316498784,5.981419602835115,6.330838586463664,2.135256331098268
2000-04-14,0.5095336658849915,4.751025588935534,11.461176784889368,5.495056176810429,-1.054494997729117
2000-04-21,1.1428766898853446,5.540532071547293,8.617036751357528,9.996816931894472,1.5739585422747369
2000-04-28,2.907153397087532,8.640384442459277,11.687287681407081,10.613210844861221,0.21316865448213984
2000-05-05,2.218865928574869,4.323891108924821,11.741196942898775,6.233477087501523,-3.417163924689107
2000-05-12,1.2098539408975797,8.119123367511891,14.529520894551055,10.21281065250976,1.0223659010392208
2000-05-19,3.3586164836919723,5.640667538351112,16.392923883309123,6.7274173939905175,0.09182013800344135
2000-05-26,2.186423729895172,10.204899295548795,12.292405084095499,9.833312518926922,-0.7324335397034112
2000-06-02,4.55010140365444,5.468577336501636,19.881320956064446,7.569045216185257,4.663190408478298
2000-06-09,5.419203613354001,6.260814982799101,18.28394304913663,9.537306415964855,-0.66766724208513
2000-06-16,6.162635938225803,8.89202185475732,17.5093707925001,14.418942228027241,4.4802896149096085
2000-06-23,-0.03372702256788562,11.288075934533174,15.077280703355099,12.742075974979265,-0.9080222368957194
2000-06-30,1.9989515402325035,10.010095810527115,20.593856917605624,13.196963679692008,2.589562628814676
2000-07-07,1.2313165764923686,13.971342332463061,17.509572732421155,12.844240279777164,0.5035500987350909
2000-07-14,0.7342382825574367,9.409820363855053,21.60004528134482,12.975511767718931,2.2091641806228064
2000-07-21,3.284892422973327,13.18057948558173,20.60943668245014,11.939919264141407,5.488189669693895
2000-07-28,-0.19460733491931226,11.20786082335326,23.027745670047366,13.451625237718348,-0.4523464704918041
2000-08-04,5.391462435917642,10.455390994484436,26.221259111619677,13.835012351597618,1.8506293613431988
2000-08-11,3.9954277448665336,12.071373374836021,26.409115953779015,14.473742548107296,1.1845178868995299
2000-08-18,-1.5178384522772959,14.440870611062763,25.827635265291594,16.789292061271297,1.1973155614411057
2000-08-25,4.78125739951416,12.772947111276624,22.962949986892294,18.42624137383056,0.5803785839080859
2000-09-01,3.407287821210416,9.793219455058338,28.609531048701538,14.378959017355836,0.05906117194447891
2000-09-08,2.2733185538307836,15.068632328707157,32.60303114584007,17.853092466615124,4.925552569678901
2000-09-15,1.1613469218197814,11.468300418094541,33.2485419425464,18.94524689922709,4.637953260053859
2000-09-22,2.56942525728281,12.645278833677118,29.143802353198286,16.390159011276612,5.407178254716657
2000-09-29,2.1381277546881234,16.954058812951633,28.14813363725177,18.361859083546324,3.2473060120068826
2000-10-06,8.314574227225632,13.330172548107061,35.09094050173467,19.111123727707856,1.616971293139701
2000-10-13,3.04322100530192,15.1420623132865,33.24543396676303,21.512195833955982,5.343201197499426
2000-10-20,8.275110366184919,18.405332295835862,31.46127376516111,21.04900171112104,5.67997818605361
2000-10-27,1.9326846279090395,16.936794691012544,33.27515039557704,20.347071484249433,2.910603996059066
2000-11-03,2.6247176393129483,19.509601220706568,33.62252162525739,25.005848558869793,5.826697579676318
2000-11-10,2.6373176525019977,15.878723123120128,36.5201669941793,22.782881312472963,4.245877023923997
2000-11-17,5.175798715859286,18.652109371369264,35.25793804139094,20.04329687962212,5.884443673269743
2000-11-24,3.006034931842812,20.514015177964108,37.78393884825337,24.761791799295814,2.959373656489545
2000-12-01,4.992265478138756,18.310336317242825,37.468570897248696,24.507165820176684,3.0419331803294067
2000-12-08,5.62995373957651,15.32496047198641,35.971370643850015,22.434102225295483,0.09093588866624991
2000-12-15,4.7941553398699694,21.28315312589055,36.89008605439056,24.399505935305605,7.759288915505025
2000-12-22,2.3690108415482802,21.86534662319164,41.12516426009106,23.2879433851527,5.521684674429594
2000-12-29,4.908898452122992,18.585613252144718,42.129928203891104,24.94736305454023,1.5280238614444617
2001-01-05,1.8548420462067727,19.992486644857397,41.17828060815713,27.192978858963485,4.9876045987151585
2001-01-12,6.649563817096855,21.02208679001799,42.75836921386764,26.903395968914374,6.242833316733508
2001-01-19,4.38905218560127,23.740628794541067,47.22234177108004,24.469407026030954,6.441913786314002
2001-01-26,3.39387334787721,23.46631352753974,43.74641063063894,28.585177874173244,7.033657502349552
2001-02-02,3.4284722640497027,22.87930802751113,44.634457751476276,28.94297525649403,5.776090926952427
2001-02-09,6.026190109610537,20.968554977834703,42.48100651954617,31.46487596746511,5.749377653335763
2001-02-16,4.88090466986323,25.114172586364788,46.79631982845382,30.61136979585663,4.648739741451742
2001-02-23,2.0254368471242015,22.58737567600462,48.69590341450483,28.85378222319194,5.148221034940115
2001-03-02,6.6787655873110845,26.18862037493254,46.73221943935808,29.14055640803603,6.2623308896259235
2001-03-09,1.6053191589147362,22.352393072879476,48.88005232819359,33.289874604792416,3.386022909581441
2001-03-16,8.459948703778707,23.575236639626137,51.18800191863949,29.42348115889781,5.028753956196075
2001-03-23,7.549732368414198,23.31517368717953,52.38042820429977,33.463434795573036,5.304876746328445
2001-03-30,5.5173075572587145,28.36931318380305,50.99384967518204,33.83773062371122,4.557369160139139
2001-04-06,7.422922389477611,24.94645546647109,52.47467190459512,30.943062232975276,7.9549546154241515
2001-04-13,5.072358579587096,24.974678921785245,54.50220821788749,29.66777743896738,6.687639912575606
2001-04-20,4.458362810705777,30.912100741827942,54.76337350413249,36.68259729011573,7.793414679918673
2001-04-27,5.231137024469016,25.65386431854065,55.64285942352754,34.03430231489435,7.0809088265597335
2001-05-04,8.123276760798023,31.112055435796766,55.286181196812215,33.384224360654336,9.812699131389435
2001-05-11,4.515047930150331,27.777216263656896,54.31612168334112,35.3778949487442,4.2178732447049025
2001-05-18,8.835890944291918,23.030144218882704,55.34834989010531,32.1316065819715,4.004211803570515
2001-05-25,8.687127678765224,29.48485742688051,56.497027412321394,40.65315961665057,3.868430249481825
2001-06-01,9.135576993210782,29.669670221723234,61.135192471639506,38.139540242193846,9.819218278932958
2001-06-08,6.7254252669629135,30.224307413595746,62.557522949543284,38.77239586605161,10.255968466084347
2001-06-15,8.427843547360924,28.44697800830372,61.91327350703129,39.054830862752354,8.398861049438406
2001-06-22,7.19384846834304,34.038963853515504,62.315154788602854,39.19372289019091,7.292192037527506
2001-06-29,10.289338811035405,28.29373061611165,61.84840740510513,36.31096905502829,6.550392354996366
2001-07-06,7.773317183883764,31.701609482815236,63.214139106593706,40.41526059757392,8.939030758201255
2001-07-13,7.133242629193114,31.698582343879163,63.953381205396724,36.34601178741882,9.526445213113597
2001-07-20,4.451611657496885,35.13161553539358,62.877077681519744,36.64176199903992,9.708185499914332
2001-07-27,1.2645419097132953,28.485986386303317,65.3345691005342,41.50885082670982,8.76991446233575
2001-08-03,8.70371266853046,29.082366613199756,63.7610781207264,40.90139694590811,4.825776701892664
2001-08-10,7.795802757926003,33.13811968764295,65.25814166539558,43.738858969149426,6.353144675618002
2001-08-17,7.887314429416771,33.96056225222807,65.44745816874196,43.703093234129724,7.523989778309431
2001-08-24,9.470694422375233,35.97149586944398,67.68787876628254,41.74112566190608,10.085876834289314
2001-08-31,8.101768545479521,36.47306340696518,66.6106653651327,41.93763972418361,7.220441184474146
2001-09-07,6.9299502356003435,33.18673165024109,69.8300671451408,43.97535375173084,9.353729134437133
2001-09-14,3.6411991093073004,34.92292721969015,67.58886076465357,43.31427077328353,6.991161201464617
2001-09-21,6.645496391075936,37.943229479457074,75.26938345707002,47.55841803404962,9.704248036286982
2001-09-28,6.579307690471998,34.35994887580503,69.66139867943933,45.47202560062636,5.769864793274792
2001-10-05,8.00445759133276,37.13902464472496,73.10073168429952,44.46557595721858,6.678884909017935
2001-10-12,6.448653656183866,36.15864979869934,73.50270776278242,43.53956257798934,8.878701799506883
2001-10-19,9.023064463081024,34.94261994825248,72.92553915006955,48.27012716031809,7.362435460394776
2001-10-26,13.550640737048745,36.96967743305581,74.58180521986976,45.69763919815709,8.2370086574303
2001-11-02,11.597165112529755,40.12892019332905,77.13379742835396,49.448331357965614,7.985311006840487
2001-11-09,11.576930337656753,38.79515454567682,75.20943546684074,49.28996124430516,9.174848396500492
2001-11-16,6.972037963037005,38.648253928879626,75.73686843628346,49.78967533336115,10.346882773225245
2001-11-23,7.8129644552264175,35.78451248049601,78.97560786250698,52.02170750864798,11.547201619886094
2001-11-30,8.743297914126222,39.97152428394754,79.53331050623002,49.09375828695053,12.728294407878776
2001-12-07,7.553161564082326,42.432318460429244,77.72025423836138,50.45433937408996,10.337553043322929
2001-12-14,9.338101639526448,42.19410528838343,79.52366487711845,52.27606534515594,13.387759265439932
2001-12-21,8.85644338046956,37.938525616035484,80.98674852851583,52.23380799184451,6.754172622570739
2001-12-28,13.000552955404796,42.95002918578586,80.47503519528034,49.5925277660413,9.509013038086724
2002-01-04,10.809005381127964,39.92980421118918,87.58128894625176,53.54007602125889,7.868572906625451
2002-01-11,10.424112950386913,37.54772421692622,87.1583286302341,51.376948584512405,6.997824496378083
2002-01-18,11.566112846878351,44.89679443992102,84.39090075012653,55.230085448792074,11.524199189478818
2002-01-25,6.7582578915973865,45.84767356764158,85.69454301212224,55.1536304822381,11.634069258819784
2002-02-01,13.229997030944364,44.625600618188635,86.70108574206215,49.57536505760298,12.251247980649238
2002-02-08,13.354857511863942,38.99551999783015,87.53821378811617,54.898193810066665,7.569727445981412
2002-02-15,12.130029638382174,45.74989247649872,88.38895670305605,55.841328049342145,11.102681894649653
2002-02-22,15.994501152977527,42.17542845951932,91.69085321536014,59.15875625918373,7.783126395900213
2002-03-01,8.654589329234327,48.86144595465005,91.7292064335303,56.08986173541139,10.822225931776762
2002-03-08,10.309570823482535,46.08639961947528,90.57953484633646,55.128199476975965,13.267995888813914
2002-03-15,12.339184646482545,45.27564941038783,87.8275599992359,56.139156944054726,8.683000042436644
2002-03-22,10.849284975797076,43.300504691428436,91.75842069545634,61.60928243371355,10.0157232185235
2002-03-29,11.339154448904482,48.37962162030139,92.90450827021066,55.001227334404284,12.262933328784234
2002-04-05,10.923766521414487,47.42929688149485,94.38430035723698,57.143956559921584,10.69666659256472
2002-04-12,12.204620817682954,45.879534381818,95.67995087128563,56.99855516463552,11.666490292486584
2002-04-19,11.28791336353064,48.66049517905651,96.67876432827964,59.47447027480998,11.2698674887938
2002-04-26,11.184635044810163,44.457011077669854,96.38656102104297,62.38058843120473,9.013580647808993
2002-05-03,8.43332180539681,46.96170341894359,100.86408140926073,63.03366060418506,11.278718772887
2002-05-10,12.013841587403022,49.069568419169194,95.82561022015679,60.70941307724402,12.696380110488802
2002-05-17,15.93193076007799,47.0984464388759,96.20689304761757,63.06099689131296,13.936025418294282
2002-05-24,14.884915967760067,52.004789228421146,100.21765102544101,62.24923248200962,5.662920418289277
2002-05-31,15.247855891498396,49.55096034930915,102.08394487129912,64.19931205235778,13.195749171677814
2002-06-07,15.068623327324937,47.799593506558445,98.85222872027511,65.5135602371857,13.767665577528078
2002-06-14,17.265714365028,48.914871294998804,100.84457470646736,61.047425237983504,12.693392436578506
2002-06-21,12.214864879561052,51.30286475670257,102.39707552990583,63.543307330592164,13.370187328659053
2002-06-28,14.555389822446866,51.22878112743787,105.00178203450949,63.801748587848444,11.6270729600939
2002-07-05,11.355688773036487,54.77793684748436,104.11184083725799,66.28820811073396,11.031623232250451
2002-07-12,11.956931674305789,53.27715287285659,104.7434396757377,66.28316941346273,12.04973149765042
2002-07-19,13.052156882335026,50.36661812636328,106.10899845846195,64.92755703772696,11.651201695113079
2002-07-26,15.853998458182248,54.71328447340669,108.62518568708202,67.92519014807256,12.804628712514692
2002-08-02,13.602116492784056,51.71630550857268,105.251203647087,66.70023249362647,18.81190573606967
2002-08-09,11.089972126483564,56.97567957738272,105.1421082743108,66.38355742746208,13.771797828810644
2002-08-16,13.170496458267085,55.49545889498611,110.17559324669914,68.89173450231911,14.62168341444297
2002-08-23,10.290453070392916,54.775517851484146,108.96058620608774,68.2642898317729,14.849037397894861
2002-08-30,12.24662630345644,52.98653523672054,111.00827098255708,68.44518571773665,15.271821397193827
2002-09-06,14.419092770839109,58.4716613912939,111.76551087857115,68.45127397892823,13.380850367652839
2002-09-13,10.990716339764699,53.718010065617285,112.15999170262461,70.02066517074734,13.554429354793797
2002-09-20,14.262436385396972,55.4201417574218,111.20603296036602,69.0423658387995,16.691225889553653
2002-09-27,15.129518715346002,58.75520003174286,112.44160998614538,73.73094680917855,12.739543548330445
2002-10-04,15.410895618794061,56.21995187479329,113.77576455172277,73.14828517207745,15.549678959891487
2002-10-11,14.309459292075129,55.500582409027835,115.44208386903306,71.91881022134653,10.99701992803125
2002-10-18,12.221628102803253,61.36310320643096,110.64253462061389,75.22533588448763,12.522411722889496
2002-10-25,15.219652667270596,61.93494575626704,116.66129419601893,71.55617671651335,15.78157066342687
2002-11-01,14.234787697634275,59.032548213434424,119.60848230356582,74.26255891094983,14.583424611379998
2002-11-08,13.954974208242357,57.73179731333754,116.89028375492458,74.45660815474638,15.44538360297724
2002-11-15,13.772819675655033,60.056108652125275,120.65190844265948,76.04098014583934,14.661616368339747
2002-11-22,17.60855883390174,61.93678292881182,121.27578130024995,76.19837239763339,16.728750183484916
2002-11-29,14.44325906969373,60.28610490368295,121.23783798618511,72.30075763962591,16.68492276978226
2002-12-06,15.554125197003238,60.38360279935228,121.60970608513429,76.72127394619386,16.149090360395196
2002-12-13,18.280935851108268,60.87453252222324,121.24871269224855,76.03735158673732,13.367740505457665
2002-12-20,16.649802511697857,62.19992579196249,121.32848757264581,76.93485155685696,17.884867049737053
2002-12-27,12.642342293916405,62.02493923333672,123.1618470636804,74.14363407905134,13.822473109484491
2003-01-03,15.46059835779431,62.54014965696439,119.59199366108223,80.55535763013228,15.499260892262079
2003-01-10,14.566665896330433,63.714202760241406,124.77176229646807,79.15866005149233,15.8328830444344
2003-01-17,17.700119067740125,61.89107220220248,125.3894022936573,80.59577902245005,18.919374107373603
2003-01-24,16.836635053128507,63.93047293435151,126.06046516179659,77.26063757236375,17.233491415812313
2003-01-31,16.788281618703184,63.96245043763998,126.1389993564325,78.22986496332622,14.377057942036817
2003-02-07,17.94800513130847,62.1266191897793,128.55899019482774,82.98849088520664,18.20791363155759
2003-02-14,17.27851692298855,64.23323127860662,131.69760787520534,85.76810173605368,16.34740276661756
2003-02-21,16.079208205927163,64.62336007993987,129.85328665097316,79.51712846670611,17.56688699179078
2003-02-28,18.487804500271046,65.94196006939053,131.3087180722611,82.52005264796587,20.48792406355949
2003-03-07,21.29962877528154,66.6624891005778,131.90435807753826,84.65122741989124,17.063467437318447
2003-03-14,16.850478358284267,64.83664115104216,130.73118379229095,82.361276179579,16.958624575365523
2003-03-21,18.47588517577985,66.8512678788693,133.05124894208427,83.84099381158008,14.689390246485404
2003-03-28,19.28774847416903,66.665550936548,135.37609122471315,86.1821735226967,16.459391815741462
2003-04-04,15.798954781274901,65.13846678618792,132.71501107682298,83.90974460924703,12.918326727400952
2003-04-11,16.966133663742504,72.75494277676644,134.42264062782405,88.22991338871235,19.666627355165943
2003-04-18,13.14302915139075,67.99492169824335,134.5135260054696,86.20179965829139,14.83394772254405
2003-04-25,15.579973332888564,69.93942930985482,135.6157645909572,88.11275152046305,16.468663997328314
2003-05-02,13.367525118562547,70.45216930128392,136.33706675195947,86.42231216933985,18.16081122652833
2003-05-09,17.007998833124994,72.73150509263705,136.60846438743548,85.70475184910865,14.164469921199775
2003-05-16,16.02337222694797,67.6213396476671,137.0877426521005,87.51211090020057,21.002471262590536
2003-05-23,15.973996233754804,72.57208657667204,142.57708491515157,90.90778515958065,18.598677341177524
2003-05-30,15.550822937776086,72.48706591759255,144.4057171984981,85.08234662414274,15.420336597933186
2003-06-06,15.530569989117007,70.51753170102263,142.4926658140379,89.18900660602918,17.837925209243384
2003-06-13,17.713731815918166,71.36347836767393,146.64947953336767,88.85683051827148,19.60381442746184
2003-06-20,17.176701405277534,70.88219024397765,143.51756377315593,92.40362136507868,16.98100920561719
2003-06-27,18.371168735428206,67.38962102831877,145.70780717967924,92.10104785401047,17.109532941436004
2003-07-04,18.812993085153476,73.8069698785938,144.21385779112413,94.1799094833771,17.742568618877634
2003-07-11,16.887932602038575,76.15271782116488,143.8947538961622,89.29108667846266,16.38390455092155
2003-07-18,16.53089789708854,70.28782987906321,145.41852690160312,91.15091542818547,18.440620903903458
2003-07-25,15.039409185859567,72.573038734414,145.11351765952185,92.17205522368356,20.94560985936311
2003-08-01,21.03107277624219,77.96117984598912,149.660955692438,91.84615200356154,21.253101354112644
2003-08-08,21.02363447006314,78.81721262923108,151.11607325686433,95.71448463176831,20.820822733370083
2003-08-15,15.805723486851349,76.01115968279939,147.3347551680198,94.21253322562173,19.751146076642087
2003-08-22,17.24290496856592,78.24559862509037,152.96564122826592,95.87347071550099,20.579935885543193
2003-08-29,21.02174144914537,75.2998425127534,150.16458180825984,92.64748020327248,17.12042450031474
2003-09-05,17.790365776989642,77.54004743607928,152.87504452478476,92.17562971125184,18.242098273306386
2003-09-12,17.19672696652615,77.64855348530476,155.82715255908707,94.61484098340748,18.18352682776358
2003-09-19,21.751283722226386,73.71203111199547,153.1405674950985,97.23722841333733,19.640150060803823
2003-09-26,21.383336177708866,74.30846037175046,154.5346008984654,98.30146433884026,23.583847563011883
2003-10-03,16.13829432545919,76.37950873333669,155.90366513404695,101.8474730157793,18.477883855117224
2003-10-10,23.268350716331206,76.97353010787754,156.1273063507215,98.48841796996108,22.036848121711543
2003-10-17,22.364356860759145,77.95176950411081,158.77992147739613,100.57322293647263,20.28945318458124
2003-10-24,19.421518519473963,80.76230639111759,159.08979105153645,99.18829539793943,20.619748171420266
2003-10-31,18.867487939811813,81.10165238012392,159.61364590433166,99.11043214210737,21.798841892571037
2003-11-07,19.52323378812562,80.89807108920385,159.79938497166629,101.14155473048378,21.898100197510566
2003-11-14,23.63842301736319,82.36497780273803,156.84706183426695,98.37585495338939,21.058854625559007
2003-11-21,17.161433026803962,80.26711363417479,158.73187760289403,102.18768086848772,18.457149167897747
2003-11-28,21.131123293444162,81.59720343511272,161.52630338305931,101.85894971139177,18.732139825047934
2003-12-05,19.011235135065903,85.72480590776455,162.26653938885008,103.79085059637156,19.353153879043642
2003-12-12,22.338270120141182,82.1792139689135,161.92649062997066,102.4021166273976,24.51503399187273
2003-12-19,20.679836431121686,83.58034520400707,163.39914128156116,104.07493244989489,20.387393809715903
2003-12-26,21.140554595275063,83.86348528329927,166.4031755945517,104.93581090034887,21.20538886118303
2004-01-02,17.86300672486543,81.20792390173133,166.4265671659442,101.35571715731423,17.98771131011983
2004-01-09,20.426376524298924,87.33699226784876,167.2001787049944,104.22289039554013,21.0816701950905
2004-01-16,22.115971996358496,85.91645324552249,165.93464402008132,102.6696351857362,22.380519271383715
2004-01-23,20.2753811361215,82.91715053255955,170.57258692789412,106.54251204796276,19.13957261438295
2004-01-30,19.923317444442127,86.03881595793182,171.53041463762094,105.51237491840479,18.909106906770873
2004-02-06,22.08977210660721,83.41493655399445,173.54939614869969,107.39625430333689,22.948876167979908
2004-02-13,20.400627437303484,85.71653736338419,172.49114331700184,106.12747200796022,24.26181694323295
2004-02-20,21.84566512175961,87.26011987057387,175.75917719564393,108.68922357466032,20.196649398635167
2004-02-27,23.0309166613407,86.1997806468493,172.34255648956957,107.20679484846204,18.85584382682673
2004-03-05,18.483093699240964,88.31191488379147,174.54498926094513,107.393794288967,21.282812863312024
2004-03-12,21.160858441329264,83.13530520982575,176.87802881142827,112.36615287394294,23.100480133347855
2004-03-19,20.46439428062196,89.43189479768571,175.18114228723448,107.78607966958191,20.496105257765233
2004-03-26,22.84660174879883,88.59010769020153,179.6077487299761,111.8693280517588,21.410695494545923
2004-04-02,21.20796505236875,87.03093867195024,180.16835754872235,111.35448916567792,22.79403497054854
2004-04-09,20.495974141540543,86.40006777347286,178.26186688932856,116.87618555152206,23.72512350279157
2004-04-16,25.045100868784505,88.99758874663844,180.69363347913267,110.31583000678721,21.448642994842327
2004-04-23,21.62708287578822,92.09073931105303,179.4185813732369,116.4842482314888,23.76882920298782
2004-04-30,25.30043571499732,86.01385177521672,176.88744082760743,113.70970435476909,21.14908206162749
2004-05-07,25.60889260210872,89.34126156625017,182.26028524263882,115.70389963827434,19.696812674242103
2004-05-14,22.831707151781778,93.65209282504748,180.9024557259584,114.05511005969764,22.618039531698944
2004-05-21,25.220076492530236,95.70915134991716,179.48629452738783,112.07737704866331,26.043868405506885
2004-05-28,21.805666037115493,92.78728845750068,183.0007402033588,113.38576134661845,21.14945497496044
2004-06-04,24.25663820675351,91.96755921369677,182.73211172996506,114.99452139424143,23.55746758957388
2004-06-11,22.242047751359333,91.66166880150413,180.93285068265592,117.3728485849195,23.486066910479433
2004-06-18,20.637928047994873,92.42591233312245,185.64838708026488,119.64725222672209,23.758215225026902
2004-06-25,23.871736477244895,96.38967983507766,188.06205559520407,113.19890501571187,23.947853575794458
2004-07-02,24.93188617554311,94.9131154932208,189.40737304239278,116.86809476204108,19.87388212173177
2004-07-09,24.28799283753653,92.7131677087384,187.09363751389733,114.699004109485,18.709366804561558
2004-07-16,22.239826181198058,89.69151322146969,187.30231272002823,119.64239176539013,22.471773319942766
2004-07-23,19.769457188317613,95.75255060628817,189.22758567290563,121.54722965665825,22.50286320243723
2004-07-30,24.74170663007666,97.15369162229975,191.22454395745976,120.85481628631072,20.314440802349317
2004-08-06,21.609837843930155,92.83612934671645,192.4491954205251,120.04996095366569,21.43870834453257
2004-08-13,23.80798969348146,94.6938554021178,191.7549772076049,117.65571016224096,24.892728819571087
2004-08-20,23.54378081262202,95.81286215001155,193.32446227522382,119.53590945046962,21.862460646537762
2004-08-27,27.537723061734223,94.49930155271791,193.0098031027839,117.58592580010331,25.42267980034857
2004-09-03,25.08404686085429,97.29277796461074,194.82226479195148,118.95790569452272,23.889220538499142
2004-09-10,27.853376491228236,98.89049593808858,193.29265559351387,124.64836599307296,24.784177112355977
2004-09-17,24.71312828398143,96.25264853584824,195.8324170918643,122.73331884945743,24.1159258938454
2004-09-24,21.998493193495186,99.38319409190585,191.07775459458782,122.13464572265273,22.94742439908148
2004-10-01,26.911143561256807,99.6347652679879,199.43904262322178,122.02897170010125,22.509915204029042
2004-10-08,27.811458586573114,98.70401226204041,195.45099716806465,120.90053006186726,22.460667868042613
2004-10-15,24.103246467566706,97.01337177646622,198.3340860400722,124.99527527617906,25.96388042485487
2004-10-22,23.95892988783363,99.74938651893288,197.24577559247922,127.63247910696128,23.1853819938776
2004-10-29,26.331640340144418,96.15663881192326,201.9526775618305,126.03363370231885,26.85772519339606
2004-11-05,22.392899113626925,97.68751483980466,200.73723294570348,126.30924127599143,21.396736953396314
2004-11-12,27.176465987816645,101.79715752751616,201.8870058946338,126.3858403405037,24.38061046688262
2004-11-19,30.28744641489825,104.021816130745,202.0077571070461,129.3686636275712,29.828713485556477
2004-11-26,27.282677829648936,100.51622888198156,205.05459512316878,125.54602663773439,31.53617609564902
2004-12-03,24.51288093811045,102.4576383513418,203.08876707688216,126.80253686345867,21.53599136529254
2004-12-10,25.79873434062664,102.94881278330887,207.5789745115525,130.99089685177168,22.09329345514375
2004-12-17,29.764868840458828,101.94017390088342,206.6132564382352,128.60368917999864,30.887068852778253
2004-12-24,26.346569907895923,100.70820033664803,209.62214162505538,131.6342434692568,23.799342860987384
2004-12-31,22.635103054518915,106.63815913748995,207.9040202255044,126.46148677246666,25.21100579663567
2005-01-07,27.637324810340715,104.53841254488489,207.37616723525312,129.7654063734904,26.56999001563493
2005-01-14,22.91153309745072,104.73005730296575,212.50054231223072,132.36342694879644,25.10175393257251
2005-01-21,30.479197982453865,102.21164357456284,208.93816451723623,131.88871640178698,24.176164573523224
2005-01-28,25.26229932725145,104.12541439331011,210.74980283084435,131.3480806553994,28.706388492390353
2005-02-04,28.96234820342659,107.30293175693757,211.6853602150086,134.48757561831323,26.6704834592433
2005-02-11,25.675109458695434,106.66566086792186,210.42135723648101,134.15103401767487,22.603105395494207
2005-02-18,20.270766387784406,106.73159009873557,208.95617962894704,131.11975630097143,29.523120650122063
2005-02-25,26.680981741115435,106.86581916506144,213.000695834347,135.0328339257663,30.37357293399014
2005-03-04,28.418723785974194,107.0787693774039,214.345290573949,134.85302003781604,27.002924386459426
2005-03-11,26.902309623165028,107.91413530583301,219.63406857569805,134.0115478704803,23.102486119358005
2005-03-18,26.52712295751085,108.42184651171478,215.72614826784826,133.0073519267608,32.25001483469105
2005-03-25,24.33065309992487,107.83899023867701,217.27614160303082,135.092659293738,25.605102930589787
2005-04-01,28.95251504024499,110.71693048010486,219.30649956854106,134.8912251549946,30.475618505231775
2005-04-08,25.897351399118477,107.64091262952458,221.96095067732105,136.65336907936788,27.300215409106325
2005-04-15,24.820775957999643,110.53198374172675,220.59668114070217,136.1682925032344,30.273896458149398
2005-04-22,27.681747202296773,110.62648322029673,219.61215309566745,136.5002385699697,26.555171981108792
2005-04-29,27.548349565188833,111.18888275711495,219.9468142181359,137.64565965719078,29.78504521214313
2005-05-06,25.339169245478587,112.43330469310384,222.45710588245393,140.9796856396006,25.525373892817857
2005-05-13,32.022568602385164,114.95426110110954,223.43720846682174,138.25849860444762,27.412694152381057
2005-05-20,28.256153907462192,112.84680137619456,223.54217108021263,141.49491867383557,28.064230195098922
2005-05-27,31.951187364176434,110.3693074728737,227.1350210908489,139.20657885540172,27.45814513857149
2005-06-03,27.277873351763184,115.769344422219,221.81868449825387,139.94532003045177,33.20618607570937
2005-06-10,26.39995217599512,111.71199700320126,223.85338667296503,144.75109983584576,29.110707005920116
2005-06-17,27.138615612120184,113.75291442666762,230.17828278683362,142.69502627039083,28.46439312923006
2005-06-24,27.48634030098236,115.695460350269,228.7790705004852,144.14744496323038,26.204792957501294
2005-07-01,29.94915483095707,111.05789850243394,224.980752916212,141.88363833792437,32.98008442288754
2005-07-08,29.872883035548494,115.7783404737962,227.81802264105758,142.79884199238407,28.330178664678066
2005-07-15,26.505310314900342,114.66953815877497,231.89543159610025,148.03055389119808,30.771043709645486
2005-07-22,28.19935209057992,116.94885922117257,232.7987880260066,145.68435211720157,34.06291173033965
2005-07-29,27.264554218072178,118.48939352261917,233.86263013329054,147.03564775026217,29.06704122744739
2005-08-05,34.90773009682169,113.71075613549601,235.2721070772575,146.71427432443105,27.327550610013372
2005-08-12,27.31333125646007,114.2431444623542,232.89305776082875,142.74175676930423,29.779780498069325
2005-08-19,29.26986256191126,114.40859686678853,234.5374198316126,149.81708518520134,25.71772909650438
2005-08-26,27.439472425471685,117.49126067160965,236.88886414178054,148.98774580639042,29.020071250027605
2005-09-02,28.938627376435115,115.8081705040866,234.67141288630273,148.11477497808613,31.677228743390497
2005-09-09,30.63853741547941,115.3706541782862,236.72159925117177,145.85374414882602,28.607515057897693
2005-09-16,28.457102683509213,119.64216702636607,237.9206868838857,145.0674478978666,30.192397637683957
2005-09-23,29.28315389831575,115.34019638813221,240.9312599926779,145.76006271287537,29.72669038331176
2005-09-30,30.77202892525324,122.55952737283387,237.48542563576603,148.99061430231922,30.122650105998822
2005-10-07,30.41994022959673,118.37192230314389,238.89482561562883,152.15450107244575,30.980693126922954
2005-10-14,29.433573491959653,124.4198633272975,239.6076867706799,149.75587049597527,28.97703463029113
2005-10-21,32.33490332820132,119.62935057680858,240.18760859935043,149.1693430683158,30.605242096110857
2005-10-28,32.41705900555365,120.69662363565462,242.87997465999584,148.7140726815896,31.75703188607369
2005-11-04,30.138365798123417,122.38330713280618,241.90230789523432,151.14502647209676,31.393863070295556
2005-11-11,32.440222009356326,124.05930550294406,242.60116657648376,149.59141922040132,35.156224774608695
2005-11-18,32.91859418686508,118.39653287912114,245.47440871908438,153.09128956440702,30.541584971124962
2005-11-25,29.365859437268302,125.29789227014902,246.077858034825,153.0796231353144,30.25220938682059
2005-12-02,30.351658621983667,122.68779562492674,246.81928337222394,157.02956238658248,27.489810610353288
2005-12-09,28.796595726162074,124.55174678229372,245.6727190650416,151.9554163557301,28.261018761881388
2005-12-16,29.128137539141058,124.58433323235994,246.29107755802497,155.01611221162133,34.00367159924082
2005-12-23,30.379646612371715,125.98805301845147,248.73635013760583,154.52275119078695,32.30202819713876
2005-12-30,34.03185458943054,125.20952357849829,248.53226314959593,155.2202375577843,32.31547840604833
2006-01-06,29.154805981232876,128.6067254231042,246.6851349045788,153.22193188948023,32.169883853841476
2006-01-13,31.66956987916846,122.61165944146404,251.02963959633843,155.2161680822343,33.37704248137709
2006-01-20,31.039984340098517,123.83038452150373,252.76741236926756,161.06502558145843,29.411300338394526
2006-01-27,34.61632942693496,126.64719053857779,254.35610739467248,161.168532428413,29.23021250299092
2006-02-03,35.368493227924986,125.49114678223343,251.67409809912098,159.42411897620204,34.72335190953016
2006-02-10,29.827414048195305,130.0627105887729,254.61175982131994,160.1622599791646,28.33933099767153
2006-02-17,32.554743875907015,126.57657278446615,254.6118217959347,157.83240652291767,32.46497709522632
2006-02-24,31.134162277144878,128.63941964400613,254.709061822432,157.1645738520338,31.70423365332617
2006-03-03,31.676424048514683,127.6404434809061,255.79496451440713,162.49536826479644,31.9319664581139
2006-03-10,31.87903645731573,127.47873144211475,257.6604430550481,159.49398345741866,30.902495926057924
2006-03-17,34.77531785655843,125.6892117623622,255.10767756598432,162.12401656298906,35.075535361323816
2006-03-24,29.166260730549613,125.26441708523106,259.7156277002942,158.35671993147878,30.50899253561141
2006-03-31,33.50490559579932,129.55441755683026,258.9028554094337,162.84302972020777,34.141404658616004
2006-04-07,36.13902713438641,131.72422308326054,260.4153458622894,162.93104016921782,33.42887626078499
2006-04-14,32.17714381739674,135.09716905218346,265.1377272388587,162.71543993883543,30.158879933120325
2006-04-21,31.996531398685434,132.60067833625445,259.396844811456,161.79668622630365,33.69089847501033
2006-04-28,32.07630845702325,130.9695834804118,266.3584834968422,162.34451777755248,31.375247105792976
2006-05-05,33.76570153899275,133.5163061108576,260.99399839708593,164.16606277551827,32.82636895123952
2006-05-12,32.96338969186257,131.00109086457113,266.01404666583716,166.6541298024794,33.24057463807748
2006-05-19,34.48665063171456,133.55845055394727,266.24828330487577,164.71819287920746,32.55563176861462
2006-05-26,30.590916117509614,131.42224147709382,263.3830938460159,166.12999752763065,28.44912365044675
2006-06-02,31.76779876938122,136.28852400393586,268.93385949997435,168.0969769890783,34.94393851537782
2006-06-09,31.24449644013736,133.7254300798164,268.521079088341,167.35539790355597,35.93962211769848
2006-06-16,31.364721082053283,137.5128550896938,268.38909915576625,168.93391872437365,35.06414413107404
2006-06-23,31.92495402418587,138.9462461446837,270.41681642364665,166.55655792766865,35.380007381016334
2006-06-30,31.441536033196073,136.0882039957473,267.4252864655102,170.87937570498565,29.88092432154099
2006-07-07,34.3032112543854,140.0910215464643,269.8836803586342,172.8816648384083,31.90799659097802
2006-07-14,33.98911717823564,135.73068447413382,276.067459576422,170.1588697967939,33.579706485559946
2006-07-21,36.57919780431313,137.895286428122,267.89312560478464,171.68618853612824,36.72767532404373
2006-07-28,34.3960052592216,137.21247730084647,270.47512576161523,169.06948133436632,33.82521110840217
2006-08-04,34.57678801565946,138.47680247306116,272.4568422219683,170.16917058021374,34.982552994760375
2006-08-11,34.10982738624857,138.47984079627244,275.15894814656485,170.9138845037241,33.25780408222689
2006-08-18,35.07955319246992,138.687934935068,276.30052858877696,173.28801137248834,37.51161200860735
2006-08-25,34.34580741060041,137.7883637945512,276.13419107830146,174.26290212111263,40.346901030623386
2006-09-01,32.83229905446614,137.79536910703453,278.2248797169732,173.8296632321437,34.136478750719455
2006-09-08,28.96837959842525,138.6120454092735,279.1059109631647,175.61805078050014,29.897175144317494
2006-09-15,36.96897906371601,138.86473799990898,275.1613592432899,174.8680400349223,37.908195990859376
2006-09-22,30.50198414550148,142.1923882190143,280.8267597632008,176.6669979425333,33.03338879761856
2006-09-29,37.381701928472204,138.98658148032806,282.3782661313289,174.482466836753,36.76947948203966
2006-10-06,35.975321185051655,140.4532428481792,278.9343581179601,180.1319607169857,34.450642799231936
2006-10-13,34.376279302210804,142.79087944051005,281.7733068119718,177.87812414554318,33.72248342682621
2006-10-20,38.04421674322893,143.4553618732031,285.94369562979193,181.68447954078076,33.44383809412776
2006-10-27,34.793836065242914,145.19846497231794,283.2616939850326,178.2781091301444,35.221533048296465
2006-11-03,37.32226479456105,143.5320942538579,282.0655983781269,178.74117333702762,39.883792290158084
2006-11-10,36.03524243371851,142.85136177168735,285.1531865693344,180.84750913205707,34.502762644066344
2006-11-17,34.06041814314328,144.0337522937164,284.7351822022626,178.53791269267967,32.61804102056746
2006-11-24,36.970718765115244,144.13712353786315,282.38906692466117,183.53325075716944,32.57480581182528
2006-12-01,34.12905592075138,143.5670557283695,290.4518017733046,181.82295298613562,34.22328230026083
2006-12-08,37.915908387502114,145.20311306498346,291.51328586837263,181.61939003601492,37.45601738830576
2006-12-15,36.20525603826596,142.52045308025558,290.77156518222046,180.47404851931387,31.649143644953927
2006-12-22,39.045293658346274,147.4371289814333,293.2433521028261,180.4588293673221,32.13919080197489
2006-12-29,37.853130608053036,143.59585203248622,293.6003898416934,180.90756176371815,37.67703720477218
2007-01-05,37.24538627604833,150.0121667701012,291.0746904653783,186.309559126463,40.67098855934417
2007-01-12,37.72907876194323,146.40166813541157,296.39627464435756,181.88682957925806,40.93110688843085
2007-01-19,37.369168230748066,148.61995859882705,292.2455670519405,182.476378594913,37.163759609478575
2007-01-26,34.50473820618021,145.50680966335116,292.09083106555676,184.8456394540583,39.00605643917111
2007-02-02,35.62294178336844,148.7609330256005,293.1801812827853,180.96467257640367,37.725507713773084
2007-02-09,38.59258414148259,146.14511399819787,297.22337258905804,188.6469709379203,36.30349014606812
2007-02-16,32.18447181704888,145.40288067442071,295.8889031318104,183.99085534558958,36.21035674247946
2007-02-23,35.60222230801576,148.34375858431332,299.64427170317845,185.19724131427253,37.36674320746948
2007-03-02,35.55462854941503,150.14618211784338,295.41061892888155,186.9054731848133,37.351901338283916
2007-03-09,36.308843027470125,146.34371033068277,296.5581215429002,184.43138751365169,38.65359782286882
2007-03-16,38.587967222096296,151.81977394272954,302.1536615397613,184.32305048370003,37.15644624507872
2007-03-23,37.26773572844483,147.67668907713454,299.2900784557126,187.1493760920924,39.72088089098389
2007-03-30,38.01718395100498,152.1199279839371,300.00406856593355,189.32427323273964,39.85642865414476
2007-04-06,39.36962365284412,153.18656054716573,304.5995320509401,185.35485192681566,37.716571105392475
2007-04-13,40.72591226874583,149.66972803158814,299.885257889207,192.61153000314647,37.927971160617204
2007-04-20,38.11696212281465,149.6110883742558,304.15094458221716,190.25952653047514,36.788727338021666
2007-04-27,39.550155124442725,152.73908448727434,302.7942586538651,193.50323740491854,38.49184289418042
2007-05-04,42.23917158204257,151.05510658876017,306.1701849840342,192.4171557649641,39.22615771789303
2007-05-11,36.43526805030789,150.18415085443118,307.0785248644204,195.01630701728476,37.004735764765584
2007-05-18,38.84038845244872,151.0280854146223,304.92513377413195,194.10218079476115,39.00946794727311
2007-05-25,36.99268624312224,153.3347499423056,305.01418296092805,196.1329056344345,35.4105381622953
2007-06-01,43.093067519574035,152.2445577092586,307.98754467634996,193.91053224276786,34.851627836504136
2007-06-08,35.05218183767025,157.1899552564634,312.94331467684106,194.64401131764046,38.155008360186045
2007-06-15,38.21141349703327,156.51132473827485,309.3506096646151,192.80419413599773,35.451978393119965
2007-06-22,39.61560184702086,152.4920587584508,311.2939303776417,192.2715382127052,40.32734370350875
2007-06-29,39.89603109466654,155.73401567181517,311.74789525282523,192.39208188846902,40.02912115855108
2007-07-06,38.173016932405446,157.59967676498542,314.26725083511724,194.1261298391701,39.33946542757012
2007-07-13,42.84193209788486,162.73090449718097,314.7192461840537,195.2608089077396,35.80709499590722
2007-07-20,41.453021394530325,157.04604730239734,312.6535738277156,194.9704112306928,42.058365331173306
2007-07-27,38.532053369952195,157.0670702066824,313.5438245415444,199.16741266254675,37.01397840818021
2007-08-03,44.2597510432279,157.28023733149377,317.8621325470161,195.4767019800232,34.73955272094764
2007-08-10,39.48569713210331,159.96430724820107,319.80029579125744,197.59870710746478,40.1750019162781
2007-08-17,41.903056258064304,160.57133308920936,320.33794665309625,195.5559868525854,37.00175492852121
2007-08-24,40.926185416062935,160.32135051790422,317.38724227691205,197.99901796822962,44.03822247362507
2007-08-31,41.11633918502163,161.8403009297268,323.50616103738656,198.00570488066072,38.05499422339507
2007-09-07,37.668847127908286,159.1818884638971,315.40484965900055,201.19082082114252,41.83809110652983
2007-09-14,43.1254596738826,164.122554063898,322.5135268562096,205.11673657730344,38.1686215246109
2007-09-21,38.61183532704064,161.482793759388,319.4844667361316,202.21175279959488,39.231447944021795
2007-09-28,39.592601130545624,161.7756275424777,320.7014065927898,196.62879362350367,42.31247150065525
2007-10-05,40.595283868696136,161.46477988023446,323.2965938144187,202.91485329696087,39.30199368734079
2007-10-12,42.36157618511591,161.60639273858192,324.178067755193,200.92856035703952,41.92091804401629
2007-10-19,40.102287442067045,162.76389463797858,325.58374410225787,203.28618882971756,41.79854021066336
2007-10-26,38.903244867996065,165.37761402908075,324.46255111163214,203.14695075585,38.48834743569482
2007-11-02,40.280521615466824,160.79527598806047,325.7587355076368,207.82422472840923,40.90856291123421
2007-11-09,40.75188202388057,163.98534625394367,326.8693622319444,204.89592444241987,37.26522952426457
2007-11-16,38.54481503395835,164.83106329568614,327.59293024728146,201.93247450990944,44.17431998548809
2007-11-23,41.013535817825435,165.1615108718438,328.95046023644255,206.37569404019527,41.29253400939058
2007-11-30,37.91351840145553,162.32201570450002,331.67418542685283,204.5124956687754,41.97430348559543
2007-12-07,41.18237354288823,170.39926662168415,332.55753944869906,204.83774654220974,40.518465753363905
2007-12-14,44.07221324794249,164.39683177516318,329.92617843094996,206.25842072827282,40.91115258579583
2007-12-21,42.47262412209756,165.37281100234776,326.7953544982577,208.2693446158361,43.770749149816766
2007-12-28,43.98636911928537,167.29947140713952,335.5228298103641,208.1041303347953,41.594065296946056
2008-01-04,38.462289402127986,169.011057524444,333.44978194839257,210.16133936428355,43.04994267015723
2008-01-11,42.279193928625226,170.05036321426013,332.651089391323,207.82315546390726,41.37169669326737
2008-01-18,40.007913161015665,164.0509343118007,332.9466663586876,209.09219309267928,41.765186477267434
2008-01-25,42.08848890582863,171.86814369767038,334.9976259708411,210.22887043222875,40.26127254358744
2008-02-01,43.10354135825871,170.81969679372267,335.0318703148801,210.6262615784906,41.5388946627986
2008-02-08,42.16427739172337,169.04049388409487,338.68661134610215,211.14971639746466,41.31614370488117
2008-02-15,39.29458869672228,169.63580902966254,339.3703527965951,212.65938418694589,45.17581644570933
2008-02-22,45.475018485952425,169.73496626123026,342.6410392082712,212.59997743796026,40.652338462423884
2008-02-29,42.53219514162376,166.69180267899108,341.32720442933,209.4858049084004,43.813431505321475
2008-03-07,40.27892563749083,171.74616657708543,334.9799065289245,211.97902468390174,46.72816531137955
2008-03-14,45.2554666916952,168.84296715677064,346.19740561358475,215.26102674781376,44.18431745223204
2008-03-21,43.196857255042055,171.6657016886159,345.5165594165813,214.96100483067104,44.69496118952705
2008-03-28,43.863392583951075,170.60325179993777,344.2598263949786,214.77795937967636,44.0983864185638
2008-04-04,43.94986282805961,172.12253775623844,342.0924089125789,215.45291418398227,44.11487294096812
2008-04-11,46.48335618052044,172.8317601866094,344.3621328964409,215.35219402326496,43.819218231178446
2008-04-18,40.44756872401417,171.0973922771054,343.5810201947049,215.62908978371053,45.049437139727345
2008-04-25,40.87423881777639,172.9567750212043,344.40308947204926,216.21374162058203,42.37652176198707
2008-05-02,42.043157475216994,172.30773908568318,348.6002586196765,216.23329079827573,47.07486935687736
2008-05-09,47.13663969676842,171.40846124759733,348.56369229802385,218.11963452229688,41.37640762528537
2008-05-16,43.31755169055759,169.95421164197958,350.2957959265063,219.02382329567885,43.416985238301855
2008-05-23,43.637803393091225,173.70264241376842,349.3318389909233,219.1559074643582,40.83839061688362
2008-05-30,40.43906044555412,180.0693517639048,352.16597553309344,216.93636754350007,38.53318873280864
2008-06-06,43.52967563787639,174.81380845008428,349.9004783588147,216.66855724906932,42.664491380173416
2008-06-13,45.69499674591201,172.8329611953759,348.8314006613713,216.49100508863788,41.205228103279815
2008-06-20,40.15894837022279,174.77595626753873,351.920081323637,219.99781899279418,44.90283760996434
2008-06-27,48.15536446693285,177.2615791058983,352.0773106579877,221.22144661868293,44.89907280095768
2008-07-04,42.17456198781466,174.56163062040847,354.65779072990523,220.20686963408028,44.78599568662068
2008-07-11,44.22093009129081,177.0681792438479,353.0626818126955,223.04501735455128,45.79032042078383
2008-07-18,43.01442480041124,180.2872976151081,357.3867997142399,222.34529862792138,43.23162800712923
2008-07-25,45.72746642006521,178.42473189678103,356.6451295375957,219.78152688159847,42.64398527627136
2008-08-01,45.07993189309484,178.41817416604314,357.26114437144423,224.56306018936453,43.104812628734
2008-08-08,42.44206083794355,179.70462848717065,355.53093971555495,224.77880978696194,44.68354740219522
2008-08-15,45.48755017232049,179.968359764664,360.22552132584696,226.36305533363134,43.213261701566914
2008-08-22,42.71325123130141,179.07777126844005,359.42494556130714,223.19197117650907,46.20473666767823
2008-08-29,44.35539733023998,181.35729927008904,358.0302309890733,226.50117240510087,45.530502826010476
2008-09-05,44.85926141759984,182.86698689431697,363.8249497328285,225.9858019774453,45.40577917933756
2008-09-12,43.15072552831453,180.85191987769196,363.67736851137647,228.76048333297194,45.09183312891621
2008-09-19,46.02922622260275,183.85579144439163,363.2108963759907,224.97812306786074,45.83413960459044
2008-09-26,43.35830361001742,181.98085546133944,366.4406078176085,228.22327684273893,44.84087513699988
2008-10-03,47.96433699242206,186.06045065934057,366.3340775301197,227.3910918363467,47.45068227172983
2008-10-10,44.07824107908082,182.03667226011183,367.36069548355226,223.12558530804196,45.30966317370256
2008-10-17,48.40920842637964,182.48569002674157,369.3451219795585,231.13834153756272,47.46881570524037
2008-10-24,46.63950509294497,182.63022346585342,364.2098829742879,231.47853449336958,43.107734642911595
2008-10-31,44.831244227519896,182.72819908431507,369.6109750759376,229.25462450177508,45.22341052441413
2008-11-07,43.238971770820314,183.5429315140086,370.25049400670963,230.20811634061045,40.95017556036502
2008-11-14,45.33073858889603,183.6499306775795,369.3866642715885,229.66067715035535,43.2007876618278
2008-11-21,45.51379895571642,185.19164419792673,367.5244605914687,232.81087133298482,47.983150987448504
2008-11-28,44.84397084324341,183.93165443459674,374.8045426216,237.03171420729035,46.35737734168466
2008-12-05,48.646854570788655,187.2634177948467,373.0914283068817,233.83712983717044,49.54934608595774
2008-12-12,47.96440117108973,186.71037638258298,371.28583845819253,230.54997344460597,43.27993330639921
2008-12-19,46.63454467752458,187.37837409910716,373.50482171786416,231.894467863595,49.0515611129728
2008-12-26,47.38751264716426,188.78192938032527,374.92326720692796,232.49928408364627,47.111833306836104
2009-01-02,47.179483999994574,191.24598841507003,375.51714140878744,236.00983145308385,47.63226024263215
2009-01-09,43.5106497805518,186.6073131320611,374.2173697320648,233.55289381241047,49.0199519289722
2009-01-16,46.63099578290992,193.145558089274,373.8597082114804,238.71918225446942,45.41321420654757
2009-01-23,47.11990073686547,191.97686508508698,377.45054956756945,236.17199724477035,47.70837663417417
2009-01-30,49.43005579897456,188.2831290830965,377.3988637990903,235.61046643698253,45.87861022623987
2009-02-06,47.57020796588984,188.31409209616265,384.36058865492845,238.18306421675734,47.49878859072551
2009-02-13,48.6453673814157,189.06428515239358,378.89494209990386,239.7016284758598,47.90035755961555
2009-02-20,49.18250732737053,190.66615559820897,384.44383964455375,236.2292909371543,46.60117069656086
2009-02-27,46.64532552366485,188.27478683654272,385.87367840390544,239.4109027420664,48.119269725660324
2009-03-06,49.3299730638664,188.6366777120928,379.2731754995651,237.8372005070015,52.11496313069996
2009-03-13,46.08738545997369,190.35226087134947,377.5241088226365,241.95053851437206,45.38060937067034
2009-03-20,46.3173545014598,196.97039270554038,383.00327709628317,238.7722945236231,49.01671990380205
2009-03-27,48.90197485517872,190.6958108109875,383.2101491563028,241.7787271814098,46.94909989856413
2009-04-03,47.145532241754495,190.09638135016203,385.9934393968928,239.58554577271016,45.82204219003623
2009-04-10,49.786102147448425,193.53041089372525,386.67063652635926,242.1813873059087,50.322213213097136
2009-04-17,48.85801470464688,194.88568048384664,389.8786271236293,239.8842910261705,50.97400892262996
2009-04-24,50.822086961046615,193.30469488193071,385.6820661291917,238.57439896189183,49.087133408730196
2009-05-01,47.24173342071048,195.1585989104165,385.7284364727461,243.5512045381723,45.751972009440756
2009-05-08,52.206771364810216,199.09788705949308,392.8624427838984,245.53495493853444,48.99034112709476
2009-05-15,47.772084470018704,197.444064233406,389.7754032384934,242.6756502216251,44.705001641392634
2009-05-22,50.34374326732595,195.61981827647986,396.2215919271817,244.8782573132911,49.69823257545659
2009-05-29,48.558724972304034,197.76601989872674,389.6592513540252,249.65206823022842,49.87748015032536
2009-06-05,47.53462675472502,197.45234773273822,394.60563228052854,242.68382206733204,48.22520904469663
2009-06-12,48.76349547133958,198.3448129446454,394.36842576539505,244.6357437926172,47.301330624687495
2009-06-19,50.409225806349625,194.84570326719003,395.3056595949484,244.50523143085,47.34312008823267
2009-06-26,49.92126301793516,198.06471589886135,393.60765071665736,247.22803821226435,47.44059005280699
2009-07-03,46.560952940069384,194.43129200897545,395.42089255036996,246.9114496252749,49.70691723871083
2009-07-10,50.62980155431861,198.43684755875586,397.4426142901214,251.30992069669614,53.77295052084468
2009-07-17,47.28868062551074,198.9507513231124,398.043764283895,249.4846810368842,46.673049805631784
2009-07-24,55.351280459968244,199.96501928418814,398.99830366576145,246.66122668530696,54.435735358909334
2009-07-31,50.83083394028828,200.83110993448787,399.03644951583163,250.44548470947592,50.6476104444057
2009-08-07,49.15361753337592,196.43165634723175,400.22546249540386,250.9448221446657,51.37104094602243
2009-08-14,52.209817633662105,199.65223012287998,399.52685809203336,249.06826086345677,46.89622004564103
2009-08-21,53.39888491452245,200.98744906754015,400.9611379994309,252.1966015165605,50.53162864662194
2009-08-28,50.76140793206296,200.10549902245978,407.1054762691442,248.42080904747348,52.436792645680356
2009-09-04,52.033846886987284,201.68570835645215,405.131555185287,252.57849681113896,51.635738547013645
2009-09-11,50.15609694380205,201.7960993219104,403.2641769458666,254.4093844277643,52.00347688093184
2009-09-18,46.87365501491338,202.9342137239727,408.4390890695176,252.45883966686375,49.61401340570577
2009-09-25,53.220729150097455,202.67996771779872,403.91315718458316,252.45339187248288,52.703095854884396
2009-10-02,49.539952295601395,205.68152316500016,406.6300608171126,253.2745541636612,51.128436394647146
2009-10-09,51.08170425506255,200.66432688540743,409.43834579290126,255.81466568482105,48.663440173355085
2009-10-16,50.622229135746494,203.33062060000165,409.81896087302533,254.79272720941344,53.609724862501665
2009-10-23,52.609340464607214,207.2947992240514,410.48070901175106,256.27273078638075,51.64935429435179
2009-10-30,49.72301095797809,203.6113542527034,412.604557468086,255.45147745590708,53.601043987447184
2009-11-06,52.89739588936834,205.49020851627105,411.179003038069,254.8560724234185,50.48774979238922
2009-11-13,52.09233995529358,208.44516885668145,410.55440485584387,258.9126553764532,49.47139177567714
2009-11-20,50.713654229596855,206.2765814111164,413.6191821492489,259.017005944752,53.61975869844143
2009-11-27,55.040110265225714,205.60122811734706,411.92857701629873,261.02754941315936,49.458021637302465
2009-12-04,48.979462588339345,204.26725407668155,414.4814014379807,259.7471552946808,50.90530344686897
2009-12-11,51.96283577024203,205.37245854291405,414.2090270045213,256.7755287921576,51.789246499309826
2009-12-18,50.52432157997381,205.6342219980062,417.14538933749446,259.47937699775594,51.84320052321848
2009-12-25,51.94907088767161,208.81518648382922,417.9660161149886,262.0262389072356,49.90165133432402
2010-01-01,51.556997570499384,209.31832135133158,417.66646230808055,261.790369428576,55.319457693776286
2010-01-08,53.67358454999889,209.7928511267264,418.60877068745333,263.5480306152686,49.77465381213514
2010-01-15,52.22440323052192,208.4789536248797,418.1963464620044,262.7188218783516,51.98661521230908
2010-01-22,55.05562476052276,210.68879132364674,415.3687966870765,261.71465930369334,56.29752505010799
2010-01-29,51.67746579675594,208.46678133541127,418.56753103744154,262.76437914286186,52.307358102118414
2010-02-05,55.124561569145726,210.74272614040308,417.52234519999416,264.36618235756237,52.92280784399136
2010-02-12,48.606834364653345,213.37039587464957,420.4640539618835,260.704698658761,55.21638002948988
2010-02-19,51.16474417649929,209.88633970387139,422.8352969911306,263.7766026098617,55.498417340373095
2010-02-26,51.04001901765119,210.2248916575165,422.123958447609,264.22822266624934,55.48425859090845
2010-03-05,53.93182056284507,208.98779099503744,421.61406637662157,267.3818798189531,53.061825361660055
2010-03-12,56.2745848554048,212.431954938108,425.7104229160487,269.1173357296396,51.87916912313391
2010-03-19,51.04062870029907,213.59269018233445,428.4915784800324,267.1152945405538,52.18758968193668
2010-03-26,56.653727940277946,213.6866390493173,427.99423270551733,269.74328752520256,55.617743996245196
2010-04-02,53.878125500231775,220.05101325110792,423.62726045460823,268.2131442943013,53.61659830866338
2010-04-09,50.77291206508803,213.76723115245628,429.79390774594094,266.9547918940072,52.91250322684604
2010-04-16,53.191004765197086,211.84374678296473,424.01532729490754,267.2097944457889,56.98917029871184
2010-04-23,55.09835268152638,214.5850553454031,430.35446628148577,267.67210391067647,53.804451483429766
2010-04-30,54.78873012548487,213.8117322031973,427.54468857380493,273.4384941035595,55.036484787172526
2010-05-07,55.612301450436654,218.11625050402964,432.0841340030965,267.42838693327457,55.20170256183781
2010-05-14,53.697397786134985,216.92220416910183,434.8607477194094,271.56408922169754,54.697139843116965
2010-05-21,57.60592309545232,215.20010804876114,432.40107512259107,270.682586413434,51.49178416912986
2010-05-28,56.136132214555516,219.28934996206812,435.61175739342156,273.6092692680202,53.73119902321224
2010-06-04,54.062832342349544,213.98302660983845,437.0815726022132,270.7037871029443,54.5023398300683
2010-06-11,53.07234115947909,218.4621734603131,436.3411822267345,271.1282451971883,54.58154584872144
2010-06-18,57.2733406006393,217.11165378098343,437.6302856832883,274.9033999164598,54.92288335480534
2010-06-25,56.767377735903246,216.21499854916271,435.4154022760545,275.07549061893303,53.13476150984899
2010-07-02,53.20752853293892,219.29248747834393,438.5868397171415,273.1954564011684,57.54128141163196
2010-07-09,58.7463568276445,221.22237261365274,438.63239812916515,273.14536892459563,59.997608946162416
2010-07-16,55.09114451097,218.73743557201962,440.53391361063456,276.9497433188977,53.6577797297192
2010-07-23,52.90524343212938,221.94824191139523,441.979166410661,275.44741994220834,54.196981101960496
2010-07-30,54.21278949973283,221.7559866117259,441.32227931354305,274.2063031122094,57.34391747576858
2010-08-06,58.22648129792894,223.9353376772099,437.9949843324719,276.61326601509535,57.5802595402549
2010-08-13,55.805163904174385,223.97086818531037,442.2617482774433,276.2292272364075,56.25024252570798
2010-08-20,52.0667564421678,224.2421830360447,445.91210026479683,279.5629944512813,55.98862193174899
2010-08-27,54.664768178488536,221.08206976327955,444.9118447100488,275.21965462726183,55.083024677439134
2010-09-03,55.962520978690954,221.7186238397769,444.49982247261755,281.78833283582793,56.277750930596184
2010-09-10,54.90247681039866,223.21341504859166,443.9768384072952,278.7342420402778,56.63801780000799
2010-09-17,55.82566884319293,221.6181820052577,449.47760702877696,279.14096238644066,58.69755546434544
2010-09-24,54.63872256021434,222.24589077348898,447.4632831232278,278.4164993108244,54.60543611836995
2010-10-01,57.35033743383445,223.43358491595595,446.77034453382055,279.79069395690163,54.37294582798388
2010-10-08,57.92987828069359,222.16978335319584,448.36153835608945,283.0428462243393,55.85259378337774
2010-10-15,58.2515282110192,227.07898585469363,453.4942090342124,282.07567357731216,56.71063489881999
2010-10-22,60.55265421489602,229.32607821564514,451.5491300368751,281.2885347527176,59.1106596518727
2010-10-29,57.18398184907843,223.14344927891244,451.35972499953715,286.2494666987091,56.851443448520214
2010-11-05,53.73847402134207,228.60306029908767,454.93156307578425,281.86432389792327,56.81959211882877
2010-11-12,55.18854030340915,231.1949312794853,452.24291242106693,280.810699107979,59.45982774643041
2010-11-19,54.276381576272684,227.68860280889575,458.60402432382614,284.77296512507644,57.60418533749819
2010-11-26,55.98236592490796,229.10265765264464,450.78874331904444,284.24356206389035,55.36739254644185
2010-12-03,56.764165580588276,227.57181920425953,456.1430199146667,284.84070542557413,58.3329178154647
2010-12-10,55.18600056445756,230.79580506989387,459.9608639785091,283.9279814745764,57.682075432986906
2010-12-17,57.221523720740045,228.38340555912944,455.8082098634751,285.76178222806277,56.91789372585436
2010-12-24,56.64468038599938,228.90870588713966,453.9863967078578,284.953872470788,54.18995492977695
2010-12-31,55.51015464111719,228.56403733467806,457.1919898314385,289.10557321891315,53.8103086601482
2011-01-07,57.241223035504305,229.0278179633588,458.40331140528684,288.3781563233423,58.03486359653422
2011-01-14,55.49576876602373,228.95942149764542,459.5981644806685,287.60003714909055,56.81194363963596
2011-01-21,58.79063757575764,227.0880434064009,463.50387372068604,291.58775179780616,60.935233882572795
2011-01-28,57.16194228885467,228.800947771096,461.87332890472146,287.47001683559046,57.33909092578887
2011-02-04,58.15672970406459,230.56440839725562,461.68264201499585,291.7946537362087,60.407061518039306
2011-02-11,57.348988082187205,233.89626617179474,464.51622930936,289.41275181631,58.67719041769576
2011-02-18,60.28523458655706,231.13527572651003,462.32787924964794,291.727951496042,57.6960567793414
2011-02-25,57.70035237885874,235.0323248352342,466.18062750247066,290.1548933135855,62.61416109650055
2011-03-04,61.903091197337645,237.43940140608402,465.872686587094,293.2689226208456,60.19146409792978
2011-03-11,57.805811004327616,233.46694945424773,467.07533331936645,292.89484272156966,60.145941651933995
2011-03-18,61.71246394713487,234.768736313869,468.5312886261934,293.8018952851229,57.063255679961365
2011-03-25,59.83388820185808,234.099856037987,464.49260799777835,293.1364608812718,59.19364863484819
2011-04-01,60.93891781819345,233.00598421462485,469.4784817564489,294.0330898162746,57.53168989269803
2011-04-08,59.15638200939332,234.65372630632865,465.73431507619875,295.46576887809505,57.105628659476096
2011-04-15,61.91275450343206,235.83434875618468,472.1046810038454,292.49584375823736,58.85923642028503
2011-04-22,60.990406119163325,235.0932718766903,469.8306372037701,294.92173482010224,62.81215541767766
2011-04-29,56.15264663534126,235.0406647100236,472.026216460798,295.6139030302438,59.88629121877519
2011-05-06,58.376042412518174,235.9571396669405,473.26767248734103,293.9926192245982,58.26355623992011
2011-05-13,62.753575972250374,235.11535281986056,473.45181506474046,291.9082931285947,59.827366737382064
2011-05-20,60.539373596613096,236.9049592299167,474.7335359055958,298.671050551119,60.255923764448454
2011-05-27,58.10927730461282,234.5293089213461,472.7743442962448,295.96273321768376,59.159464293776324
2011-06-03,61.67555252738749,236.28620072419005,475.52718320770873,295.2560656295867,54.6209942766392
2011-06-10,61.680830952257146,240.1499023631431,478.8664668876523,296.1343953474244,57.3462689207775
2011-06-17,62.76055738987334,239.057095189523,475.0859986402731,296.12310714047146,65.8612445075754
2011-06-24,58.13270142782757,243.39795761308542,478.0241307290426,300.2229186553237,55.526394790261726
2011-07-01,60.7853818968048,242.34830099595638,477.91225718143824,299.43453582523694,60.66553381351702
2011-07-08,63.44342105432832,240.6344574360288,478.50925494323394,299.09522464794753,60.311607876361684
2011-07-15,59.55753055264995,242.7481773093138,480.14066077349656,298.7411289445339,60.045734292095254
2011-07-22,60.673945301140655,241.46218948060667,477.49990512107905,301.5788737466958,64.02028489512304
2011-07-29,57.91624972103537,242.64082042887406,482.329035544118,300.3009594826583,60.3394642700307
2011-08-05,59.000557561695956,241.62575648408279,484.8459940758525,299.7988574697601,59.5605828785258
2011-08-12,59.240504223778494,237.428009717882,484.08517342055313,302.7572643994791,58.78856020824756
2011-08-19,62.51386861283942,240.02857341789465,481.7080553744072,302.6465130697848,61.49069510478338
2011-08-26,62.05070811156196,241.37888501624403,487.4192386052649,302.3227650005157,59.69505811376272
2011-09-02,61.90171944254232,245.7265594471113,484.3112424844903,303.37141463472705,57.71042278052201
2011-09-09,58.923362302686535,241.56236498741592,488.0865523275506,306.2455576986818,57.823860676724685
2011-09-16,63.29232935731148,242.6353460897909,486.1573341264669,309.5279192125694,62.553085197091754
2011-09-23,59.937686417686294,246.54679989295383,489.19627664487876,307.93089402036907,61.66508965762016
2011-09-30,65.21039910412412,245.03861851929744,491.2138093041085,303.2609224479484,61.47886780468503
2011-10-07,64.4463842206252,245.3998924352897,490.0157160855686,306.12763193541394,60.014236591931834
2011-10-14,63.05295436019312,248.58958058739043,493.33822658814086,307.2345210783288,61.49514887587361
2011-10-21,59.307836382024725,250.4606769640063,490.9478030054046,306.78556087960055,61.55048684361094
2011-10-28,64.29437272556521,244.7243034716548,496.4218410327087,308.5483288343585,61.152332775933
2011-11-04,61.96850806128817,248.2358944855134,491.5503277459672,307.1469885933896,61.32725276788232
2011-11-11,60.774606008803644,246.5158817475574,496.83740655812323,309.1923483761746,62.466603426610526
2011-11-18,63.75567917047581,249.56182525462344,495.95705343580215,312.5500740336415,63.8432417278652
2011-11-25,60.96887872843579,246.59570811788342,495.14974038852097,309.81631827610727,65.3517043318184
2011-12-02,63.56312614168967,247.4603230135442,498.22069557415216,307.2546630862685,60.11523766231984
2011-12-09,61.59179955751627,246.6876371581754,497.97712137312425,311.064819290913,61.82361779143563
2011-12-16,60.49770237598935,247.7630378619041,496.19538271770165,313.5267132162878,60.71639559015098
2011-12-23,63.93131119855913,248.19800195299874,497.194884905953,314.36723346436946,61.26403935124438
2011-12-30,62.01097426638448,252.40664890014168,500.4656836393761,316.1475794838577,62.15394122786723
2012-01-06,64.42529125411164,249.37727547418086,502.84419187829076,313.17067214883645,64.23612084814474
2012-01-13,64.31895952215174,253.29557408964726,501.3892001182293,314.3452497526059,62.387485313709426
2012-01-20,63.27855536605232,254.12140826859996,501.074599471363,313.2841730661311,62.60289335770141
2012-01-27,61.73334416904132,252.79327913098,507.75886503713565,312.4701166553617,63.79697497216997
2012-02-03,62.41617879019314,252.3593579615547,506.3474683724001,317.1525335437934,64.47272905550643
2012-02-10,64.06084262295032,253.507240056931,502.90786893838805,316.1392612012682,64.59204484780658
2012-02-17,62.206543705892884,251.6079046845214,505.40332682804086,314.46041868991523,64.19707365338462
2012-02-24,60.262660051957795,253.37815074480062,503.60595186187845,315.31478782434397,60.030938941785806
2012-03-02,63.31304285415856,253.5324790332258,508.19821996757497,319.8966771391692,61.01227391633836
2012-03-09,65.11123651454822,256.54006038881624,507.6983215865029,319.78944484259625,64.127740167805
2012-03-16,62.76161900416415,251.72128524256192,506.94052836266974,318.7169123721906,61.77335476455863
2012-03-23,65.66071647628334,257.0748194517739,506.64320434278915,321.4431993996425,63.03803744781508
2012-03-30,64.13531523799625,255.42626733041837,512.8960279662602,322.20488356328616,61.578576548239965
2012-04-06,65.50069470598885,257.0467069787846,509.5355942686309,320.43793842319707,63.76341775442112
2012-04-13,63.817655620411,256.5886509466828,513.0381140905254,315.998305710173,64.6273080520052
2012-04-20,63.73037342836114,252.88768477672926,512.6978281832344,320.883270599859,61.07836650981747
2012-04-27,64.4461212042187,256.28721661481126,514.3315963803623,318.4734937219032,66.06487482551557
2012-05-04,66.90264770893378,257.0616814390322,514.8154731961735,320.44666614637384,64.08796504514552
2012-05-11,65.30821243822398,255.97404751449724,514.4730055182581,322.85643018087757,63.68339183420693
2012-05-18,66.49168819014609,256.98335785001984,514.5651854223435,321.596038323763,63.61875942006409
2012-05-25,63.70158122950666,259.67931638865895,517.563771001901,322.0745040077773,62.02150649887474
2012-06-01,66.15499655576276,261.9952555715569,517.7916283051907,324.74753887900846,65.4687411885846
2012-06-08,63.50670411124855,254.1042870877389,521.2190851452035,320.97959395120694,63.90642492582103
2012-06-15,62.22708479826303,257.741282727045,519.8155065966237,325.39295001868055,62.043810298637844
2012-06-22,65.26840225717982,257.2949920713535,521.3660936187856,324.21306184077,66.37121284137442
2012-06-29,63.55790847379181,261.02375771348596,521.4687732226371,326.99235274928253,64.84772347598276
2012-07-06,66.24600362541784,264.07764681219,522.5856731887213,324.8228128733645,62.10984357378804
2012-07-13,69.56069769565862,264.08733143385535,523.8340838473839,326.73834184686126,68.32310908735636
2012-07-20,69.24215424180272,262.8143059476996,521.4265061710536,327.2512258761289,63.98323986300187
2012-07-27,67.74710361803956,262.6514255030861,526.124346557534,326.9402238435205,62.28853381399875
2012-08-03,66.76258746131973,259.8122358602965,527.7089325134757,323.53187996669664,61.29812713407868
2012-08-10,66.90712423044288,260.3640891541334,523.6114381542187,332.1530306908781,64.3123502277843
2012-08-17,68.39216570651735,262.3511061770885,528.8075555159021,328.26952987527443,64.61063962898082
2012-08-24,65.66395944721975,265.7925898291536,522.332448612691,334.75400524415835,67.72279268624743
2012-08-31,65.9386049916315,263.088891027609,526.506234787101,327.7425861333907,65.12029332983776
2012-09-07,67.25945537352506,264.80988945962906,530.2384404052078,333.3299813164444,66.27161654066887
2012-09-14,65.56856832414732,262.8245643790629,528.3745995639727,330.5527943340028,66.64169633940743
2012-09-21,62.581515032740455,261.6595041093236,531.5765525683379,334.46477087819216,70.26420345164553
2012-09-28,66.80135642615691,269.15014542243296,531.6733379426344,331.8045628848835,64.49302538461613
2012-10-05,68.52905766547563,266.7697075611849,529.2188236490873,333.0682185405019,62.151548888907755
2012-10-12,69.28659182089008,266.54092725519735,531.7108754364699,330.1147832675297,71.79241521216144
2012-10-19,66.16822527993874,269.3594428815226,532.4176834975323,330.1465428849626,68.87529636525012
2012-10-26,67.37492453091183,266.82413424037657,529.2873540234161,331.1392215927155,64.26092231159099
2012-11-02,66.4397035906771,268.9817610267621,532.0846169291946,334.0708569447732,65.49569527161886
2012-11-09,65.74852935624376,268.03186022699407,534.8709207488461,336.2698154813342,69.35228383429725
2012-11-16,65.99812089209317,267.11362638922753,540.7671127917187,336.30836746757325,66.48747506626887
2012-11-23,67.14107744521043,272.4205130641875,535.7003970985155,337.3731036090363,68.73871288491614
2012-11-30,68.20899412421326,268.29459596834477,538.0830626920557,336.60438565788587,69.33443670478482
2012-12-07,68.46185503989626,271.687261680463,538.6791958923133,336.59430714366295,65.89299422930402
2012-12-14,67.65409412175089,269.993546737447,538.2038620977119,338.1924397425085,72.40799427744186
2012-12-21,64.38504231602201,268.0758436069256,542.6552010041149,340.19261226382775,63.87052229185827
2012-12-28,64.91345507633704,271.0031315499953,540.2226983719477,337.4865023250386,73.3277903248548
2013-01-04,64.38194706645429,270.23604788444413,544.0220581653655,339.90799803140715,66.79461144613403
2013-01-11,65.90891219471482,271.3888631495565,543.1525549094417,337.7090695241084,68.87850791192619
2013-01-18,67.96782857198725,271.82285332431735,541.5575037400358,338.439898107424,73.01437464738426
2013-01-25,68.79008988825987,273.8402753680539,546.1568865768401,341.24801294334725,70.01987717568485
2013-02-01,68.42974870141606,272.78992249740435,544.967688464471,342.2632110113446,67.25103321032726
2013-02-08,70.54045188997009,271.95123156816487,546.328994061101,342.91189040535784,69.03613789691167
2013-02-15,67.69756694467821,272.99055917007075,548.334475876668,343.2274351111747,68.29391782919522
2013-02-22,67.54894489905912,273.77714819721103,549.0002195388496,342.7020392527411,70.26499910888305
2013-03-01,67.17406108397688,274.2261864012547,547.4646234941781,346.10591695492474,70.73467343387323
2013-03-08,68.5686950611965,274.46453546500163,549.9124955377956,344.37985836577957,65.63413679279756
2013-03-15,71.4328366667794,274.16510846758183,552.7731458831215,343.94394162552123,68.56357544447782
2013-03-22,68.57909145444941,280.0352539487936,550.1421840740052,342.5933878375346,69.86978959281906
2013-03-29,69.06635601330386,272.7802458985058,555.7401885279271,347.78317291692656,70.19981333778638
2013-04-05,68.49787712516786,277.4646234795243,555.3960094324109,344.1664317762515,69.21028573447744
2013-04-12,68.72259596353246,273.6978064347326,552.5188615145169,347.52319229422346,67.69911342405962
2013-04-19,69.52341926577743,274.90898789867833,554.2647275682702,342.75782875228606,66.73391234628956
2013-04-26,70.22016132367034,274.2542896441495,555.4733876141685,347.45220102184123,66.31559899082225
2013-05-03,67.84533366427038,276.81777684328654,554.1062199157058,346.07895007787425,68.62608739992673
2013-05-10,70.30475219227503,279.74382601595215,557.8413640797701,347.42544443515584,72.21088530564579
2013-05-17,66.80012915444006,277.60009257240375,557.2830445566301,350.23753902560117,70.31736062936757
2013-05-24,71.0321536251119,277.3168119720621,556.7727264044672,348.60414836082384,70.73176239358997
2013-05-31,69.2535154560001,280.38504928452,557.8800343785201,350.134273305636,69.98170818616948
2013-06-07,66.50304076029167,281.10905357307166,558.2719669298218,348.1952625236976,71.27504838745202
2013-06-14,70.61518615214023,281.7919652099027,560.9318474435228,348.69458859823175,71.14022031671081
2013-06-21,72.2892476841334,281.0272121178341,560.6658363702347,350.8835809142129,69.88327843372929
2013-06-28,70.84879610046737,281.8195723876954,562.2374119563052,353.3044312914801,67.7704188634558
2013-07-05,69.23081548720636,281.8159633054521,563.637628783114,355.64810688210883,71.7961658253982
2013-07-12,69.46446001448481,280.41450932744095,569.8683233038604,352.3188064296916,70.89349701413578
2013-07-19,75.96541064471201,284.7301968087588,564.3776768189049,352.49827593363824,70.27334600475542
2013-07-26,71.83271491616111,281.5420557495166,564.3912437299999,354.5457562395336,70.16601493048266
2013-08-02,71.14017594407773,282.287136905931,565.4254261961576,353.0368857083149,68.1005666473419
2013-08-09,73.23570189761237,285.85969663747534,564.5112098740452,355.63181736823566,71.07263078001573
2013-08-16,70.32099934321516,284.0123349129953,567.5264859505719,355.9620657659279,71.09791152950974
2013-08-23,74.03557360180922,285.1950676749888,569.6297253361555,357.41718850924525,71.04641438874766
2013-08-30,74.79405260266023,283.24161487501897,568.1284869879265,355.7475900670779,69.72417154794314
2013-09-06,69.87340685296996,282.0358467711523,569.5896732423505,357.52642617044404,69.07251758739514
2013-09-13,70.66452566240983,288.65133741939513,568.7803433555767,355.3587942148191,72.37436671996427
2013-09-20,72.08096160303961,284.73920488783136,571.5552953261747,363.3618162128372,73.7413550536856
2013-09-27,68.53031756280355,284.3754029341415,572.1484923048453,356.68625889959196,73.36743031326921
2013-10-04,71.70274275455137,286.125968626874,576.313520540613,360.6517092824269,69.10646911147235
2013-10-11,71.93012058477231,286.63792616027024,574.8114772956225,360.2809301962825,74.65699314097947
2013-10-18,73.93816563246402,292.35629333505136,577.1811442710582,357.8220909310017,76.5318323033692
2013-10-25,71.9103171817304,286.4524656772321,580.3726012021916,359.976484047791,73.35024509108203
2013-11-01,71.15108356143423,287.236453505616,575.4093388394928,363.9961499852408,70.13462332896536
2013-11-08,75.19548759604386,287.4023899961599,577.7767815278008,357.49349680493435,73.99193629050693
2013-11-15,73.28254493825841,287.40994743403064,577.9820618014612,362.3616335009737,69.50069612778047
2013-11-22,72.54405740606968,293.01369520466517,579.8364848952044,362.58118648287746,72.71879959648994
2013-11-29,72.22605007387901,292.26009246195287,581.9166688052788,361.0752162813987,74.0204574630228
2013-12-06,72.16085690558121,288.2599763436311,578.0217211821462,363.7021891161231,71.8778088484359
2013-12-13,72.77189141982284,292.1424188915615,579.0976198130909,362.9437334270111,72.58375419054315
2013-12-20,73.04351024921006,293.3299351317912,583.6766720120928,361.5043959154636,72.12605847980366
2013-12-27,72.97535600794808,291.1230711780172,585.5735982501194,365.37833251165745,78.11885827122427
2014-01-03,73.77124270423488,291.5154635697083,583.2424876400207,362.2798895317495,71.70190024484441
2014-01-10,73.53316003038685,290.521114243433,585.5990565328702,366.32354986804825,74.22685969972122
2014-01-17,76.89142767191258,291.16438548921826,582.4701069534689,364.13637613518216,72.89210857278177
2014-01-24,71.13190395282187,293.3802325624862,585.694035067249,364.1083750406841,74.62199926533967
2014-01-31,76.73657705556127,296.44583729050544,589.474522545813,366.1920605342893,74.55719357201046
2014-02-07,73.74536579634344,293.9174570133913,587.4515625586869,370.284842511219,76.00316202127799
2014-02-14,74.59443551176643,297.5424379321976,584.6995562965891,363.7215436357562,73.32152030065019
2014-02-21,71.66334607480299,295.24203628690583,590.5172549315107,370.7831100010211,71.15420291844458
2014-02-28,72.07819494909504,296.8992022886253,592.133400930241,369.0810916641394,69.44353477058937
2014-03-07,77.09358542441565,296.9593572612657,590.1305686870204,372.2532863919052,77.2784085587095
2014-03-14,75.76969561878987,294.2534442557634,589.1946922817093,370.6038366955914,74.83830949009541
2014-03-21,76.11110933121813,295.14239962144956,586.9587945144378,366.7423666960732,75.0522524134547
2014-03-28,75.19833454170411,295.3301555559576,595.24603436591,372.5494910854702,70.92579606687343
2014-04-04,71.37318512886144,299.0570362046324,593.0036775265045,370.57112262739935,73.15133599944404
2014-04-11,75.87772972703178,293.18376295985803,594.9605617451083,368.5195907848909,73.19593147404034
2014-04-18,75.42090869783499,298.3244019676309,597.6890251511513,378.4928654136634,76.8482485874637
2014-04-25,78.60602666937469,297.0068883632265,598.1224080247416,372.98123706402555,70.99474324204078
2014-05-02,72.45262020916414,300.03781723252996,598.5540723044621,372.87134372708226,76.71138342360736
2014-05-09,75.5151361794806,299.6960117231848,595.8723906334689,373.99240348726636,72.25302704900524
2014-05-16,75.69631411435354,298.6679984367465,602.7949435746816,376.6183382807965,71.18484217922094
2014-05-23,72.64313181527433,299.31983405378423,598.8379009815275,375.5531395163085,80.63881613551355
2014-05-30,75.90556226092562,300.3299887861992,601.2969360347404,375.8290268983657,76.28450654129733
2014-06-06,77.5767141378779,299.40724995614596,604.6139950269805,375.72314085311234,75.6949522790993
2014-06-13,74.83279694485637,301.82810083668727,604.3364054103998,376.7731874884796,75.50399338857727
2014-06-20,74.21699773714712,301.3430756868056,608.0686115124844,377.5033702180581,78.38762405759606
2014-06-27,74.25320527487985,304.39235979962996,602.2399137926798,378.81297421864156,75.34740194322205
2014-07-04,75.44062957243769,302.74760362716455,609.2948726065343,383.9917388505191,77.09795244247847
2014-07-11,76.61680104562784,305.31130368013476,604.5717172228879,380.0006176334979,78.39758529997198
2014-07-18,75.39998598555256,303.1548217077927,605.2713174330917,378.8525034306041,72.6008980947741
2014-07-25,76.96863674033494,306.0964019330946,605.7052467962548,376.74484635380816,72.14765339929515
2014-08-01,78.61656206083192,301.37842676542704,608.6854996320134,376.3904177988634,79.23269075479128
2014-08-08,75.57296659322512,304.1448788033433,609.5107524274131,378.7924215563957,76.58686944702335
2014-08-15,71.65402718817602,304.9116819550777,613.4034781163137,382.34624107041924,79.70410699645848
2014-08-22,74.20672582975747,302.4898884489054,609.7554278749543,381.9286893732446,75.18252659163346
2014-08-29,76.30382044821503,308.4026536063757,610.3912518880903,379.4859987937808,74.25916956324683
2014-09-05,79.56780776979689,304.79066734421775,611.9605862976362,384.7130210572093,76.11893573805607
2014-09-12,78.91871682520107,307.13961737412086,609.2764499936156,383.3552661796685,77.3999813168794
2014-09-19,77.2851706963293,307.5741734529388,613.8117518040644,379.8063204432896,75.73724381198626
2014-09-26,75.73420176228962,304.96822811451347,615.3299503532128,381.86747980264715,76.2868859834742
2014-10-03,79.79639382321639,308.01843596002715,617.3536065493063,383.57234626295406,75.71349289720054
2014-10-10,73.76496432557865,308.54566840233315,616.939269823934,384.1223436746793,80.79323226558365
2014-10-17,77.5398981787231,307.1771640597687,613.3248286130845,383.95973920603166,77.22414763578843
2014-10-24,77.62412571203107,311.3522183123648,617.5382766218809,385.74117016569903,80.68668584996765
2014-10-31,75.45693348205337,310.55325094865236,618.5711368087502,385.39756259211316,79.89115310658204
2014-11-07,73.93877954519124,312.690155872422,618.7867464565858,387.7992564508997,75.28959030577094
2014-11-14,80.35538723033098,311.23919307698367,619.1539682465335,382.96205692334496,75.34428280733685
2014-11-21,75.7882379536135,314.9837506736398,618.5743395693147,387.5806258828826,77.2818805646279
2014-11-28,76.63045538753684,306.9638366395712,622.135811632302,391.8756968132696,74.51970184242016
2014-12-05,78.8118783368098,313.17377560361734,625.4121607716407,388.77530551397626,77.50988135946942
2014-12-12,76.31128994140875,311.20380860494,620.5311430651756,388.5333711525035,73.32477140409054
2014-12-19,78.54966002049866,312.47659492433945,618.6916699486502,391.02441574613897,78.33647068109029
2014-12-26,76.45197184604488,311.13763021673424,625.7055382898277,388.9072694319101,80.56092792877726
