,trend_seasonal_0,trend_seasonal_1,trend_seasonal_2,trend_seasonal_3,trend_seasonal_4
2000-01-07,-0.6173267841820831,-0.3568230473607709,1.582777343991438,-0.6307669461331241,-0.4576439176380697
2000-01-14,28.667160545301932,39.03863483485223,98.47842728161841,101.78513368949103,125.84727588419892
2000-01-21,54.51552061646406,76.72384779944198,124.84510738478336,129.48101464006604,136.3336948336089
2000-01-28,82.06656366668805,107.53317038429594,57.64661547058061,60.41790133736295,22.985648021279147
2000-02-04,100.66547139321584,128.8717797313757,-51.79958420059509,-59.26826381742874,-109.76409313940461
2000-02-11,120.73363288721943,138.34338001027643,-118.17007228601705,-127.20713978690065,-138.67995447620643
2000-02-18,135.6387471286667,134.99922607371246,-93.43631947539474,-99.69061656931218,-37.4736372822941
2000-02-25,142.62809906465856,122.31421566243282,7.312724824644897,1.9470758404530883,102.82154491101593
2000-03-03,143.92082748457844,99.04195485709717,105.03768957395097,112.3527598731433,152.45545400201465
2000-03-10,142.6765536342889,66.13900105861882,131.37005135968292,129.25896520552365,67.53916232702619
2000-03-17,134.05925661854852,28.390363713105813,61.821390007609025,60.76323158250461,-73.4582773459004
2000-03-24,121.31004330365336,-10.710630687047825,-48.34041532792963,-59.79600130537628,-140.37434107507386
2000-03-31,103.20860962671215,-51.21890845360755,-109.97777085039732,-126.20029928265151,-69.88637014357907
2000-04-07,82.58502672346573,-83.15039889833434,-84.57959372908446,-99.44208357594833,70.91577988474712
2000-04-14,57.20473042378666,-105.29990702541106,15.880989079807335,8.128881160481054,158.09982358114482
2000-04-21,34.10622885375959,-119.5585158768944,112.94721595008953,114.01204465997932,108.89883893984339
2000-04-28,6.489397572554829,-121.01015328151716,139.9550976999382,132.14734389924126,-31.390433018200326
2000-05-05,-21.54260822513758,-111.84868366899403,59.26604875610559,53.976163780274526,-132.1483121546922
2000-05-12,-44.61373947166565,-90.2032308509034,-41.88596140193695,-54.11038182057936,-99.55302998020385
2000-05-19,-67.8661322302047,-57.929776709416046,-107.34049152351861,-124.64946894568915,36.67596828652506
2000-05-26,-86.90580559084731,-22.66086705994484,-76.12556877857463,-94.25725520455305,150.71558121485572
2000-06-02,-101.44505422900505,18.70294791363458,29.58819827708091,11.572935979053305,139.463919942894
2000-06-09,-112.14069125481008,58.6591370172309,121.60325822569239,116.59985668083002,13.175314244880195
2000-06-16,-117.45191479987265,98.0917657856945,141.3884504519025,135.3072601908769,-108.8462023523906
2000-06-23,-116.17015687743773,126.99777667673156,67.34650116615686,56.25968036590083,-118.73411322822761
2000-06-30,-110.7107315901537,145.41530398039515,-39.18662297209405,-54.36354312383125,-1.8588957307557408
2000-07-07,-99.14214214189712,154.13453824950747,-102.12804320114736,-120.24736336139351,131.89582611120034
2000-07-14,-83.0184823315346,151.52309485756103,-67.93970546572923,-84.83228762647309,160.77322805583003
2000-07-21,-62.3479548793774,138.3293625226425,37.28911368418319,18.84823138668836,59.32695736108938
2000-07-28,-36.486726636244235,111.07249771983545,131.6139113347684,119.58526768903752,-79.67189916066448
2000-08-04,-13.400846239968168,79.23743401011183,151.17563117255878,137.28822727244588,-126.41937228795547
2000-08-11,18.322870921379838,41.73109668729491,75.16507759526186,58.336415460817264,-38.080575471096296
2000-08-18,42.96620151026441,0.8209641135637753,-36.54949535045486,-60.66269958321882,103.82039205775014
2000-08-25,72.42688302879448,-34.573700616278884,-95.84542332798746,-118.07811305419622,174.43236509614684
2000-09-01,97.16539322384355,-68.19074269709859,-59.84657688064228,-89.9472945916991,102.12759132660798
2000-09-08,121.738882377851,-89.35168119883102,41.39906767091038,21.17008880450637,-37.914363795156696
2000-09-15,143.2620611957111,-104.50404748171438,138.85724445816447,122.67295916141981,-121.96193197072886
2000-09-22,157.5688336623979,-103.55826137817715,152.32780387633107,134.1448006957949,-68.37809840307331
2000-09-29,167.47743287843696,-92.13836231827315,80.88016095510132,55.07546913507867,70.18016145163548
2000-10-06,172.14803732293947,-72.44274613256101,-33.68703009919515,-59.229552002023496,169.99545438662003
2000-10-13,172.86174833708478,-40.53995041243489,-91.76057924289341,-118.78821460647251,138.37864784143605
2000-10-20,166.17896421364992,-2.843176861568047,-53.16774909872849,-84.01150206518125,4.552197660415224
2000-10-27,155.3414818921288,38.40065184667553,51.25945766435321,24.893455850076577,-107.97706714526424
2000-11-03,138.7000242247205,79.50519346502405,140.46999010727689,127.86721144207317,-95.44567139010886
2000-11-10,120.78339083819358,114.62973409990859,158.06612362862782,144.14275582117264,32.966922195126934
2000-11-17,96.96249311224261,143.97797357495273,86.41655434255293,58.780591927756745,158.08818927111207
2000-11-24,73.49731091866613,165.45381493089502,-24.667941008776054,-61.09055950417759,165.95472829954377
2000-12-01,47.46339809647935,171.27527592771239,-85.38791965122579,-117.2920090882684,51.67063968701241
2000-12-08,19.01650661641432,169.63037182561206,-43.924869508525305,-83.54461538184952,-80.90526590518353
2000-12-15,-6.083644023167061,154.62010089875406,58.07270083454631,29.57142894708467,-108.54188027295888
2000-12-22,-30.067110419549934,126.87814542528072,155.24949260432487,130.2148847037497,-5.329056553231375
2000-12-29,-51.04608040174101,94.10162226766107,168.61414539086738,139.8184828488457,137.37678776406585
2001-01-05,-67.20037439243316,56.03499128426168,87.12670373901332,53.233382160850155,182.4945678181084
2001-01-12,-78.98759146138723,17.71438573261725,-20.548175545519328,-56.32066955664034,96.67869794534272
2001-01-19,-87.30839684846543,-21.525301312304308,-78.26387923774345,-115.41515229193193,-43.87954054447538
2001-01-26,-88.79813605602342,-52.17690420371622,-38.96583068287087,-75.47904824868685,-110.2328907143224
2001-02-02,-85.1477153206111,-74.99412976308435,66.36047415105843,32.8325584614757,-38.360904533822364
2001-02-09,-75.25082703485887,-87.08436471258801,162.0548602488937,132.6093910230366,105.65884038147922
2001-02-16,-62.185083174756315,-87.07705714536186,173.89798988512115,143.07897953420263,187.03317238486864
2001-02-23,-42.636978417322744,-77.84493275327016,93.93684556850747,57.865449274239595,137.12172778162295
2001-03-02,-19.235061092153074,-54.39753145805069,-15.70245516344228,-55.421250458173006,-3.5539393761198426
2001-03-09,5.291061318543321,-19.82865261577559,-71.91326120490444,-112.58765940299214,-100.22728852110212
2001-03-16,32.61171400875199,17.413761661254604,-33.6147183926354,-69.7952702430695,-65.83310814047175
2001-03-23,63.00211418214861,57.01496563976482,76.51653489328382,42.32938584494313,68.34812149864266
2001-03-30,90.00604901225829,97.68731132092863,166.738357570155,135.99288586724032,182.62372391457285
2001-04-06,116.35473272332936,133.30242876394442,175.6324252029533,142.6227085567421,168.6116150498081
2001-04-13,140.36953604334047,162.21824053518054,96.28434040313482,56.8183635500786,43.76044076182873
2001-04-20,163.2108371016182,181.9978333411917,-15.193492236162236,-55.66873297781253,-80.2746243095124
2001-04-27,177.65284135318834,189.40588059674405,-65.18466334362171,-113.6683424822464,-86.73663153279126
2001-05-04,192.48122613601856,186.77442712393344,-20.248849039200174,-67.84158322054627,32.44149550228259
2001-05-11,199.75341308273792,169.02964418797808,84.25603367884571,43.55120349339343,166.7310576952077
2001-05-18,201.1615493055157,141.94956110602743,177.64611476297685,140.7951971754821,191.1392831084761
2001-05-25,198.94614054472868,107.98973534006933,182.3256288571422,143.62068917049214,87.16195738296015
2001-06-01,188.17268226229498,71.34589287787244,100.53314508367154,57.12467533245547,-48.04287470278902
2001-06-08,176.4854960941526,31.272243046225476,-9.214703638625934,-53.560847308357395,-95.5451731543923
2001-06-15,156.32396228266128,-6.351579472791542,-58.740919606750865,-108.78679346534469,-4.9249181354606435
2001-06-22,136.63786173959642,-36.80778454412958,-14.061435366972674,-62.52445189098616,137.7938156032338
2001-06-29,109.6096992771975,-61.005633855435015,92.68726334871872,45.98817235208297,203.1373117325822
2001-07-06,85.28347527130131,-70.96210596569432,183.68727225350716,143.57745862446245,132.14332297472768
2001-07-13,57.11373748256473,-71.23838863492672,190.23705287483693,145.3176697340428,-11.75919707617637
2001-07-20,32.22843690763108,-59.03969877285732,102.08582739890704,55.807950768664334,-92.61588527141126
2001-07-27,7.5284046835040925,-34.33703834440395,-0.3075068532341021,-56.653170246716414,-36.38131533311692
2001-08-03,-14.23977176616512,-0.20061098513126296,-53.85879049895097,-108.28501014251458,103.07047699484193
2001-08-10,-33.25516384019025,33.714398027922115,-4.928850052306132,-59.557381809726536,203.25434535973505
2001-08-17,-45.63223438044088,77.47763134447163,100.8635006844651,54.61983583917678,168.05368078571473
2001-08-24,-57.359478368959685,115.20296536486052,184.45718443460814,142.73219575754368,32.39744494590397
2001-08-31,-61.38303238968838,150.91134425022562,195.4260379160198,147.3645783942224,-77.07229821541429
2001-09-07,-58.145820782119785,181.00477638012677,104.9172094548504,56.54584170217454,-61.39867037125734
2001-09-14,-50.86540857545826,199.2411819941466,-0.9428529773245344,-55.96031936107616,64.10920885903883
2001-09-21,-38.88890553996096,206.7240176148161,-47.83521407361191,-105.04478369350339,190.46897186661832
2001-09-28,-23.76958366996253,201.81141917028788,-0.8936705698002214,-57.5759418289048,195.3995146853044
2001-10-05,-0.4058057403256754,184.79297178026133,107.58074419009117,54.756728772725154,79.06872637345946
2001-10-12,24.37966984779832,156.4999699050672,195.06475415481503,147.79308115257462,-50.86132485258494
2001-10-19,51.07366208626574,124.78245583173097,198.34481279314298,149.06652030241256,-76.7624640641739
2001-10-26,78.38345780641451,83.78230822534579,114.26268786777224,56.27468411124036,28.322094956030476
2001-11-02,104.78202648856076,45.640357456418826,4.960245987834554,-52.032189482708546,170.14928360480712
2001-11-09,134.1044070827835,7.276219369913534,-43.87138662114572,-107.43318014644933,215.60618662689896
2001-11-16,159.66505445567438,-20.975761870246927,10.115432015331606,-55.11517143783767,123.35173541839222
2001-11-23,182.06254402293263,-43.575020005417116,119.13118429815357,60.92705025559464,-16.492385417419953
2001-11-30,201.96080945634992,-53.06965496624055,205.72492543312939,151.7232675273951,-78.57390896532378
2001-12-07,216.70209616158783,-54.5974536035169,202.13631785454865,148.8338822943516,-5.528191492730443
2001-12-14,224.62340760856426,-41.13891703267991,117.70089215723448,61.917086167596324,137.00055972424437
2001-12-21,231.077563255515,-16.4706768883091,13.379587979725756,-53.25489956715051,220.37504627247912
2001-12-28,226.94842495975348,15.28314450526456,-32.214139609180606,-100.14266718757432,163.4725317264232
2002-01-04,221.88969002164396,54.9960407616413,13.688815590951947,-47.47834287403674,24.225932860845262
2002-01-11,209.75713088439028,96.41912633123576,122.98439121114754,62.37296128644165,-70.39732621183998
2002-01-18,192.54870787749132,135.2640680734287,213.67924638940207,152.40599401327998,-35.852389948603985
2002-01-25,171.90164032821917,171.8092387801542,206.5449735317673,148.1842645853333,101.99573876785034
2002-02-01,151.22023380690075,196.64075447222018,121.48477318686406,58.96615332544458,213.31529629198434
2002-02-08,125.84957935482592,217.47360136631022,12.899481698110037,-52.56120187579292,197.82688932099663
2002-02-15,97.49663640138775,222.9525087905158,-24.916934328062922,-100.75460443039245,69.3326295765043
2002-02-22,72.01586340940693,217.19590802367102,24.95610372952288,-45.052011266371316,-52.68507675301606
2002-03-01,46.910944874657815,198.4405906636577,134.44161287836005,71.6343083739051,-55.68906299986722
2002-03-08,22.215100283210205,173.0228405791076,219.7104501270431,155.69101007811224,64.98635014468016
2002-03-15,1.99843375106677,139.5923067116677,213.07224809396342,151.08759911327348,196.1795953145897
2002-03-22,-13.422644540495014,98.07299122919157,124.78929458901831,60.996157266638676,221.48080789559245
2002-03-29,-25.49708147680036,59.33091054398552,20.322086232314845,-53.47207212550865,115.63322237280258
2002-04-05,-31.221671702036957,24.478215586921365,-18.048956606350572,-92.99015353523734,-20.687072164648697
2002-04-12,-31.129317464273768,-7.1809283864819236,36.62332770363906,-39.666919210157616,-65.70132047454221
2002-04-19,-26.22997973194545,-27.013482031452483,143.61633045885372,77.36970368139362,28.981736613699475
2002-04-26,-16.6329403261754,-38.99358692433702,224.42947962670416,158.24750821018807,171.736309340172
2002-05-03,-2.5762011691332702,-36.7979743368829,219.6735853394656,155.13263375792965,233.47964155450993
2002-05-10,17.75490619275709,-21.481360338310793,132.16504431297835,54.374376760675304,161.46411018158332
2002-05-17,41.24794224213659,0.9082618543388605,21.01063222504689,-55.86862994642081,15.92917078067363
2002-05-24,66.38701995097844,35.23789557438693,-20.158929159298665,-96.4370225702314,-62.1573375539386
2002-05-31,92.79558930340244,73.2289024441786,39.875610881042206,-32.30267207653273,-3.4771302441703824
2002-06-07,121.20271110395181,113.30647075882086,150.58631488780492,75.81385887468713,136.83401516750945
2002-06-14,151.73835050163672,153.80631240829803,232.6016331371644,165.66183170177374,234.04305297046596
2002-06-21,179.64164748462287,190.4876941898175,224.38041142410026,152.32542891116148,197.45062736709713
2002-06-28,200.3920029774655,216.77271535454406,132.6283633897123,57.51345046156081,61.569379817244396
2002-07-05,222.01336534012302,234.94699141973535,26.491352903021934,-55.98000725228644,-48.70313261369094
2002-07-12,238.50699137238965,238.95690771516453,-5.016410449401249,-93.56203440328122,-29.382566919605935
2002-07-19,250.34177094135657,233.54358558416556,48.38348706660999,-32.703735486435384,99.449619389271
2002-07-26,255.67761034021413,215.2983442638473,157.16802257722733,86.18726248019834,220.92686542302522
2002-08-02,256.20468829826723,188.57722800973863,237.9028354756959,164.55373054224677,225.96106496070013
2002-08-09,253.35168985381335,152.0342238542088,228.9109793161378,156.66334554664203,106.58845782189444
2002-08-16,244.07162903648333,115.05140695154638,135.9343071920489,57.48243647796281,-21.774752819496314
2002-08-23,230.2609972429538,74.84035261974705,32.58441981236487,-51.37498909456922,-44.96800510947372
2002-08-30,209.8105911735908,41.378507631258074,-0.7683975756571755,-89.89893032270089,61.81363586548494
2002-09-06,188.45470068473054,8.841127313353567,56.338911450705,-27.45024922118934,200.46854729013057
2002-09-13,163.04908403914473,-12.065442067340086,172.00576665183402,86.40566620395379,242.06591558311163
2002-09-20,135.9218303216044,-21.94832433365505,247.8978434781618,165.9163797924029,152.1934768235011
2002-09-27,110.68122347554737,-19.256541090721967,234.63395867738285,154.9217400341419,11.399605379136204
2002-10-04,85.12951501554593,-3.970415720871074,140.68681415899567,57.30926963111797,-48.048707639642956
2002-10-11,61.014385131430515,19.795789739577984,37.56976395577861,-52.6160552926802,26.54389726010902
2002-10-18,39.824462043705964,53.67569553651304,2.539690125053596,-87.55272751694054,171.49871724634014
2002-10-25,22.222355771516263,93.02459376219156,64.97339826470206,-24.879744263992542,252.1728239767386
2002-11-01,6.931438040737589,133.04318895903276,175.60833933278985,89.17755963559011,193.21082790787528
2002-11-08,-1.0758059587162734,172.66175718674785,251.36602961916213,165.28906517242382,54.657682661362905
2002-11-15,-3.7251107807513506,209.02682430815253,237.403696847478,157.41318034022424,-41.341669523667505
2002-11-22,-2.756654657825578,233.75265259142145,147.77867812278848,54.8962571992398,-1.1465401378279978
2002-11-29,7.085328839596713,249.01824098684025,45.742322462143264,-52.24144322186411,136.9709683054787
2002-12-06,18.20755508581398,257.09426524756896,11.154879330191903,-88.16680191008749,245.58652619018312
2002-12-13,36.48842713929079,248.47927858498264,75.32161766782608,-17.270349543547923,227.64987682105163
2002-12-20,59.45257695115053,230.29177791987016,181.25585294648332,95.53549335005357,98.84380404177062
2002-12-27,84.43877277097508,203.34132043203198,259.456586617231,172.93378848741787,-20.60120909726959
2003-01-03,111.72623775977428,168.17242273493122,243.7827195103757,154.56966519123912,-20.342837067903332
2003-01-10,139.8078968996537,129.1253937082988,150.1700201677245,59.13605357461128,99.34760443906941
2003-01-17,166.74617978495723,91.43665874520079,45.188342948803665,-52.305488790206894,228.2291673392452
2003-01-24,195.38569625166866,52.24106685577934,15.664764045345038,-81.26213458698528,250.01421473616165
2003-01-31,220.4725450683418,24.63180774508858,82.10864717507562,-19.19633819432366,144.24448134316506
2003-02-07,241.62927593733696,5.067461124431375,189.62998369278463,98.29330081775616,7.128512157433576
2003-02-14,261.2337397092273,-6.402063934366964,267.0485119251942,176.40947494265134,-31.091646206530513
2003-02-21,273.91278543022406,-1.3095746038627283,246.30741033721452,154.91843094832285,61.408905711245076
2003-02-28,282.69946458008894,12.05221907255816,154.94443743213841,58.34193423409657,202.5915644265987
2003-03-07,283.67981071218765,40.17699451133845,52.23365817050363,-50.317971131193914,263.92812186515766
2003-03-14,283.59531382694377,72.32398507803916,23.551359738223326,-81.07806670091333,189.91161434911913
2003-03-21,276.7223024985366,111.17870676073866,90.82392859299462,-14.207598919625624,48.72207574417452
2003-03-28,263.83052613307404,153.36753921703334,202.21956193002342,103.73285354261549,-30.683923684237058
2003-04-04,245.60892279354726,191.4907031479914,271.8886867901506,175.87305046858353,29.229727043525386
2003-04-11,224.03662615184635,224.98598964341528,260.46434219191167,157.12996794756947,170.32238821425995
2003-04-18,202.81532594701142,252.55290909467897,156.1988789271822,52.9018869699008,264.42146150117975
2003-04-25,175.64911450874283,268.32330243305364,61.932618323909196,-48.67374890250085,225.7217896178741
2003-05-02,150.20948572433065,272.6489562383168,29.49989872036744,-74.70890011598402,89.31921770667569
2003-05-09,123.9910953531261,264.58445267268064,99.72751792508313,-9.088058207412232,-18.934315530779372
2003-05-16,96.75559964486825,248.244217043123,211.57341886785176,106.74051004802465,4.520945272630527
2003-05-23,75.6281533361045,218.46894166631108,279.6178667366252,181.8449000118574,135.2806860564434
2003-05-30,58.06740114654099,181.39934744680983,262.4456115353327,159.21218973753105,253.70265979145643
2003-06-06,42.56706247987269,141.96117847084932,164.67806662194974,54.92370202388398,256.2204564828817
2003-06-13,32.465710613165555,104.15784572635728,64.59820895641099,-46.14045500254922,136.95611930053465
2003-06-20,25.43280047600041,69.55256978432776,42.27718559909843,-75.73022416436197,6.757879589166421
2003-06-27,25.706348408699114,37.080328106261234,110.0955434713026,-2.214105761121452,-13.453087527859992
2003-07-04,29.918932312077004,19.599753722374956,220.8687553801605,109.43170432468386,95.4117542340691
2003-07-11,42.66170927852522,12.106019580072598,283.3029564968472,181.71682457652756,232.6566816302422
2003-07-18,57.02701991828023,16.503556302047684,270.33462334677984,161.97515762195422,273.4908455734484
2003-07-25,76.97444836863006,30.545334463035502,167.84180157589944,55.36399601409947,182.18721407157577
2003-08-01,101.1561623208834,55.26934731893702,68.61893502831145,-46.54082159674278,40.0559839746643
2003-08-08,126.82439374128126,91.50079105968464,41.50001533541594,-72.02179565708758,-19.504865836633257
2003-08-15,154.27104604948062,131.40577214048477,116.05443272418275,-2.221478687785641,61.38818640316323
2003-08-22,184.7478324087912,171.29730418907175,224.71276570807453,113.46884887911104,204.36692885254132
2003-08-29,211.6630673565841,210.68574910568634,295.1278278347751,189.79217643387213,281.4614259154474
2003-09-05,239.73501345074277,243.79013856780477,273.688364845845,158.29494352618426,222.6643181560095
2003-09-12,260.7430137815347,272.5082988878421,171.3174673877086,56.249333143956044,82.2739874786106
2003-09-19,281.2509425206499,286.5666130862224,72.51840273152722,-48.453251588689795,-10.600344955302603
2003-09-26,297.2094201760173,289.36170562230376,54.30059230206945,-70.50901374440345,31.549227647207942
2003-10-03,309.4023615208407,279.77507253067563,122.02232571626668,0.43491251171794687,169.32049971796084
2003-10-10,313.33041362071083,262.01637247818996,232.52083086145757,121.17355811507386,275.57570646296745
2003-10-17,314.16063460297516,233.2458797444746,298.0248210049243,189.60380294503216,256.082701130406
2003-10-24,308.32861104945175,195.72749917916207,277.5917739138003,163.75191747936722,126.46101649535106
2003-10-31,296.22489263884495,158.43279697496135,173.54281755184556,58.770124275842534,6.714114628898528
2003-11-07,282.34183710433337,118.99593999795627,76.82695129481435,-45.41485931119449,9.660586463595934
2003-11-14,261.3330747977166,83.27385320738881,58.83431521387246,-67.0111823331018,132.07514369671244
2003-11-21,239.30040379836058,54.92656868065703,129.55381672974227,5.511413951154481,260.5156520387622
2003-11-28,216.2698503731335,36.18149268484703,242.12670765155676,125.05095462973,280.61848219792125
2003-12-05,188.02449312909036,28.41141168919893,309.1352121085512,193.58979116559783,172.6884192076756
2003-12-12,163.04328280138364,32.87191680084953,278.02021208411463,158.6336886205401,36.13947738107204
2003-12-19,136.92545277598015,50.2811998331987,179.81556780875442,56.68024544655267,-1.0131670989483155
2003-12-26,113.52783513283322,75.87485907116678,80.43822302274366,-44.118392803890686,93.78364629290473
2004-01-02,91.67493427975128,110.53022578547751,63.41645065488321,-65.33328271753054,235.7970513990503
2004-01-09,74.37679385633307,150.55124245134715,138.18987241814062,9.725542981896432,294.2956314392736
2004-01-16,64.93422881023474,190.73187150044166,250.4400287049208,125.64983429190217,215.32550943997134
2004-01-23,55.06974882960151,230.557893133944,312.5265728343802,195.08918408743529,73.7770746412267
2004-01-30,53.313408119171385,261.69146455636997,284.17883943468894,160.16809252207594,1.5192554485748815
2004-02-06,56.84348675573818,288.3914321346818,181.42059242247018,56.533730065565294,62.52376145558476
2004-02-13,66.01629648201128,303.3289872003771,88.53236416710635,-46.22908345931873,205.5956627774088
2004-02-20,78.29878059146601,306.4095163743866,74.52915163800994,-64.86866847772257,297.2099401304617
2004-02-27,96.38452016026223,296.38384136790125,144.51995033067047,17.93945107675669,255.2905412649148
2004-03-05,119.24634560625145,276.4539088305097,258.4925370801894,130.74786617535057,119.33140448524658
2004-03-12,146.54088529102387,249.12003955038722,320.0173907667246,195.69067104775021,11.95803775409189
2004-03-19,171.86599313166354,212.73999884291828,289.71101919455117,160.96991341522613,36.528307442993025
2004-03-26,199.15748457730655,173.08402536016163,189.027219082386,53.29927287984199,165.7983560658758
2004-04-02,228.67573683855917,134.6043003301744,94.30341548676697,-43.063129014507226,285.36754019043667
2004-04-09,256.8707736470009,99.17792848389873,77.58570110730915,-58.53601234292536,285.1604546186062
2004-04-16,279.11867527835295,69.04148535262118,157.60938619887904,14.747339639456925,164.3127866459997
2004-04-23,300.3813801135956,50.81684365211302,270.38322143589824,136.2596592269519,36.07376537804997
2004-04-30,318.54611530135935,43.95165925211441,328.12079265323194,199.98286763104943,19.07420048733823
2004-05-07,334.848302585609,51.59920258880223,292.4407870589632,161.2297394934444,128.58164642850906
2004-05-14,340.4153860021652,65.86367921305586,193.08618712278715,56.596056099966106,262.9328609716836
2004-05-21,344.72520099791507,94.1380116684983,97.79822208877818,-43.24824265651243,303.7694535062875
2004-05-28,339.6640195178279,128.67404648977455,86.30790895325323,-53.00357678088329,209.81384959105793
2004-06-04,331.87149273400263,166.82055489689,165.0437737661369,21.144723622340315,70.44167560607788
2004-06-11,316.8226121693567,208.96013802558997,274.4832737743978,139.77919580505937,12.287917175829591
2004-06-18,301.6141731968423,249.54345768337308,336.7473150798903,203.73309151526036,95.66130911308714
2004-06-25,276.1333684428877,281.0734074353613,300.23167502082447,164.6667054535227,237.7397693557212
2004-07-02,256.2266234754585,305.0321153446684,195.23206748629676,56.138679125409006,313.7223790331269
2004-07-09,228.46807346989232,319.9123835081018,100.81246758885098,-42.147699210268016,251.0486427757064
2004-07-16,202.60907459242696,323.31561105586707,93.15180064730701,-50.35248982391154,110.04902966665276
2004-07-23,177.186570406468,313.580460141343,171.45463156237003,27.117364708879954,20.411819240256648
2004-07-30,150.98970753138008,292.13190914171923,282.2611086080562,143.48767218818068,65.00193555464725
2004-08-06,128.6157323420947,261.2716190588907,341.18601493318965,199.44081755232924,203.84780273506743
2004-08-13,111.1380185374419,224.8944495773843,301.6777524482171,164.8040195669522,309.72172302013144
2004-08-20,95.65666903146831,187.90966666107693,199.79997544905004,56.117612773123746,287.13289556503065
2004-08-27,86.13518890747832,148.51008110319074,112.23082434370734,-40.81487563390888,154.80758918846732
2004-09-03,82.76341453474271,111.03641203740426,97.25689940410938,-52.962400462396474,37.77551864620497
2004-09-10,81.34511267197391,85.85478875998047,178.55056435247437,33.76712512566178,41.82590942773555
2004-09-17,88.14795148524342,68.01112626582642,290.56213724994063,148.11277007782726,164.078167697251
2004-09-24,102.35165597168012,60.90020198020386,349.1907967537368,204.23584843588728,293.68740942282307
2004-10-01,115.74019133303432,66.37757867338337,308.7933796469737,167.4523202470607,309.87159265024593
2004-10-08,137.81656962102323,87.787209299201,202.2860663059789,57.2232119790454,199.81048710148323
2004-10-15,160.96687376185545,112.53476521653684,112.2137691488305,-38.77977022889516,64.88489829435544
2004-10-22,188.90999135128266,148.14813368477945,108.51519967353693,-50.164850116827566,30.176633882130147
2004-10-29,217.82114722320642,189.0079327071753,184.05501815464817,37.28107699557096,128.69609844040806
2004-11-05,245.07625762148234,229.32031671664316,302.19823977977,150.35349572918088,269.56816670221014
2004-11-12,272.23673642967384,268.4253400101783,352.44194299523565,209.12525664583802,324.9939903650291
2004-11-19,299.8121117473554,300.80250522090677,311.2843466009191,168.22918884912494,245.32419152004894
2004-11-26,322.6709483007259,322.8586467867055,210.81377933271992,53.41608730442099,103.96575136658323
2004-12-03,341.035261508602,337.9313815904906,120.31129758189637,-40.75846348868281,29.862443023625843
2004-12-10,356.25040662241486,340.21813471135766,109.87870395649242,-45.216230003782144,94.25247988388706
2004-12-17,366.8352836746129,328.5922352498869,198.01107195177156,41.55304038977471,237.33028932794988
2004-12-24,372.41679101155967,307.42772383594627,305.1315734152831,154.74693909638864,327.27047677718946
2004-12-31,370.8099852494006,276.268699367071,361.0401755167785,209.56143288605537,283.5941347078947
2005-01-07,365.37659072671966,241.72034225202862,317.8700474766396,162.38138797686383,146.90588904986677
2005-01-14,353.36469630117114,201.8027605843161,214.7987407979567,54.71428364078662,43.91216155044498
2005-01-21,336.8044320925271,162.85494681328495,125.112969745324,-40.012266883228136,68.04892700853728
2005-01-28,317.3316239713391,129.8050599961669,122.6466665010711,-41.93340848184971,199.2581662431791
2005-02-04,294.05962486738804,102.71734270171612,202.41527757450672,44.75858110386098,319.6078627724272
2005-02-11,268.4797941700945,83.4272655575094,315.56450003330366,158.3683779380597,315.5679892289604
2005-02-18,240.34599554834134,78.5296596748567,367.694864581371,212.6266655249243,192.28675726046444
2005-02-25,214.2576830591936,84.42024154992305,323.5802351586494,169.33905408608723,65.53253134187835
2005-03-04,189.81897022928126,102.5356000019328,218.40520567531095,55.553030677170305,48.1307383216444
2005-03-11,166.49553813755625,130.50459646805336,126.08551813948299,-33.530398876108734,162.91437233572682
2005-03-18,144.91221341695342,165.16480099160307,131.54690623799314,-38.97255915327507,298.17317914137186
2005-03-25,130.36633018768867,207.35711216320834,213.83311000530648,47.83685352277693,334.4063547066553
2005-04-01,118.0744648232407,247.18924285701576,326.339536614162,167.17726876865666,240.4136169866644
2005-04-08,108.61280780077743,284.9807294021879,374.81334866124246,216.99633625110835,97.92763719900398
2005-04-15,109.89430959611232,319.4403002798371,328.483167725266,165.63617166880945,44.562854418947495
2005-04-22,113.1233191275497,342.48537765879985,224.35643986939525,57.019433889339396,127.42464302140542
2005-04-29,123.59287953111806,354.6148711826354,138.14857332772573,-37.99634333147593,271.30413529903825
2005-05-06,138.15562374300703,353.7465141587463,132.62857033235355,-32.54140553197837,343.383890010581
2005-05-13,158.24787865392423,346.1615275760528,223.44029115638605,53.037479700824235,278.8947449258034
2005-05-20,181.8590971573173,321.875341678592,330.130166411326,165.88045496121637,138.61160812412277
2005-05-27,204.91579567334324,292.8473179923276,378.19557841344096,215.86940143635564,49.3582127530137
2005-06-03,233.16511768378228,255.32075999542047,332.54844591957055,167.43222626044707,96.60176013310095
2005-06-10,260.054665211375,216.18814730653986,223.69115437000667,54.370995276720095,233.24898989095087
2005-06-17,290.59955346139355,176.6100903846326,142.93994286438263,-35.86955519050413,341.0289361529011
2005-06-24,317.0350023067151,142.87254553568286,145.0391748284937,-35.22340734002536,315.92736525096996
2005-07-01,338.6430337415679,117.59311336932863,231.71098208451687,55.95526424540004,183.37867060926465
2005-07-08,362.62327352351053,101.51042394994954,338.8271444800569,170.64945395537703,66.99587874131583
2005-07-15,379.8020959764533,95.98295886292487,382.70413391519844,220.5389540097929,74.09745851081325
2005-07-22,389.53292586567125,103.78311066939499,338.483199523919,169.95628740715836,197.8019291819187
2005-07-29,399.63495682043936,120.38826921923057,227.1960465024937,53.942415596169,325.21164971287834
2005-08-05,396.6340336383439,149.39231299712645,145.44876812337247,-33.06167522982102,342.4696624767139
2005-08-12,397.0117642403921,186.76629407050743,149.90518408364656,-30.72393353307531,228.7041775907427
2005-08-19,387.18562613808047,226.64801458420982,236.65485088926684,61.19446164429567,95.00671511893525
2005-08-26,372.2628799123497,268.37644791203365,347.97447550241617,177.23352126719004,61.90714461517541
2005-09-02,351.70999693473243,304.48837547355686,389.7831819212915,219.42540795074464,160.49712207462085
2005-09-09,331.75142561146214,337.6551603569013,340.7901656593889,170.83920255629505,300.60780332755206
2005-09-16,307.19950202259406,361.51439498574274,234.08709121911468,56.92193405950269,356.0138942265016
2005-09-23,280.2739582470517,370.4847277416097,150.4884744382449,-30.62645186011241,272.1616272103347
2005-09-30,252.70357972497698,372.8572077687186,155.8293013865835,-29.10823910182718,131.2132399413617
2005-10-07,226.32113454263163,359.63868205016684,245.94482759538468,67.46347961582526,60.26939216261124
2005-10-14,202.93925865182922,339.96225971629923,353.8173253720529,178.09798252223652,127.84374336651828
2005-10-21,180.66848698444784,306.1558294957494,402.4862413721153,225.2118514893114,271.74793059467373
2005-10-28,163.25776415236334,269.9534501383363,345.7016453755932,169.46161719619553,357.4527323060971
2005-11-04,149.86576854564203,229.91519356247377,237.9942347596454,52.4291355456331,312.4922766539483
2005-11-11,141.37411246069215,191.4601497860719,156.33086657433273,-29.444752041059843,175.89805416343847
2005-11-18,137.0692356415655,159.40405632464496,163.67277914976373,-24.66503724366403,70.64303977201405
2005-11-25,138.87318808190142,130.98055906244667,258.4472566834793,73.15775738311527,100.33373311395496
2005-12-02,146.5583624283686,115.91196437860506,361.1209403560009,180.12114363191154,233.58882744712506
2005-12-09,161.41106953904642,111.54246251140654,404.5904000641374,228.10123913949013,350.28177681504576
2005-12-16,178.1110377017975,120.01549154021558,347.575669248718,168.00096028775982,345.7028131938537
2005-12-23,199.33320976476145,139.45938815887592,240.24876960501393,54.73033059007862,222.4248711897185
2005-12-30,224.60781814653785,170.14019454524487,163.04908706073206,-29.150993369636254,94.85631486573914
2006-01-06,251.00872890169188,203.7343688990455,170.7217774388438,-23.57621707060119,80.5897459603834
2006-01-13,277.3016127629806,242.33579227118761,261.7628384360575,78.43163161743078,197.64474738898187
2006-01-20,305.9126937064563,285.54350751836245,366.53327899750036,186.8050640806918,331.15775408271236
2006-01-27,334.52404011743585,322.99321887172005,411.55386806060807,223.68139455371963,364.42796203472267
2006-02-03,360.40473857603456,354.57539165087053,354.40399123527567,165.2923220637945,267.03172423552724
2006-02-10,381.31949217932697,380.03261629565736,245.8382174177909,54.26610819478465,129.13942603330008
2006-02-17,401.9685485101195,388.0409453201247,167.43845917128127,-30.238275927102023,76.32916206983569
2006-02-24,413.6311110169312,388.4011562830948,182.1797137736106,-16.408518578239665,159.79633176909533
2006-03-03,424.1238803895178,376.09915168785176,274.12397863473336,81.0066074660811,302.6579668595095
2006-03-10,427.5695393195343,353.0953053688237,376.96294562249585,188.21814844835902,374.5297745744249
2006-03-17,425.69792958968304,322.93794515445154,417.03379163875564,228.7618184060084,309.17202353628863
2006-03-24,419.65515742519176,283.6145730818756,359.0265684193687,164.47739725086018,165.39469832271612
2006-03-31,407.6072126808374,245.1637102900959,251.51961153029887,54.606333190500756,80.30222962614573
2006-04-07,387.61669013138453,207.5913102039404,174.67314326643776,-26.946056245399348,130.25382078155013
2006-04-14,367.93379289729086,171.8961840097904,184.84291615735913,-17.238405343395783,268.0527741065394
2006-04-21,344.14710216365813,148.47120816712737,283.65448677232405,83.77017210183575,370.11880022938897
2006-04-28,320.43771965374293,131.0546208712722,385.23844527489416,189.33606238138378,344.95498187694943
2006-05-05,292.4951846772466,129.08958230635082,416.7188460576919,232.65069640856066,209.9283313580015
2006-05-12,266.1343045833802,137.55622540023194,362.9983661712908,166.49939774546567,94.29188754645207
2006-05-19,241.72372580456363,157.95852614061874,258.14498143838074,52.23310196109156,107.7403298249697
2006-05-26,220.00770948275778,186.72629778921817,180.81559195277703,-25.611013895740797,232.8273001954174
2006-06-02,197.68308924350723,221.1427779687387,194.55834506048708,-9.370293057488766,360.52655504711066
2006-06-09,183.88917033902524,263.37727458420596,290.9228069601048,88.26253304895532,373.68267999070974
2006-06-16,175.11908258995447,303.740158156892,394.6290671912539,194.75361128334154,258.7337118719189
2006-06-23,166.42966390523222,342.8352878452943,430.8088820656861,231.5128776022067,124.72663999839051
2006-06-30,165.86559304994543,373.36857283100824,369.07263179528013,166.27123292884056,93.67748949896969
2006-07-07,171.21742301825637,394.9042656222495,260.02674575958804,51.47309345263404,195.48648120978132
2006-07-14,181.33824382350042,405.6595515555562,183.65581672544738,-24.333057547981298,334.39231843357015
2006-07-21,198.32205773788354,405.823674646993,204.17800971294616,-7.4241536742176635,386.5767117077708
2006-07-28,218.12769497783603,390.90337966620905,296.9245390889502,90.90258181698725,303.00900830673834
2006-08-04,239.46977474396445,369.6817235029392,404.60183414528626,200.50973084398817,160.8473846700274
2006-08-11,267.91733353518674,336.9329413589327,435.82242489665657,236.3048823130818,92.61072551238883
2006-08-18,295.6509462497184,298.9477565440543,375.53436326465146,171.5676627024939,161.1576207564852
2006-08-25,322.3384904434049,259.76589324506745,264.30455620540573,57.0724507772529,303.57409396612934
2006-09-01,351.66442102843496,221.13395666922287,193.81467467983055,-20.662086271042668,390.6784133743134
2006-09-08,376.3170127185844,187.82796932344064,208.61523342328928,-1.894940592008055,340.8903484462892
2006-09-15,401.6740242475977,164.30972057494654,305.1768112714782,98.28441405699331,202.93925929280476
2006-09-22,420.6237889175946,150.33475769528982,406.6939455875748,208.12619534513652,101.05345927381734
2006-09-29,436.7776695495344,145.3099452519483,439.31702483168374,235.70744560943032,132.0200219759961
2006-10-06,450.9188139940975,154.59193335383623,376.0236251700118,167.1367352687284,266.6803920685828
2006-10-13,455.1135867700848,175.4644361359006,268.8527168681009,50.33024004639711,383.2112332576454
2006-10-20,456.3002284195187,204.8362266567037,192.86138041886272,-20.493824668242738,373.39968437950205
2006-10-27,450.3527304992424,241.66413862386963,219.55856371757108,0.21311931802532058,249.7767793133362
2006-11-03,440.3786658808087,282.43187263257175,315.3791261864077,100.72426110974071,123.69617434283543
2006-11-10,425.6811884273359,322.94043269012127,418.69027797861474,207.36201835338,114.78539653192783
2006-11-17,406.1611887816929,359.30866855049294,447.58577542034897,237.3860910870653,230.12965962383055
2006-11-24,385.01693745998193,392.1679716443098,387.6950082095922,171.266605517147,364.969575304631
2006-12-01,359.06965057147016,412.1044409774092,269.99505898781547,53.07227496573635,394.1634625298979
2006-12-08,335.4758594676314,423.84787249228145,203.12522173151524,-23.31823862231326,294.0868958427497
2006-12-15,304.948838590338,420.5719222322799,223.50795275511092,1.7123684399990822,155.0247462491957
2006-12-22,281.27449027843255,407.5194341205499,324.5776285740821,104.67190637021749,106.28076161066002
2006-12-29,257.4163649237948,384.05040195593494,424.2639485586763,216.77404053424186,195.6142962005717
2007-01-05,235.1821913288175,352.8269888616439,456.250225458132,238.98245880421456,334.55754515612466
2007-01-12,217.30251326911107,314.73460567169786,388.1046798804443,167.3025054294376,405.2087995518548
2007-01-19,205.1365641722907,273.41920468227266,276.4632248773016,54.35644660523837,337.0545077630338
2007-01-26,197.37044750124417,235.71098682523117,207.984713025975,-11.372108958344967,193.98408235559077
2007-02-02,196.05781067422387,206.8706457523449,230.64791979280358,7.602392117685184,110.56912953022098
2007-02-09,197.72297148796227,179.00251629032078,333.2494841759064,111.65381283455818,161.73410299780818
2007-02-16,205.81407809040317,165.3104069481522,431.1213288059319,213.60972276413338,303.06309725197207
2007-02-23,219.84669569621485,161.6283683459958,459.77001540271954,241.84318756668046,402.90223652968575
2007-03-02,236.2920635838816,172.39027482659895,391.11506209812694,169.11866870577632,373.4125993655589
2007-03-09,259.6805742218197,192.9663631175447,281.7276891420796,52.99987542445533,238.24525298688405
2007-03-16,285.62163773971287,222.4424287787955,213.9502911805734,-20.08404542587138,124.4996289920457
2007-03-23,310.9732629467454,258.7837513987051,238.8285964946627,8.196818736337264,138.5439870982289
2007-03-30,339.71389731018377,302.9067346044688,338.1512811592752,114.08687109301897,263.70898478519547
2007-04-06,366.08049292991063,341.97082582646703,441.5853556535873,218.79946773821175,389.2481291875975
2007-04-13,395.4321321833952,380.9328663254938,463.7390332133167,245.20859762198728,398.58559355786224
2007-04-20,421.21948142457063,409.83465315786,392.26120866664576,168.70999926146123,285.04274715836385
2007-04-27,441.0655278476288,431.2216437963751,283.2516675016247,54.34276450928767,153.17929755579016
2007-05-04,458.97045725385425,440.85442020373506,218.48116647070572,-19.770029384495857,125.80550699076625
2007-05-11,473.01686570734387,439.13052444785023,245.89932277405947,10.701940362270307,227.076512367143
2007-05-18,479.9793192530515,424.42596132185025,348.39225303930664,117.7642786102014,368.92450909564883
2007-05-25,483.4834510967602,398.99071413218934,447.09842350324385,221.89647001102844,416.36076480628446
2007-06-01,480.2360439728652,366.1758517400751,471.01285029367193,246.99567259854916,330.1173873277833
2007-06-08,475.78077170931795,328.8665161977408,403.2345635732505,168.3817878412567,187.69077628064016
2007-06-15,460.43370666723564,289.2111262144891,290.58080104819294,54.87423609068688,122.63147635190666
2007-06-22,441.9461188067729,249.92224017869478,228.2193369783982,-13.894572207443531,192.4580106398913
2007-06-29,421.89917586559403,218.08397716805183,254.15132359412436,15.922269168066407,335.5587999396653
2007-07-06,398.0216001581415,196.21886643084775,356.4272929432089,121.91607755935972,420.1551095273822
2007-07-13,372.30220310295994,183.34452209826773,453.1551730656281,224.9572018996285,369.05751129667044
2007-07-20,345.9780530189534,179.15017828907568,476.1005180605696,247.47100534699,230.88212610225528
2007-07-27,318.1238143731699,191.32987277492202,406.617563435396,165.81264709686357,130.26729196351968
2007-08-03,294.6362580577442,212.76500222218084,294.2677839761852,53.04652647289565,166.240808763764
2007-08-10,269.75325044845397,242.61048141138028,228.36668038356123,-11.987608991373662,300.48266484957014
2007-08-17,253.55885333312,279.79753876320115,260.5933431011492,18.756517311090292,412.6265542031663
2007-08-24,237.76850967900236,320.2296362651155,367.2051974568969,127.25154205291074,401.25573896167276
2007-08-31,228.5412752129505,363.20093041708355,465.4543259090243,228.80584123666168,276.4159157776862
2007-09-07,224.70812975908305,398.757589566143,485.24099389457524,251.72075774584232,153.25237366955093
2007-09-14,223.84602015953217,426.05658178528495,406.1042176391004,169.29857107207715,147.14696592012248
2007-09-21,229.4912136205902,450.01345365943496,298.6567873984079,52.37024738640018,262.077654427014
2007-09-28,242.82589243831808,455.40786128696686,234.45322137257628,-10.569754885388733,397.95585566229624
2007-10-05,257.8479665715354,454.2826747871946,267.57933768130295,21.12035048239153,424.3260689585526
2007-10-12,277.1297528723937,437.59790380011896,370.7297448789427,133.08946871495328,322.28522587878064
2007-10-19,300.415870342104,413.45769176140846,470.2903343086794,226.98209228771373,182.9819940749656
2007-10-26,327.12235618623254,378.8521858488147,486.56624005446866,251.00931791901246,137.42466796506102
2007-11-02,357.6633662872485,343.96956540155105,410.94359633510874,171.306935929362,227.0314027243887
2007-11-09,383.63088397309554,302.24588157665244,303.090371673523,56.39013260788266,369.84341165732826
2007-11-16,412.53330234867866,264.54506530638776,241.83742795413227,-6.103526073278971,435.54968676436295
2007-11-23,437.21226512789985,236.2000406849107,274.9932803475697,26.762046158505115,365.3597013048341
2007-11-30,461.63367568410166,210.33738508805283,380.5217000271512,133.75204972859711,223.82476287085072
2007-12-07,481.9112321955697,196.69305525973135,478.4387416158854,236.918110302364,141.39888679801865
2007-12-14,497.42732110202803,198.01907200322404,494.769738691715,244.4782610672857,194.18126933303597
2007-12-21,507.0184290788393,208.46933697804383,416.24883825881767,171.54623813765878,335.9654454766401
2007-12-28,512.5176474160148,230.46854988758375,309.0804458237327,56.351308557674756,436.0829942740262
2008-01-04,512.7760987472711,262.13642188007964,254.35754655323763,-9.574476727803145,401.43251864519397
2008-01-11,506.2480273335194,298.3975814908109,283.39902833456176,33.161003275990126,268.3719397141927
2008-01-18,494.3879945908342,342.4887552515498,392.6408009206364,136.0697126626929,156.62732674441855
2008-01-25,479.77413239527243,381.51930953240543,482.83850690727684,237.94623369993775,171.42046764425368
2008-02-01,459.0265916356615,415.7546153087493,497.9795839210632,256.8026407007276,298.6783211899781
2008-02-08,437.0884396310839,446.3476419162941,418.28055876443256,168.45920182261818,422.4117927137258
2008-02-15,410.63554048194146,467.06229083173787,311.9476704814879,53.74395554657967,430.172345942475
2008-02-22,383.1683394950219,473.2961678992641,249.44608802295375,-4.642055300173979,313.7647166056735
2008-02-29,357.2598471134519,471.04600339953197,295.20775185611706,31.091151858309473,182.34812156467802
2008-03-07,334.19766796888314,454.3395453105204,399.14927262722887,141.66664573980546,155.19472996014406
2008-03-14,309.7832525883729,428.2091828544359,492.44273792258565,243.89268700919004,259.7461767883386
2008-03-21,288.1600519184585,394.9969029281545,503.2695449565264,252.76985237719458,400.2042271414517
2008-03-28,273.52137169595625,357.2968204776736,424.88142077471116,168.5197792604738,446.8419206643247
2008-04-04,259.52125637163056,316.5663244900224,320.6843064944092,55.524567442238165,357.2759454568539
2008-04-11,253.51811149363743,278.86274620148805,261.66111997801374,-2.858463142670388,217.45095185098597
2008-04-18,251.86304665285311,250.46223043639677,300.7195385576059,38.026438740588205,153.57807561863706
2008-04-25,254.1743737396521,226.7256133581286,410.7332289535177,148.22243270546366,227.806979598456
2008-05-02,261.132525256923,215.46076953384275,501.5354672965203,246.9415886106852,369.45840297961144
2008-05-09,276.92237312091004,214.07338422713917,508.0858538667223,256.1871458249372,451.0283992968453
2008-05-16,297.9074336332699,224.3850255511838,430.581743189461,167.88397471349444,398.05641495990574
2008-05-23,318.13614438761164,247.40996012666122,319.14456276387085,59.31756830957406,257.9925316747395
2008-05-30,345.71024257400745,279.93233458198404,265.4122430161452,-2.5541228576877018,163.00080893607503
2008-06-06,372.4574493729585,318.49318784109084,311.41119188993554,38.53675005413088,196.60607675619667
2008-06-13,403.0594352531568,360.39675192497435,416.25703025970813,151.60478823230204,333.4898791420277
2008-06-20,429.1702218278078,400.4938785729454,508.09172688783167,247.51401905938613,446.8951979361767
2008-06-27,454.875952035715,434.4357533760811,517.8271485695999,255.82222284598961,433.01399771593924
2008-07-04,480.7061080965186,463.94378276724854,435.1154600394057,168.56114017928238,304.0292059377883
2008-07-11,501.8573801630048,484.3645283165687,328.3118417951922,56.173995387397056,181.3375221381843
2008-07-18,518.5646251860086,491.990980475682,274.60927584088415,-0.1890199838734361,178.3134112150479
2008-07-25,532.8624776652306,484.8740786305538,317.4819644916809,48.23905572903095,295.34739137568806
2008-08-01,539.681087051953,471.8823191624508,423.20994689120755,158.09748212882982,429.66848542960565
2008-08-08,542.1394371362901,444.1166015389917,511.3836549936471,252.80926575300728,455.0308402058687
2008-08-15,536.7830783155953,410.7777605515559,518.5084503131957,258.27865294699257,348.82000530159274
2008-08-22,528.6379951375201,369.7206321855115,436.7533117911364,171.25997936643037,214.39917929095333
2008-08-29,514.9386452883907,332.77556958711017,333.64983213403957,54.68572824527682,167.94875948543958
2008-09-05,495.9510539875179,294.54353613709804,274.3143394118486,-0.8845973280950545,261.5945014195629
2008-09-12,475.80023344635345,264.4534780527994,325.11776565655083,49.790139839333435,400.4734879707191
2008-09-19,450.0668662076299,240.8275670744447,430.4879862348567,161.6994392474982,464.54929842919745
2008-09-26,424.73332687977563,231.15317171129166,521.717086162826,255.56145269683512,393.1929122422069
2008-10-03,396.4864507096245,232.54650561267474,524.5868380643268,258.5708233719181,250.83285583682107
2008-10-10,371.2878929733818,244.31664991448852,441.6843588529756,169.26546471918314,171.7935345708029
2008-10-17,348.0174819496426,266.57288061019653,334.6429805841695,56.12979126506062,226.97475592122484
2008-10-24,323.61665912123385,298.2218772555918,284.65757421427134,4.1449035574347874,368.10283607348214
2008-10-31,306.9288352403639,335.54904890742677,331.239686163835,53.595127102087915,467.85742900143674
2008-11-07,292.4732315415981,379.4432721357245,438.36302501972784,168.29530269109028,431.15703171956454
2008-11-14,284.2171619770619,417.5592710183144,532.4683039110103,254.8408640257902,296.8792805877269
2008-11-21,279.54890598956234,453.7526862775612,534.3501987747242,260.42210983015406,187.06471159203994
2008-11-28,280.0612346362948,485.15194983582654,441.9339810122849,169.77964199273032,203.81523659638734
2008-12-05,287.5873713011989,501.0396308186317,335.1358105979009,54.37203652006366,331.34608089841964
2008-12-12,298.8947340262996,507.18365733767797,291.9049572366798,3.52571297999566,452.5208191695606
2008-12-19,317.50800792713875,503.7933590128122,342.07071423121806,54.935079125196566,460.27880536367786
2008-12-26,337.8293695871199,485.6461892265704,450.41769935665667,166.7813027927113,341.4389408294936
2009-01-02,362.15101973133005,462.00353207015394,537.9509304688204,260.01089009766935,210.66171242892983
2009-01-09,388.34063782669716,425.9070815515314,537.742994406312,259.72408718121284,187.22100434019188
2009-01-16,416.7967114225576,386.28333959420996,450.24416829788436,167.44201784835667,294.5606604346877
2009-01-23,447.46012608531373,345.95160828370314,341.57379350753195,56.4686795645913,432.7223347930743
2009-01-30,471.7078625804002,311.66690732394466,297.99105560446657,4.866942568604031,475.48399977433814
2009-02-06,498.3438011090926,279.83256035081246,348.63008165965266,64.26029229160962,385.75388939681466
2009-02-13,520.5398057418578,258.719109320308,458.2019761466921,177.0542696141506,244.65479853976382
2009-02-20,541.3965138732043,248.81003121735216,546.3529486797411,264.4986739597899,185.21192171005796
2009-02-27,553.3678352537037,248.21974038684328,538.8787584288982,263.12226895063355,259.49020915824417
2009-03-06,567.1603621526745,264.3718941029013,457.28060135669546,171.4473840054726,402.0308131380916
2009-03-13,568.4260797201798,283.6467632405495,351.64133776092916,53.637626296501494,482.50087873640564
2009-03-20,566.1618920559566,316.59273413126095,304.57937154832734,8.04886501333118,429.20280952274936
2009-03-27,560.7064189862376,355.94974397461687,358.1487680739342,65.47979771538841,287.87368847773166
2009-04-03,548.5120187689491,397.4644735561961,469.24381990410654,177.5349390312459,193.8221844574076
2009-04-10,530.9942304745468,436.11220949285297,551.9593922280978,264.47182345356526,232.12517298642246
2009-04-17,512.9483017197994,472.64194261983334,548.0079841847519,261.8996563479636,365.99844073937237
2009-04-24,490.1993331351903,500.7548390926551,458.38328647251075,170.62747724841324,479.8568459474576
2009-05-01,463.3572336300279,517.7496860457929,351.9466128934254,56.32442009520004,461.91613518655726
2009-05-08,434.77905413457785,523.9097891077375,312.4291957335848,16.91269202229543,332.823829923513
2009-05-15,413.3994843422783,516.4187632685902,363.31583398239275,69.91154312374674,210.8169065944971
2009-05-22,385.86143692856365,498.0752055870711,477.2931074614183,180.9661085047897,209.25409281718666
2009-05-29,361.21441493794714,473.5188006772201,557.9834864807111,267.49690738365507,328.3813755921843
2009-06-05,340.3462318433632,437.36113667937525,551.6360843768256,262.8907725209551,461.61625545257925
2009-06-12,325.8299676729598,401.5860995212753,464.6785558176183,172.99770307376954,485.99264277019813
2009-06-19,314.47877529252304,360.6186918530701,360.329371921869,61.682122971290596,378.2245745284596
2009-06-26,306.0654180449868,324.5589550568918,318.4238270750914,18.238629586895627,241.97396027762625
2009-07-03,307.2161504122132,295.34990406099337,375.7218474327394,75.83012217983857,201.7246442060412
2009-07-10,310.9190014111865,274.72781782160394,483.91185434181136,186.3163329260143,293.20946344319395
2009-07-17,323.2751450337014,263.57215709465015,564.9077316812326,273.2451648525039,435.1655826890494
2009-07-24,338.2115441288505,266.6912836852614,556.3931873256197,265.0593180440759,498.0260691724076
2009-07-31,357.29393394845033,277.7275353916687,468.19851916765947,169.41034818052788,421.4855627860278
2009-08-07,379.98225349297627,303.25285311925455,361.48916102177986,58.26860955753928,280.5395469166315
2009-08-14,405.30966564646957,334.4560544635441,324.03922751635884,15.582253889049866,199.68809698889478
2009-08-21,432.64625702823037,375.16975612329566,383.02500378360395,75.40329051170924,260.3181159640437
2009-08-28,462.884682253144,416.8591798301882,490.85238419764687,192.62462431321774,400.95563315319004
2009-09-04,489.0023491570163,455.7713659699168,571.9019978897084,279.8816949744149,498.14238129835485
2009-09-11,517.2535862427853,490.01250162572563,563.4834224160691,264.4785308284399,461.1930529300477
2009-09-18,541.4849396785686,518.2708627330707,473.3213391138004,169.4609189942609,326.8686510455778
2009-09-25,561.2917469410735,534.6973906166908,368.7646710295987,54.91371286863151,214.8776218760786
2009-10-02,577.4898709169686,542.8543864139949,331.1420103562,22.467778417632132,235.08338888001464
2009-10-09,587.9766173638405,535.6342932181741,386.5193855075338,79.96310385071165,365.99710394295806
2009-10-16,595.4694633660622,515.2215134937967,501.2344097994236,196.9966431414436,485.8223118963298
2009-10-23,595.7173031314383,489.05463008578596,579.1949003101582,274.28724079421005,489.73427506591406
2009-10-30,591.6359414935091,455.55888715312886,570.0743502706807,267.05634632373216,369.67266611774255
2009-11-06,582.7389754078423,416.0604775471454,473.6968379879482,165.68135328268733,240.56397372087133
2009-11-13,567.6124023982321,376.03774972433314,374.56914131849544,60.96604466872459,219.13451912295156
2009-11-20,549.5272890314574,338.195095754506,335.5697940269557,22.18324410405515,327.04429804688147
2009-11-27,526.2294175872634,308.6002601223481,400.57052706544914,84.63072571628216,466.167302011889
2009-12-04,502.9363911104137,290.66043832467176,509.11228923157046,198.7991911231566,505.91353568726777
2009-12-11,477.91445239411695,279.94519639904104,583.5171839372813,278.8918571658289,417.24077754706
2009-12-18,450.2942433609592,282.56241979265485,573.957547004901,263.03111940200506,275.0563566281627
2009-12-25,425.0870780414109,296.09479224388986,480.5596905406248,166.6658154648184,213.63722191319675
2010-01-01,400.5422600704456,319.6612346028228,379.0664511392679,60.78916238682392,292.7553528046656
2010-01-08,377.7046683446497,356.0271907850467,340.89568195029466,27.005628413225423,436.98900552109717
2010-01-15,360.83803833258986,395.50676538669137,404.3330802646011,90.02419070160254,513.5792260526877
2010-01-22,346.7771249530815,434.8001623120699,518.4364193006742,204.0428559212697,456.57667179148285
2010-01-29,339.0848943017396,475.19658512672004,594.0496709812514,283.99217014221654,315.1414258420973
2010-02-05,334.2382646269578,510.5150322643683,579.4611062138604,267.60889497590875,223.45552814179715
2010-02-12,337.9471861922134,538.421216175814,484.23439778581064,168.40119554999023,262.7212501722003
2010-02-19,345.9690378830717,553.9569463396995,382.6980810852394,57.97444104046372,401.87647093519075
2010-02-26,358.92300021025596,557.6320658246809,348.30153318068676,24.205437319475692,509.7354347109972
2010-03-05,377.7627576688287,550.4016811742875,414.93601441128357,88.66316295304898,489.67739298097683
2010-03-12,398.5577667722127,531.6303963919787,522.8338776323411,205.89804291149838,361.4470324625321
2010-03-19,423.6118658624059,505.59426308659874,601.1180215327796,289.1250682390496,242.7262725198645
2010-03-26,450.2925994477376,470.1796452966722,583.0487673237822,268.12657660339613,241.4546367537101
2010-04-02,479.5825628593813,430.55142299607957,489.3838379933287,167.94062301720032,362.95081953751395
2010-04-09,507.91833502512935,391.68735164255986,383.7446136375634,60.94602499170492,495.14333195665
2010-04-16,533.1523465119197,354.4460178914102,358.98135140967884,30.373407452067028,513.5331690491643
2010-04-23,559.1021981664352,326.2828551337967,423.33320768308437,97.47245605513521,405.7206492268179
2010-04-30,584.0000712713795,305.7777435893122,532.326162654083,211.42164351781204,272.3603261252407
2010-05-07,600.2716044955883,295.5167399665134,607.7835937822168,289.43984924704256,231.41037339022662
2010-05-14,614.1803021662865,299.62696570361453,588.4239098418124,266.83348982718877,327.5625714094293
2010-05-21,620.6084699849929,315.09304164605857,492.1159783192959,171.2714713328737,468.3539401564528
2010-05-28,625.957072308801,340.7062600151421,390.9940292573435,62.33571078482079,528.5443577411943
2010-06-04,623.8913951489827,373.3149728323258,361.9271761698319,33.58322037693404,449.9726926010135
2010-06-11,617.0730444087402,412.22233538255125,432.1843195784524,102.10027940952585,308.7113475061566
2010-06-18,602.2182049290833,453.17892254584376,541.2042395190688,219.73730496789744,233.0148323740714
2010-06-25,587.9392263783864,494.23557386669876,615.6902046241888,291.8796014615373,293.5221015559811
2010-07-02,564.2305502129923,528.5431654511227,596.575918865049,271.76083456599423,436.05381757738996
2010-07-09,541.048670551032,556.1635739427677,494.91283469046476,169.04042025938497,529.587043086227
2010-07-16,515.942199586058,570.9861443023965,393.4677056494022,59.895546500170155,488.8230195004592
2010-07-23,488.476910598597,575.1515443428643,369.494788853936,33.569230588776406,353.74076386912316
2010-07-30,461.19994043228087,566.6306605656265,437.3024784636788,105.84039823785236,244.7973931370368
2010-08-06,437.20644176667605,548.23672105225,551.0818504142811,222.27864798681387,268.73474133534387
2010-08-13,414.47279994456693,519.2279334899562,624.9289531256577,292.8428457425711,398.44033374439346
2010-08-20,397.5634461905795,482.6484364230804,601.8554490345489,270.496909591628,519.7042988610701
2010-08-27,380.9590250475184,444.3158986917389,504.5012981497983,169.0746251564063,517.8754400672543
2010-09-03,368.7482990052681,405.60238253626846,405.5042928442817,65.96664556312962,398.3726765576925
2010-09-10,363.8426088082762,369.82184375998924,377.45558807928046,38.190926312327434,272.2238162661046
2010-09-17,363.8524010183944,340.5477134667567,450.10906335394884,108.02940339994767,250.9000819598303
2010-09-24,370.2722934652165,322.90313201147774,558.5566499751535,227.61162291217244,362.94220859487905
2010-10-01,381.60701323189676,313.2958247289509,629.4552490510493,298.32368384114113,500.32585680211946
2010-10-08,398.2208099878294,316.3201707693894,604.4316564100388,276.77194422865284,537.0787986332457
2010-10-15,417.4170637970118,330.87387000523483,506.15438224224147,168.66963194240844,443.4159739299632
2010-10-22,439.99763236681787,358.9380510712882,407.39841976446826,64.29416637640347,305.68663816570376
2010-10-29,467.60169252130214,393.2626020960331,381.76198280170695,41.172687499283,248.20303983906945
2010-11-05,496.0773138090834,432.6795319721426,453.80244020494075,112.85689147718253,325.67151627216583
2010-11-12,523.8360897022953,472.67048973793493,568.0172781536422,229.96946087200598,467.77026690479204
2010-11-19,551.0924303624619,513.8249227212169,635.0318449221888,301.18067896052133,544.152164292558
2010-11-26,578.9833981166593,546.4845223986831,609.6109756120496,272.28242779513164,485.0668764001896
2010-12-03,600.7945214383107,572.5466759998131,510.6765983025086,167.87631010503387,344.97281658996303
2010-12-10,620.3259104251877,586.9857798573712,409.04220690739567,68.0563674874143,252.98354324941667
2010-12-17,637.0930317473945,588.949919740071,391.1830340304581,44.3840828104469,297.80536165902396
2010-12-24,649.1848170071618,582.5609137953894,462.93042115984673,119.12508051451982,433.3825739851253
2010-12-31,654.1278819919535,563.787284061824,574.8447115101296,235.26845682914384,541.2169452773234
2011-01-07,652.8902091994726,534.9001216590862,643.6312853795562,306.534519429033,519.4265043508559
2011-01-14,647.3180943081384,497.2656047661883,611.9418627407945,272.1225828261905,388.6697057023087
2011-01-21,635.6294590828128,461.62335107408967,516.6597203869815,168.76746525462897,271.4818350182744
2011-01-28,621.3236027624088,420.14988204286226,418.063457900048,66.29163047359168,275.6048639409267
2011-02-04,601.4905487789354,385.1986991960729,395.47710485889235,47.76840083881629,397.1908154741693
2011-02-11,580.3877631940783,356.1972274384333,467.8865357709759,120.86788401680012,526.4585429745323
2011-02-18,554.5621447084574,337.66085154316465,586.693518915911,235.77817891134697,543.233980664396
2011-02-25,527.3127171738719,330.47217240160865,649.2184548021692,306.3313236432772,437.09039718762176
2011-03-04,501.3022530238288,336.42448959727574,618.1262265185695,276.7869726648932,298.87616596957866
2011-03-11,474.9967638861167,351.91051162418324,516.9153518223721,170.94140712307401,263.2179091144925
2011-03-18,452.7021268222302,377.80184362957397,422.5083063537355,64.29910876473079,359.9174130455201
2011-03-25,432.2166490461684,411.98877153344387,405.339750522648,45.885324669194034,499.78102551344364
2011-04-01,413.9398075030332,452.0061455104341,476.6288548410032,123.03080393396706,557.3802315124373
2011-04-08,400.54531725661934,493.60537168781127,596.209524976335,243.830774180135,480.3295968104845
2011-04-15,393.07161366053845,531.3545746012952,654.8250700806675,309.830547830551,337.09338431009155
2011-04-22,390.2221190197989,566.4736389938303,624.6148425422663,273.1660400517798,263.5046364147013
2011-04-29,395.580299406078,590.3136877955521,520.1077022409395,169.8178543067233,326.18933457819685
2011-05-06,403.2429234373568,604.2701535593203,428.159528788966,71.14936294419705,470.02306351985453
2011-05-13,418.20236791902846,608.2158433888376,411.8739743591494,48.550943913766474,561.9497243099299
2011-05-20,436.803778287796,598.5360029625672,486.396581258717,130.69912531470146,518.4262563409832
2011-05-27,459.44263140714827,577.4194961597381,600.4090922995368,246.59446974404358,381.2021913503775
2011-06-03,485.7127837123911,547.7777757326877,665.1597677979056,307.4430382064472,275.68238493792717
2011-06-10,513.8331010110159,513.62456269997,630.2933005177919,274.31957420820925,300.0994337572996
2011-06-17,538.329016913745,473.5272320670927,527.3181547833028,168.66595862798476,431.7703461366193
2011-06-24,569.4001318238778,435.2259905242987,432.08033919430153,68.78624118722928,549.7026579664566
2011-07-01,596.3303647295402,398.99364934696274,421.4252958703403,51.62157581622162,546.5668327785052
2011-07-08,619.388780638805,372.3406365505601,495.7040423754698,133.10512170129942,426.08153726906284
2011-07-15,642.0087679531565,353.0645270847174,607.1487649075567,248.87830289974468,298.6230258392146
2011-07-22,660.3077033192316,346.39652294593776,669.6739995264436,313.2554283450816,284.4593112085847
2011-07-29,673.012336086666,352.0919941310462,633.6311337440329,275.1624460544941,395.3855861957708
2011-08-05,680.3098001379097,370.4119865903128,533.6467353469409,167.59481802044897,530.9094492732368
2011-08-12,682.0942783770281,396.08525521995875,434.06962241112535,69.54622714071448,569.0886816396946
2011-08-19,678.7750885207786,430.37354283866796,426.7555999936995,53.654167591149246,470.8144591535662
2011-08-26,670.571686627932,470.56717734826907,505.0656451701515,138.44130178603828,330.4913065068863
2011-09-02,655.3530337040069,511.3632981859554,614.2732136338627,253.5850585569275,276.1013952858749
2011-09-09,639.3125705787849,550.4695363160325,674.9514343288361,317.0733590191469,358.15692858308716
2011-09-16,619.1250889514924,582.5885613543169,639.627253386328,276.9144693191712,500.584827014711
2011-09-23,594.5432596554309,609.7013662107877,530.6101695789836,162.38499814224838,576.8816933214996
2011-09-30,568.379671937188,621.3778287159003,441.57293511638983,68.81946499524004,514.0591067731041
2011-10-07,542.250738223627,625.0532946607333,431.14720658048236,60.72030208246778,373.3428248130324
2011-10-14,514.1049471234958,615.9965030459899,508.5893743928665,140.09882512507397,283.14060740009563
2011-10-21,489.3484278522895,594.4651765919147,622.5387120669396,255.8482894602965,328.0286082436284
2011-10-28,468.40032246139157,563.1111642229871,681.9031293903547,317.58654465200306,466.86737648554475
2011-11-04,448.01304098335686,525.92119821609,642.7070773275248,276.59218786958144,573.1937187472131
2011-11-11,434.9464267048587,486.57778818117873,534.19195512788,166.31299506365968,547.4932678172476
2011-11-18,428.0025829984258,450.0623999885991,447.1714152442018,68.77039154172985,417.220902342451
2011-11-25,418.7052366985055,415.2419134615688,440.0719993394717,60.045777312372124,301.4752295561305
2011-12-02,421.92162675707687,386.66075510773425,521.2321112832444,147.73966759126904,306.3404022593785
2011-12-09,426.2743362441622,368.1038589622808,629.3268863629779,257.7021889466674,432.33902182776785
2011-12-16,438.73899792646625,363.1061602415687,686.5053086150481,320.07928790231983,559.3455317912119
2011-12-23,457.023250245141,370.2409510627201,648.5549217322047,279.21427541820685,574.2423575924535
2011-12-30,475.6820144015848,387.2035000643241,543.9230463229322,168.16411682808206,462.52534352438937
2012-01-06,500.2437208267511,414.560681388531,453.87659858175056,74.61379437647018,328.1760190109727
2012-01-13,529.9139631530263,449.79524282756927,443.1179813810682,63.69484102512389,296.07638066204174
2012-01-20,556.0771114516576,488.5334573769815,531.2313132879815,151.7684219023598,392.60476135209507
2012-01-27,585.3179658604435,528.8398206957344,639.7985031578394,266.9191199147622,533.5904408198908
2012-02-03,612.2788440122916,569.4559603410431,692.8544215530077,318.1239234511303,588.857846262626
2012-02-10,640.2436762384655,600.2095168495301,654.0642210848519,278.5198991576741,507.5936202795717
2012-02-17,661.9167527689107,626.8389353791548,548.4653678246691,164.39038835098663,365.8175669322204
2012-02-24,680.3307615668696,637.9136389235305,457.87942653135906,73.21388610163606,295.799552474702
2012-03-02,695.5897559244661,639.9332913849353,453.23245219242654,66.9684345139999,359.9633153993906
2012-03-09,705.8281555417103,632.0996450710297,537.5854892538335,153.16847925672894,502.2091449686141
2012-03-16,710.3917550156928,610.1469884821582,645.8232252669354,267.10075622747587,593.1888776823641
2012-03-23,709.1665544511072,578.2953919732133,703.9161542315123,324.0105588294126,547.1016631583816
2012-03-30,702.2982298592485,541.1270276144037,652.2700188456615,277.9459377662801,408.1301505854588
2012-04-06,692.1322439110896,502.1363918717598,550.7270442856857,169.8173201688471,305.22163704884133
2012-04-13,673.0350259550894,465.1315286360084,464.40933934110546,75.61379523756115,331.6281612198168
2012-04-20,656.099284322871,427.41041779963206,464.544647028546,71.9179108552161,466.27062766711595
2012-04-27,634.245762926383,403.34817593040555,545.8158216537895,159.7171281123517,584.0635635668262
2012-05-04,607.8556446510239,386.2555606972373,656.2126460124441,272.7885680830759,578.5113173894849
2012-05-11,580.0208180235722,380.2550279773165,706.3813195644666,329.4207048984756,454.01165657109294
2012-05-18,553.0041772341907,385.7686538570161,662.4939285427521,280.96848599854366,329.11524820211514
2012-05-25,528.6227832809268,404.2504190267922,554.4099492807251,169.62505520880975,315.20468107965337
2012-06-01,504.42674984347576,431.74174694869436,468.0974783114802,76.28978184784049,427.1969785676728
2012-06-08,482.37398926055675,468.04220416757687,467.1408435931189,71.79398668615036,563.8352134971683
2012-06-15,467.44567193308444,509.01910945497144,556.8152318327377,162.04039721857123,598.298338173351
2012-06-22,455.8786128257589,549.8970725551729,662.308051201742,276.266689005765,502.024430660072
2012-06-29,449.5203119891037,588.2724851659083,711.121939072284,324.425344311769,359.61938833359
2012-07-06,449.19813234318735,620.3564222122636,668.2302181068166,277.79602245085385,308.5457682056435
2012-07-13,453.36178486754807,643.7521900458203,561.7364956639728,166.3740549192333,392.50567759454987
2012-07-20,463.16386226015857,657.0799531051961,480.0641416907418,76.16614341080484,537.222124739768
2012-07-27,476.96606451320304,659.0888639399838,469.43929403476255,74.10825386748662,609.5504284838044
2012-08-03,496.0849612542376,648.4016141989127,563.5443320365879,165.51899528886753,544.1039261883928
2012-08-10,519.2219221653262,625.0493665662178,672.4431196499604,278.40007234794916,400.7379686728914
2012-08-17,546.9108106419187,594.0728191887825,716.9899793240775,328.5813373797828,313.18394440553607
2012-08-24,573.970708027541,555.2969445792975,668.4558354706732,279.6126597685799,361.9460546695532
2012-08-31,601.2389661249181,516.2729784086787,560.9441247584173,169.53851391190682,502.87914255027044
2012-09-07,628.9790177452346,478.96499919161613,479.09547570688807,78.76080250413578,605.2107282082006
2012-09-14,655.4823605776461,443.1350756490799,480.716417311691,75.15941636361735,576.0391087659382
2012-09-21,681.6196434538099,417.4028741400937,567.5213273322996,176.33633419120062,447.0769330357184
2012-09-28,702.2203067156723,403.79053193010543,679.3047878707575,287.7437849456327,329.2251450460616
2012-10-05,720.1652823708724,395.8160906223259,725.8274817706592,334.34653047092934,337.98438021569075
2012-10-12,729.8565747790462,404.0075386139026,677.6669619717926,280.41977229388215,462.11356649200076
2012-10-19,735.7698864134693,424.7636657060274,568.4766551691862,164.6950403111412,590.2749953088737
2012-10-26,738.7148488136372,452.2480060648279,485.65814484759267,79.86297630195945,603.1546139264568
2012-11-02,733.6711838723571,486.61850796338115,490.16970202176446,80.3535351837847,491.20980474780504
2012-11-09,726.2221704981621,527.5294156943155,586.1040940042448,177.2623513694269,359.833933001235
2012-11-16,710.4528346089851,568.3030734924672,687.6868813970254,288.3968545628802,325.4089549904141
2012-11-23,692.5731532785525,605.390303670068,730.7856152262563,336.6979729928066,426.2086982197627
2012-11-30,669.9591908426761,638.6219000994951,684.8064175579707,279.3795236221876,568.8465629579383
2012-12-07,645.7280158249639,661.415061698532,568.538800836258,167.07118832410015,619.8196718517747
2012-12-14,618.946648421052,674.0091803587001,492.8605600819917,81.44915372173287,535.0050038361034
2012-12-21,592.8533215278699,672.5897806502953,497.3310925708911,83.45333056294288,394.80258433026205
2012-12-28,564.835720933645,660.7655028645729,589.1673051344637,182.7952852806635,323.9163425208865
2013-01-04,543.2456272656691,640.586103593492,694.6949075754615,291.96202843938727,389.8575190772102
2013-01-11,522.2992799516913,608.363227474333,737.4488820370884,336.7384629380912,536.4015186661215
2013-01-18,501.41533621013696,572.1863977960118,686.3121933979476,282.07491431746496,621.8664282869624
2013-01-25,490.6657416321681,530.9387844139775,575.9150778026399,166.21401106187363,576.7402888738495
2013-02-01,481.65541535505474,494.54830237305066,493.87794932897856,80.98270921542718,436.7221646379154
2013-02-08,476.64336491650016,461.0415735496079,506.6077700113134,92.50373616265058,335.35772729062876
2013-02-15,480.72959688628737,431.77252314309635,595.8917362455744,186.55465483120668,365.52430783058276
2013-02-22,486.3189421220858,418.8992017959025,702.8482917338589,293.0173496354009,499.072691349349
2013-03-01,498.07840541131867,413.21590883133354,744.3241626854348,337.101890501355,615.303389844695
2013-03-08,517.5359485199131,420.22227243634654,691.5231863003726,278.6543148247308,607.0697801753744
2013-03-15,536.1823428256205,441.0880975730071,581.3811860504981,167.72617663304626,482.35790871676426
2013-03-22,562.7328737035448,471.26684928841723,501.9963921508215,79.26454872935506,358.9124321473859
2013-03-29,588.549373030694,507.11052209602707,510.3700109230306,96.23387293400184,345.5297361659693
2013-04-05,619.538594142426,546.4734741996263,602.8653311473471,189.32193420678138,462.18800927193263
2013-04-12,645.6804632146551,588.8135361127095,711.2481645415335,298.0893191186002,597.4410352183376
2013-04-19,673.0938861222679,626.4463770416608,748.9328976256573,340.276816649754,628.9375389654851
2013-04-26,697.7635352958852,658.1851234732881,697.2700253058929,281.68360164716637,528.0847176691137
2013-05-03,722.5935262989674,678.0110434358241,587.385849165494,163.02721187129288,390.26106054450906
2013-05-10,741.2193252535329,690.9312905061328,505.0551826524156,85.52675769405346,338.0545056875135
2013-05-17,752.9492139787397,691.111298266768,521.150752704131,99.0756916893293,424.16807480059816
2013-05-24,763.135012345235,677.8705612106526,614.0830261858972,195.4691000275248,567.4876382730479
2013-05-31,767.4003833131279,655.2203035365421,715.3829109811932,303.5710814676331,637.0139833184302
2013-06-07,764.2535083188321,622.8131458784267,758.1511595791723,343.0542422128906,569.5858776762606
2013-06-14,756.1501316790601,586.2150327395082,697.7813926295173,279.89788848366277,428.35712377653533
2013-06-21,745.2116531908684,546.634077454376,588.6781232881834,166.69838729541806,343.3848533657016
2013-06-28,729.2659031886258,508.4236040041001,510.17688112236567,85.76683619843753,395.05130762955554
2013-07-05,708.4435589301918,475.9593364116952,524.0336935083187,98.96041336221573,535.0414087663817
2013-07-12,685.2616122535463,449.36362316552294,622.3442862264943,198.69108022512518,637.3492821442846
2013-07-19,657.382173442415,433.4516468399894,725.3407341666302,307.9612993282704,606.7884902752597
2013-07-26,630.9523089204182,431.24022573562445,763.7762813977713,342.10824987617315,474.72296886945526
2013-08-02,606.5145925813623,439.785893572334,701.12206831491,281.55651519203946,360.4434095611124
2013-08-09,582.6359881442045,460.6572662797153,590.6355164665775,166.99773980715656,371.12904317317395
2013-08-16,557.8273755123373,488.46776328163526,515.4945071910606,86.96193210082042,496.8722507857158
2013-08-23,536.9550189368208,525.1729142138402,535.6271329876962,101.02550150883962,622.8734841334292
2013-08-30,520.9977826706817,565.6533345728258,627.911241417685,203.65263285280372,636.0649703483618
2013-09-06,511.19016524321273,606.1315696390965,730.0093866236281,310.06223176911703,521.0434961429594
2013-09-13,505.5414200457853,643.4056947717202,768.7757644371125,346.32348419163964,386.48227607450093
2013-09-20,507.1775544348461,674.6801468629644,707.399435566853,283.8119197370678,357.37301799597765
2013-09-27,511.9755219600824,698.3614477491778,601.8768371793445,167.62889728241618,459.40390030198915
2013-10-04,521.423868005877,707.9754422285492,528.8262010499637,88.40792318503716,599.5288220248284
2013-10-11,536.7189189761672,706.8040825356625,541.5396478744885,106.91876687651174,649.868140757101
2013-10-18,556.6027251383008,694.4332974504978,637.8875430622618,211.3763639878855,566.2004258641737
2013-10-25,582.732971472929,670.1322858370578,742.1384811107613,313.2718992776837,420.62609030383186
2013-11-01,606.8505608839938,639.6338672646929,774.2607648720772,348.73874393365236,357.3329086880184
2013-11-08,632.7788800238629,600.1362079489465,711.4973537363488,282.64862899327863,426.29396435337543
2013-11-15,661.6884269329698,560.9827401981496,599.9776683659309,165.45676844528018,568.7768657977977
2013-11-22,690.8186939001237,522.3008122755996,531.5882485727724,86.92008946194517,654.2724293745752
2013-11-29,717.4942023582233,489.84131107328244,546.4139157209721,109.23569830889035,604.7904558727842
2013-12-06,740.5217610541213,465.2277210546822,646.0241630094348,208.15850406230078,463.53020195286643
2013-12-13,762.5722869342397,448.9704991545299,749.4437419459374,318.74306226713435,366.0800255689897
2013-12-20,777.048690045082,446.163741377697,780.6558768283246,350.60466952427475,396.11207168988096
2013-12-27,788.8986595104984,457.3350189840752,719.1331323505625,280.7175225829443,533.7616361811218
2014-01-03,793.8870511032459,477.3566623273878,607.2704104513158,165.93015365319667,645.8171132648184
2014-01-10,794.869262379286,507.4155973259774,535.1283919551186,89.30171032002912,636.3494312562635
2014-01-17,790.3601835651011,543.9862341066155,555.3578023587569,112.27473940806037,510.21566932969967
2014-01-24,781.4495036274992,584.7584292992022,654.3620406628493,215.04408150452122,387.6279233162809
2014-01-31,764.448313866849,623.8121943359678,756.1795241671091,317.01084117285757,381.02888811686444
2014-02-07,744.2309703672072,663.2728928783922,785.1929528538118,348.48085476497533,494.6412133510111
2014-02-14,722.0799960718122,694.7523509859723,720.900163937479,282.05408915354747,630.0608616929063
2014-02-21,697.1999532902735,712.1517495690057,610.2509714171474,164.14752855530597,659.2796482995108
2014-02-28,671.4096328275095,724.1280467736826,543.7661640856437,89.16404732310852,557.4349113351115
2014-03-07,646.4546316814249,722.9436174078546,562.8657783984859,116.43611215532913,418.5337510290725
2014-03-14,619.9857291555937,710.6870129328325,664.6832951441894,216.13941347829845,370.49415872600986
2014-03-21,595.5738191755241,685.6318071550727,764.7921357468878,325.4344899999037,457.3143000359433
2014-03-28,574.614376237583,651.1302369592374,795.6608495466709,353.7556785030384,602.499126570398
2014-04-04,556.0012938983023,613.5644568271115,724.2144137894613,279.31576414196735,670.3380775223468
2014-04-11,545.2648378464661,576.7921499099645,615.9990327122616,166.91493385983804,600.7824526687202
2014-04-18,533.5158806435709,537.1235938703705,545.9222140800722,93.99424291828876,457.6892320340802
2014-04-25,533.054999235413,504.30797276402814,573.204909262026,119.72622074091909,374.223047773291
2014-05-02,535.7799132794776,482.0202298525528,673.5850884714132,224.8116795502057,427.3924699732344
2014-05-09,545.9954461293985,468.13648203732424,771.8327042520054,327.76904374438345,567.346747134602
2014-05-16,557.8155514583805,464.94010259946344,799.3593113732559,354.06196896338747,668.7677837827595
2014-05-23,578.7419559928902,475.24120623946715,728.7207449655584,280.41532679021526,636.0728439975649
2014-05-30,597.574951937592,493.58150301702716,618.5541005484077,168.42875761026232,502.4219508464989
2014-06-06,623.505336050498,528.2249287906956,555.2087283756033,93.50138463950981,388.2860596313756
2014-06-13,649.4832045905382,562.7327095458307,578.7350710104727,125.02957258214147,403.4943389066399
2014-06-20,679.655769908007,603.0230173584937,678.6997466575484,230.4692298445418,530.9792556003922
2014-06-27,707.3390215876994,643.5791837969784,782.5643215996895,334.63105017059945,656.3847961001812
2014-07-04,733.0096757568211,682.2638401748663,804.0468888202287,357.21563851523956,662.3981835323542
2014-07-11,759.9559280958646,712.0507923368409,734.0253537311931,285.5988650203654,548.0877274590822
2014-07-18,780.600140796276,731.0520512334723,625.2305377497298,165.00554461309852,417.66333139529684
2014-07-25,798.9005970053715,741.2651694936164,556.9056399580923,99.62595535331596,388.6834964262647
2014-08-01,812.1456553006199,739.6778749137635,586.352372809736,123.67508836335061,492.7371792800909
2014-08-08,821.5474276887512,725.8498025992953,691.9687104975038,235.13676450698753,631.4106240989646
2014-08-15,824.6646607688791,701.069453723627,784.8293215196877,337.6298044219186,682.1422629777124
2014-08-22,820.6365885217461,669.5018900924242,805.8486414663731,354.74867603156486,594.0318397301775
2014-08-29,813.0638592599154,630.024018751782,736.5534679602752,282.3944263563612,451.21729362731145
2014-09-05,800.4126113400437,588.7846643663135,628.5093674049753,166.78034877675054,388.2021412930184
2014-09-12,781.4921244401692,550.0007758122941,563.654307306144,100.32617202509249,458.37830192938367
2014-09-19,761.5363530066498,521.0071035570472,591.2566240015433,129.86462236010055,601.2157593561457
2014-09-26,737.0065195617456,495.96943466935545,696.2351437583994,236.17872624078367,685.2558276491819
2014-10-03,710.26466243594,482.14022200356237,796.4236812006309,339.57670460409884,632.1792288268908
2014-10-10,682.1683280612416,480.3013447655839,814.724901168588,357.0386669577292,494.7655549439205
2014-10-17,656.5808238422779,493.14528085128666,739.9547245373075,283.93144065516594,396.21602052319713
2014-10-24,632.0336483051459,514.275067247777,630.7476565380069,167.14683888823123,428.88894440101166
2014-10-31,611.7910297088133,545.5850691895253,569.2854500042857,103.39380022769345,565.6374720927472
2014-11-07,591.3158879790767,581.9111420556641,605.7736605216566,132.26788601134638,678.8047904703162
2014-11-14,577.157572352556,623.0198156916013,700.7282723383505,240.47747748160307,665.7222613719518
2014-11-21,566.9396448763418,663.4008362135546,803.7363996099086,342.82368259364137,538.3798347457464
2014-11-28,563.3521479771268,700.9616205712125,822.0355659720793,363.820633193431,416.4437053039722
2014-12-05,563.0805601502991,730.1493016876458,744.0659136849263,282.6937593730931,411.13817510862236
2014-12-12,569.1432638200218,750.1858355507379,635.564769341554,167.04679279016597,527.4989173207852
2014-12-19,580.6346201070552,758.27995702521,574.2606949466314,106.1974829238344,661.3719257629191
2014-12-26,598.6736464699926,755.3254554426584,610.3483493365667,135.08782178714694,688.7069714904333
