,white_noise_0,white_noise_1,white_noise_2,white_noise_3,white_noise_4
2000-01-07,-0.9664232756380459,0.8132556222176,1.447695327996621,0.5997585936280713,-0.19464018238997885
2000-01-14,0.3187508464327117,0.8831314318421866,-0.3726054225915888,-0.8264327285159795,2.7674346888114703
2000-01-21,0.7257620292638565,-1.2054980730490268,0.5233726782418331,-0.3827941158443317,-1.734424561828926
2000-01-28,-0.499037527214305,0.47594624961962934,0.7483253521239082,0.44030071086191835,-0.4174601110125057
2000-02-04,0.7581112698974611,0.07409224581329499,-0.7447870755684539,0.43362752149962125,-0.5180704104609033
2000-02-11,-0.2920596399809057,2.095985264341113,-0.7043708925294562,1.7911532260620657,0.06829121752426663
2000-02-18,-0.6290328326479546,0.7891670616038287,-0.8586356984499741,0.938423886412127,-1.6559337138000765
2000-02-25,-0.2850788585532763,0.8817983294544788,-0.4323904713191634,0.7071788181260144,-0.5364699311985578
2000-03-03,-0.10083820163399988,0.021478568666633432,-0.9952124992744499,-0.5537688028618477,0.9546072989881131
2000-03-10,-0.366483501592873,0.24028607429898202,0.6520200749765435,-0.27668040041220243,0.995433097890984
2000-03-17,-0.4898272643780361,-0.6879574096071346,0.019932917001945515,-0.016193511101185484,0.4873175863691833
2000-03-24,0.32541991606477333,-0.5559706042540202,0.7928655821090103,-0.3316361134339919,-0.3160248704548452
2000-03-31,-0.024581760259778342,0.9822456016135575,-0.26625606940612784,-0.4758411632957263,-0.6175063014793979
2000-04-07,-0.5777705311447109,-1.3506012707054191,-0.9758766242873019,-1.9844041828749497,-0.41226442063495655
2000-04-14,0.24979194383902348,1.5387982064005514,0.7537024119899106,-1.13942794412743,-1.159831192687372
2000-04-21,0.46819361542437804,1.152755070599008,1.0963593953432114,0.18626718127369424,-0.34909823592512074
2000-04-28,0.5181667737231046,-0.665116878782512,-0.3761289003171798,1.0522259567919516,1.2029668754337393
2000-05-05,0.1961155909121188,1.8061990620478912,-0.9066579690576414,-0.23810383434330404,-0.9926315142476865
2000-05-12,-0.14444134271017484,1.840305565431128,-1.0326596538048507,0.2751274621787337,1.6859697809603136
2000-05-19,-1.8318313415412448,-0.6637651336608398,-0.3977943956395216,0.49324170430379916,-0.19010566784280414
2000-05-26,0.4021838368237703,-0.5992844206978468,-0.3536650370257024,0.9538361052424783,2.235629809877637
2000-06-02,1.6527835280029244,-0.41702037230123407,-0.4552338264951146,0.4285898239275761,0.9214435986643649
2000-06-09,-0.1825711402181771,-0.31652008106617757,1.7664451908050802,1.1452711945701148,-0.5083263835746904
2000-06-16,-0.7621502404790897,0.7631976865599226,0.24040593532356813,1.492709455327044,-1.263483250976792
2000-06-23,-0.3609064600306973,1.496164783639691,-1.198718062121038,-0.3057659525378447,0.17620009746406937
2000-06-30,1.8317678615313224,-0.10978619606234127,0.9209033735345512,1.0246055557150684,-0.6344759882757491
2000-07-07,-1.052337382129434,0.1774162176783024,2.1387449839160237,-0.4821604167774075,-1.044669498918106
2000-07-14,0.42905596952497344,-0.293772204115565,0.4632803680478008,-0.49399799734761535,-1.549049625396577
2000-07-21,0.5784683782513699,-0.35591404799785153,-0.8026853647586888,-0.5548785729257774,2.563466453017308
2000-07-28,-2.3748931821576345,-0.7699666282195979,-1.846327443981276,-0.4248399644611617,-0.2117981020808848
2000-08-04,0.1716970519132506,-1.501010178936479,1.482767843559396,0.30928522617741616,0.4490876070594931
2000-08-11,-0.3914399678411482,0.6289586682744732,1.0232924555608627,-0.045181265437940495,0.7855881562872075
2000-08-18,0.8030755608720195,0.988558090899053,-0.5592983253856798,-1.598236112457317,3.561099360361073
2000-08-25,-0.33715196149893917,0.0022278999581987853,0.2735676081841256,-1.4224403818346583,0.2430207097419947
2000-09-01,0.534476793398558,1.8201773549966824,1.8563777393351149,0.5711283094827247,-0.17352173987951394
2000-09-08,-0.5892574111699943,-0.4252954071108746,1.5644444443916012,0.4885712992836311,-2.2680792332542308
2000-09-15,-1.4001930603947017,0.32886854592675124,0.4213081847721956,-1.2651571431742015,1.4507551509414396
2000-09-22,-0.40507412927309705,-0.7782694113905798,0.2828269238158875,-0.24822682316525255,0.1836421205180996
2000-09-29,-0.7366591213064289,-0.089318048530622,0.8644915778178871,-1.076082572210572,1.5044574453742967
2000-10-06,-0.3154100825479123,-0.7999125377105131,-0.24576131774006024,0.4049593299090211,-0.16125220956474356
2000-10-13,-1.388036743939626,0.3520192099395369,1.0852580208328817,0.34953256692952056,0.17061424547220358
2000-10-20,-1.434170282988171,-0.539769274267748,0.25339470694067096,-0.3083820445958951,-0.9265784009367808
2000-10-27,0.1458199064718905,0.15639574016113597,0.8749123108853768,-1.7195704254314534,0.8790131890442565
2000-11-03,0.29553187348473653,1.0580409863359792,-0.8809763322205747,1.0466669716125205,0.7820951060617344
2000-11-10,-0.25619220447227514,-0.5526509508362744,0.8579901026107294,-0.2576181568360293,-0.559311743174052
2000-11-17,0.6106051334216324,-1.6485938337786785,-1.8590891820570392,-0.2635312532810356,0.07134266030579828
2000-11-24,1.3379207202573085,-0.3152393087665174,0.7713022020371673,0.5304629966178834,0.7480534787755926
2000-12-01,-0.8210475477087551,-0.8176310473938309,-1.4641547922281952,-0.15446765301809165,-0.4765260322311789
2000-12-08,1.150685673167973,0.7078398314607597,-0.356127846664293,-0.8570379547151138,-1.3974388259303507
2000-12-15,-1.3601688401854373,-0.1624063872182106,1.1355418651147868,-0.2414724670784389,1.9108822601725333
2000-12-22,1.6189741395305695,-0.41809843596640256,1.378529582942419,0.22481014464290802,0.6718920625606607
2000-12-29,-0.4213073462033928,0.5080211344445491,-1.2338462079871548,-1.0260625524601676,0.3584936342027832
2001-01-05,0.7063823648319675,-0.46454492070856634,-0.2927833846001761,-1.4971344838764165,-0.13205107276317832
2001-01-12,0.5104309497181828,-0.8238821374845561,-0.41585184432240996,-1.2672861896857992,-0.8641803069891767
2001-01-19,-0.9733801449172081,1.6060044458216889,0.8536850494501633,0.32309359754373523,0.5400956674896614
2001-01-26,-1.4070198480376601,0.44321491525552825,-0.38207254780304706,-0.47280322484139736,0.5626596138587173
2001-02-02,-1.0916723874623846,0.17549136927396056,0.6581889962138533,0.5123644694634069,0.2539476605212436
2001-02-09,-0.10681402706199387,-0.4249244162472557,-0.711940882849978,0.23754791473880593,-0.07069980452076612
2001-02-16,-0.45119278926927386,0.44165595456646894,-0.4334173811345932,0.46350039781942753,0.039637321556586926
2001-02-23,0.7468874607135674,-0.00246489186475864,0.9821173498508473,-0.14570559784575765,2.5954436984722786
2001-03-02,-1.7661125836263545,-0.24471857990844129,-0.9871641416290476,-1.8401067050129956,-2.378920145207519
2001-03-09,1.181261906872904,-1.0347957510600454,-0.21252777689306834,-0.39658991392383264,0.14368156065224832
2001-03-16,0.4926772674694962,-0.579275537828823,-0.49605075471955334,0.362841908684852,-1.8243926801533124
2001-03-23,0.5388132114657325,0.18990614160981276,1.7941988182920867,0.13754725874037535,0.2851291940843367
2001-03-30,0.4166851422847346,-0.09819840840687899,0.5484625673371729,-0.7382658471471456,-0.11380254770229199
2001-04-06,1.2036246744797279,-0.556834595024482,-0.629733122644469,-1.1283440472875654,-0.031194839245118247
2001-04-13,0.2873626023851629,-1.1027689485508034,-0.6730006600011914,-1.1973912462428775,-1.4589379604694241
2001-04-20,1.989921335390889,0.3934454203174921,-0.30015242560826566,0.21032751846294412,0.49710569219724976
2001-04-27,0.05527768115785856,-0.8376349535238169,2.803582902265254,1.8928799416834863,-0.27038774527259934
2001-05-04,-0.35855595206505914,0.43869549900204396,0.3504689092257166,0.9542200651965488,0.4401682689215075
2001-05-11,0.7418143461916847,1.7099045708844745,0.35327826969730103,0.11625341949942503,-1.5922257769583588
2001-05-18,1.5122663346309688,0.6206800727449778,1.8238105381758738,0.1465164409282051,0.47816012139657715
2001-05-25,0.738743917746726,0.7129481751492653,1.6092435924165893,0.31210474531540966,-0.4496556339335618
2001-06-01,0.01892965493588195,-1.9067993869505173,0.054228472173580476,-2.032570021011071,0.756351573254085
2001-06-08,0.528497431172222,-1.1869889902711772,0.7238021540103236,0.8403549410436137,-0.9347488118202852
2001-06-15,-0.020768985928798403,1.8541992497700572,-0.47465212554672753,-1.3864611821979331,-0.5114145789182757
2001-06-22,-1.1233209164917601,0.2216483091758007,0.1759179064836765,1.2128618951015602,1.131272957224755
2001-06-29,-0.1692022349920776,-0.3355756256275148,-0.06820900339555694,0.6154326485987193,0.37384099896684697
2001-07-06,0.9609788910958069,-0.8293919389677816,0.21997270461952065,1.0942379748434046,-1.2135160715081925
2001-07-13,-0.6631563123668364,0.36291139593386645,1.7248233447470918,0.5535274410689419,0.3282746103419817
2001-07-20,1.4348002139011309,-0.2611347180935474,1.9691299694313271,0.6396973991653068,-0.363023796361348
2001-07-27,-1.2933600244346861,-0.13913352717617994,1.628898032818951,0.7476472190311,1.0975473510582054
2001-08-03,-1.081024259938934,-0.7813190629464927,0.670904386302562,0.907585058776162,0.507400315966927
2001-08-10,-1.2136819037835322,1.2707945939081995,0.6790717280837918,-0.6869487316540698,-0.4119009032705178
2001-08-17,-0.019646929324442043,1.7066680522791053,-0.33302251447717346,0.3849566552925082,1.1284453090823248
2001-08-24,2.92154309992254,-0.6927694967918754,0.8478366954698826,0.6337272929613841,2.0811733935499372
2001-08-31,0.3786365373683269,1.0446956282384465,1.6631095114797438,0.7850552237016472,0.814286995703493
2001-09-07,-0.10666729948223296,1.3384141576415427,0.15519954938172698,1.140137114718629,-0.1324984162826458
2001-09-14,-0.1085857773953805,0.09125158873491208,-0.7440534662987476,-1.7780811277609747,0.4419810009427668
2001-09-21,-0.5767601698132329,0.03563785076722788,-2.7674496748415622,0.7011935114380659,-0.6400255321315581
2001-09-28,0.20853991667573465,0.322640976560819,-1.0125560865765852,-0.8318031063278539,-1.868072691400384
2001-10-05,1.1570632214341132,-0.9509993598488677,-0.2823537386365559,0.036449741738524305,3.0164138121276967
2001-10-12,-0.7001216723834062,0.424929649410223,-0.7179808331056226,0.1431834716582716,-0.1562875351813005
2001-10-19,-1.392453824327964,0.7527988798647178,0.7535982015368139,-0.28422879904549625,0.6110073830337737
2001-10-26,0.8628837532229403,0.8180285238761256,0.9415315346843934,-0.9890236853508589,-0.08818122932328554
2001-11-02,-1.5879557242512132,0.6843016621904638,-0.0324637087766844,-2.1531439632774596,2.1722063858299583
2001-11-09,0.3453265276366193,-0.8991354485295344,-1.648322303418062,-0.750550490811715,-0.16484912578737793
2001-11-16,0.3963200260986372,0.29488662143087985,-0.6124513651825297,2.086330749595047,0.5618923193746159
2001-11-23,-0.7933514616130396,-1.0917829452264893,0.6117789103667343,-2.8466483216987695,-0.21072273174119574
2001-11-30,1.3550680719464698,-1.8645847836864589,0.6456899523895719,-0.5955788008786329,-0.07090263963199926
2001-12-07,-0.20069731675617458,-2.1758804870662165,3.229206988344913,0.9025661939060323,-0.3043445440544917
2001-12-14,1.7974265453698006,0.2102781725979328,0.9951625383445156,-0.8883533333231557,1.0787813992526567
2001-12-21,0.2781806528921443,-0.6349910113523556,-1.716006772739096,1.0693273809366068,-0.13092691796043648
2001-12-28,0.46853652683937563,-0.46456485688956783,2.618831725478709,0.04291300803631367,-1.192009771376818
2002-01-04,-0.2869745041541396,-0.35295309055908763,0.7398124940556621,0.45774027557806773,0.25124367712625434
2002-01-11,0.613539772797217,-0.1451046104953033,-0.11611819581167561,0.3053408913500466,1.0454689473093826
2002-01-18,0.9805552876676884,-0.04066305490667128,-0.9076631431126471,1.1318972670711953,1.0602923851884527
2002-01-25,-0.926278606770906,-0.0019597300491242396,-0.6748079342809313,-2.3840455654953794,-0.22026692768534326
2002-02-01,0.8932720984361173,0.8491770313024671,0.7741697872051062,1.2120388829142854,0.6483929875896121
2002-02-08,0.9291120716330239,0.7072927250888507,0.09773484596677354,0.5364774165317735,0.7710603274780685
2002-02-15,-1.5910938302217117,-0.5544744781311162,0.8761559613862384,0.2601601697536427,1.197752884415007
2002-02-22,-0.05662612230585226,2.098485448648379,0.6030145484793589,-0.013871695440755146,0.5673242232140716
2002-03-01,-0.40326505919390526,-1.5212935631296283,0.95896510420623,-0.3851131596665559,0.42499020849113117
2002-03-08,0.5765718178819621,-1.7349016079570676,-0.4186708670038079,-1.064641096191373,-0.8530315478451672
2002-03-15,0.5269017571523885,0.32951616035221654,-1.111507509457215,-0.8814256223844501,-1.1479729629610458
2002-03-22,0.6337148746062377,0.0010276392353842612,-0.2105769784764451,-1.0001093169467463,-0.7656133010816635
2002-03-29,-1.3382682376608839,-1.191477020352852,-0.08604541230487514,-0.16570761133996328,-1.452079342439135
2002-04-05,-0.647152141239649,0.9823707974151701,-1.332784477463945,0.3120368881210063,0.6997810640078711
2002-04-12,-1.081815500741668,-0.5703490472467432,-1.7599428822521805,-0.9790178322815932,0.5653825328219718
2002-04-19,0.16545186284746824,-1.9868608458553962,-1.1830331176860858,-0.1181810921172781,0.8706366082198524
2002-04-26,-0.28710644257755424,-0.6945133977507923,-0.46720012323494947,-0.3277166960960535,-2.1097576765542723
2002-05-03,-0.7563467683762638,-0.06933701096723177,-0.10788920059371226,-0.21396775260055806,-1.278359393685708
2002-05-10,-1.5610329558888965,0.42588815016934545,1.00250081243638,0.9044701813282223,1.7517964918133109
2002-05-17,1.0920980311269022,0.5808739444694624,1.040667614559579,-0.6189824599146009,0.012714027551205077
2002-05-24,0.9817214279105967,-0.2682685270907159,-1.0260053219395173,0.8804587741309473,-0.7712705426183957
2002-05-31,0.16872015502250326,1.4302037405862897,-1.3755132643967338,0.5540847878804773,0.7913894642220113
2002-06-07,-0.15534164728279895,-2.0707117302083917,0.8703248449914988,-1.2631726653599722,0.3568559653618848
2002-06-14,-0.5967731924866865,-0.2684120919214064,0.3895113418684467,0.6370094917800829,0.567427769720977
2002-06-21,-0.8829402453444155,1.1649051296499675,0.8092921751847812,1.1479664091807567,2.735906494031575
2002-06-28,2.7208615165128482,-1.7873326267399177,0.9443713804006186,0.6217032490466524,0.5885547216503139
2002-07-05,-0.2847305164197353,1.1159584829391367,1.37021373386748,-1.1474719107612454,0.056504765387476064
2002-07-12,1.7310954153319345,-0.5907935873431277,-0.16841181957799875,0.8497289024115943,-0.489088702838513
2002-07-19,-0.8971924361316201,-1.5552740442104036,-0.45408479939108526,0.6570998087929855,-1.914306202659625
2002-07-26,-1.4913930493716197,-1.156098318206412,-1.0049590709664078,-0.5405464358399765,0.3910464057262325
2002-08-02,-0.10595879479652431,-1.546852813391745,-1.7768506990573565,-0.05730417462197174,-0.15031026609132742
2002-08-09,0.1117540025181621,-0.4648620499553898,0.21962230641651007,0.6345371290876004,1.4585639983602239
2002-08-16,-0.3890143370481989,0.6474497527456962,-0.31787142317791445,0.4581315628623602,-1.3661640823382242
2002-08-23,0.16396514564523404,-3.480146045330077,-1.484369958819372,0.20826650111907744,0.09649017586622559
2002-08-30,0.7647659964566214,0.17471562317545494,-0.39453397510342925,1.1433857708521136,-0.45609054899532137
2002-09-06,-0.277514440844739,0.408331243426502,0.9738725608348928,-1.0776760285543112,-0.6063254169090518
2002-09-13,-0.6571075456268476,-0.32315120266721153,-0.8758264788919258,-0.5255362190326129,0.7153674474700569
2002-09-20,0.48912531164385015,0.021614840168973245,0.8542735361071646,0.2659119425152066,-0.36652486600279
2002-09-27,0.11269700764181008,-1.1048139486805213,1.0064478937393944,1.0456091195116035,1.4601237818013673
2002-10-04,-1.7465652954722781,-0.9250366638153166,0.14149118113106787,-1.1044060912742597,-0.9166517050297643
2002-10-11,1.5089085014888985,0.3303210337002939,-0.9602738293010099,1.1968374532898385,1.346401521240788
2002-10-18,-0.06983300715860463,-0.7132286119561494,0.27805514718385016,-0.6075791829800379,0.6396848529838329
2002-10-25,-0.8172581461032168,-1.3035972074870623,-1.0465375042749823,0.8099631259074536,-0.6208653883090761
2002-11-01,0.25636899770460936,-2.6993682335708478,1.1308260043856737,-1.4693515872732403,0.012699433329502545
2002-11-08,0.3896075518921641,-0.7755602321081836,-1.13625722273271,-0.7197157124437547,0.8906086704551236
2002-11-15,-0.2686955858197901,-0.47299909632519754,-1.087485720182035,0.5181991638531233,-0.6638929771557337
2002-11-22,-0.6546661621491835,1.0366535742056329,-0.5060752974465715,-0.9519477173064675,0.351175055088793
2002-11-29,-0.34247610967166,0.04495808297233997,0.41604885720275375,0.9435648092038642,-1.3273795492347609
2002-12-06,0.9847900199117948,-0.314121298837077,0.8473819947397657,0.44213667121186134,0.7251985403253959
2002-12-13,0.5708299400506998,-0.022072060800626618,0.3134391468964509,-0.21344052705635808,-1.6310986638022473
2002-12-20,-0.37574734961774614,0.08316614646046129,-0.2994657522490095,1.2120595057320318,0.2676022200083354
2002-12-27,-1.5296356338133115,-0.14302711567542256,1.1636852649647562,-0.13078704283295597,-1.4267744474304236
2003-01-03,-0.1962416149150957,-1.7195139187995503,0.3622994914502426,1.6537882582975574,-0.239168552400392
2003-01-10,-1.0396480728769901,-0.5512742079799475,1.0627954047191355,2.1713186223954315,-0.12017041021024626
2003-01-17,0.40102494581619597,-0.15051431283503044,0.10291859201361758,0.04875002854508076,0.770745893501652
2003-01-24,1.2336935235181683,-0.28591860835146066,0.5180764905340809,1.274947874175657,0.8797427912853711
2003-01-31,-0.039417097835028614,0.15483008498933587,0.06633730332991615,-0.7805440795472299,1.613053847801696
2003-02-07,0.6493275002384017,-1.2763966282243941,-1.2118378059522763,-1.460571559268544,-1.8058913582399205
2003-02-14,-0.5028256349495586,0.10958646028326889,0.4111663115451956,0.6027498606052483,0.608619655447908
2003-02-21,0.9642471929883848,0.9254201830121037,-1.0893400056816762,0.6425848682760898,1.191491444251373
2003-02-28,-0.6963032287635457,-0.00971272054102205,-1.0518148812502512,0.2943777222154047,-1.7600437708658883
2003-03-07,-0.5280223080038592,-1.0426506548195655,1.8351924001659736,0.8909874104834438,1.0794199916866687
2003-03-14,-0.33548018199090335,0.8144964444023616,-0.9273187718874129,-0.6439390616085144,-1.1425183515642896
2003-03-21,0.4914662881714549,-1.9164183066836005,1.2226422381102886,-1.079027862999524,0.17498542082529064
2003-03-28,-0.9957179892829893,0.8219075918869286,0.2014762211184205,0.23040139629589299,-0.002687289631057053
2003-04-04,1.1835290354955919,-0.35775253894443926,-0.8731617655098662,0.20030612792765695,0.5507010245935609
2003-04-11,-0.5980147258491008,1.192096955878272,0.49039614366116285,-1.0404919045048524,-0.28798757510892753
2003-04-18,0.03172523510678136,-0.4720890228052284,-0.7876965732656372,-0.35615697436421345,0.10906466423545025
2003-04-25,2.5810406702628788,0.20147534703642622,0.6350670335887413,0.35188604251956607,0.2382593867232903
2003-05-02,-0.525909330805333,1.3434261337643298,-1.3362734297704626,0.8267400319432598,-0.08282495850244422
2003-05-09,-0.7782561647659557,-0.5982363799673416,-1.4855826611807588,-1.9765426399689132,1.2141094606458251
2003-05-16,-0.043497164983879066,-1.4727558438928232,-1.8415958680765465,1.029321671533843,0.010847839447902127
2003-05-23,1.5517000387896023,0.8126232439146672,-1.1023486931299773,1.2167338574582303,0.7504071295763113
2003-05-30,0.4514084414287614,1.1190861817464008,-1.6542900426911125,-0.9168225606410259,-0.2412361033372726
2003-06-06,-0.7313200251610563,-0.4454597292686785,0.9115347854713337,-0.649350201135192,-0.038067506072532294
2003-06-13,0.6159893052630543,0.2898294358238872,-0.5636360081263438,-1.281432165122373,0.9865937721773995
2003-06-20,0.39243987835125105,-0.3424713036249179,-0.6140329542956995,0.5247774541807643,0.36493969136556936
2003-06-27,0.17537815451911656,-0.37550614802291604,1.054481748118506,1.9450870605402848,-0.357761469478566
2003-07-04,-0.6655789438426193,-0.5079309970257604,-0.8262740741818985,0.30658645364136944,-0.8273659977986741
2003-07-11,-0.5120959241816258,-0.27991308726419645,0.8970985204559547,0.09397841652404505,-0.6081521632729665
2003-07-18,0.1157075566985614,-0.7860819918783096,0.7409005334946087,0.01754492639326253,-0.8643696053406489
2003-07-25,0.5297482569197006,-0.1950081647285623,-0.6515828009495355,-1.969120698260789,1.1544099972838224
2003-08-01,0.6570474682055144,1.5821265722615074,-0.8144087805563419,-1.4107421155817261,1.5928800925635136
2003-08-08,-0.1895363337637157,1.4193808184075754,1.9305501166785686,-0.9767307677117776,-0.3681125429071166
2003-08-15,-0.7775869434088724,1.006149473519245,2.2465218351966203,-0.2512826882326262,0.37012359221410196
2003-08-22,-0.06630825521049122,1.0772898473978683,-1.9680435188746654,0.19918827862412036,-0.5401894174198408
2003-08-29,-1.0283328492219357,-0.2959191019168786,0.2552810027629043,1.2000404922046854,0.26582313736924146
2003-09-05,-1.1963012487197684,0.5632704339858376,-0.29032011369436495,0.9074563946546808,-0.3082169336740046
2003-09-12,-1.7158146114307375,-1.764659818711689,1.9026543182144784,-0.43124188371954,-0.9146114664145781
2003-09-19,0.271352325155024,-0.6073298947146517,-1.0332481069907944,0.08431591713354952,-0.05193741898101543
2003-09-26,0.9124463260683069,-0.19955561882081319,-1.4601078476671936,-0.6866740408652244,0.6286948909580578
2003-10-03,0.29511453445986474,-0.5334024478105073,0.7028856066775806,-0.3307304280878898,1.2984943569547047
2003-10-10,-0.07748065922660471,0.16533161919325692,0.5043300691341375,-0.18184277199206642,-0.2353588177654769
2003-10-17,1.55817119309588,-0.5956151748772683,1.7016697510802778,1.3051413762590436,0.12075151895159691
2003-10-24,-0.30344237215915804,0.6931615344906091,1.4545718091184066,0.5875087073273256,1.6843414812863926
2003-10-31,0.20600685016207199,1.7686048591241919,0.9860494351896104,-2.2145780630740863,1.1777280095876734
2003-11-07,-1.5730014404919492,-0.9097702040624143,0.40784332714452426,-0.8499421495949243,0.6438780098961402
2003-11-14,0.4124936477063801,-0.07489167837178863,-1.6960536638745647,0.8776236208336453,-0.6404567916260595
2003-11-21,0.9456573174387294,0.2512900791105168,-0.9330914128759228,-0.4922188024449581,-0.9799545550701821
2003-11-28,-0.3073626028270091,0.20540883918603162,-0.1455522084522079,-0.4525171919919227,-1.3331780272598577
2003-12-05,1.049367383772301,1.4375947445973059,-2.5199080799961635,0.20689212596542192,-0.3356732043301131
2003-12-12,1.2821770670801445,-0.595066871156727,-1.3831038335689594,0.014920918896170714,0.16149732972392775
2003-12-19,0.2220076725126425,-1.4000165549952233,2.2693955968954365,-0.12535212717341376,-1.434544940514096
2003-12-26,0.7060953862744729,0.5582717029089304,1.9403475578591187,1.3600153044915735,-0.9092350159676476
2004-01-02,2.0374681290108394,-0.7469806863996722,1.4408512002966798,-0.28170110144633737,-0.09712698678755664
2004-01-09,0.07240194113903602,-1.2498782303336469,0.7748400612847516,-0.8474375998305183,0.46388611038901595
2004-01-16,-1.377337646488598,0.20703078616996348,-0.04376466722131462,-1.2649419035842178,0.985487164197346
2004-01-23,-0.4666277866458991,2.0983362707025237,0.19878809752110335,-2.2718427098068226,0.2853150648038362
2004-01-30,1.2135937078500956,0.3093615041582171,1.5719457804605508,-1.3904058534477686,-0.0786413617033544
2004-02-06,-0.8591728072694492,0.23260305042090482,-0.49734172900498935,-0.6334065585834044,-2.390005580665034
2004-02-13,-0.6500591510016903,-0.3014453450356896,1.7832814383873075,-0.09622047198028473,1.3639684944310537
2004-02-20,-0.5392427502651163,-0.8841290553938358,0.24552808029923384,0.49871660209115193,0.3642017365158325
2004-02-27,1.27588235321567,-0.8784226457252483,1.371627910129282,0.706323805673642,-0.6040266630761361
2004-03-05,-0.22950645390983937,0.7756294495709072,-0.3003599953539146,0.42434808842514365,-0.3402724438620035
2004-03-12,0.7987732652050737,-0.2100821561412471,-0.1097512881846537,0.10706497028956322,-0.3746710715600325
2004-03-19,-0.014736282789165962,-0.10942471376549151,0.8357967863650505,1.6587487057390287,-0.7649357184837718
2004-03-26,-0.07837215502248254,0.5288898905719223,0.4152724979903937,0.7121317370014525,0.871528185549876
2004-04-02,-0.4089882738256315,2.9561343098726356,-0.18594356664980075,-1.2827693680227636,-1.0932545988948856
2004-04-09,0.7357057057378427,0.05084565837401289,-1.9949689992214714,0.756622203132897,0.062112785612923424
2004-04-16,0.06517215348513827,1.879535395944861,-1.709829422492281,0.2233719500770058,0.8948666721630762
2004-04-23,-0.3393955253225269,0.9821824685395129,0.01683426559619835,0.22834175713586852,0.8913986528071003
2004-04-30,-0.18088817310910354,-0.05228424531362715,-0.04769784454238265,1.6406836946036207,-0.046422557729640726
2004-05-07,0.44819618744762707,-0.3503540723865461,0.05719433388822792,-0.29579791381476217,2.1013636252216528
2004-05-14,-0.3046349473188916,-0.3275740335203297,-1.093015794467805,0.8324182678266115,-0.37333284756761975
2004-05-21,0.8073630083380752,-0.6635797358493791,-2.500385091198603,-2.3596088768282653,-0.18826886651505031
2004-05-28,-0.46220409653226374,0.4819099256506264,-1.3943743304858034,-0.009691380663230997,0.30091678998757615
2004-06-04,1.0483210274606485,1.3130798709680003,-0.30142143924552894,0.22506703714915866,-0.22764500439843333
2004-06-11,0.9283716670578486,1.2612360356346415,1.5544079344614838,-1.7098484253423905,0.03989953430936016
2004-06-18,-0.1359831275322932,-0.38117999886621035,0.609634685626411,-1.997199884130775,-1.6218867857419268
2004-06-25,-0.5293987666313447,-1.4793745061163235,-0.6541320323203842,0.20085584484432348,0.20087466058644518
2004-07-02,-1.8280501299334058,0.6727344269754801,0.47765786462952464,-1.6097807106048798,-1.8113780270609123
2004-07-09,0.9106611513269126,-0.6616237457145613,1.2644044645298271,1.7491667636652335,-0.08049048302309747
2004-07-16,0.06479702020877069,0.6055487854927968,-0.6105266803286247,0.0004522630219791612,-0.7774836245451923
2004-07-23,-0.12967230727940396,0.6676893161151419,-0.5280313064159529,-0.009041053677669775,-0.07042112505571843
2004-07-30,1.3379077097159833,0.14305003676518066,0.949739150593168,2.4334981915659686,0.09181715938068566
2004-08-06,0.07777445467987923,0.4415814970093018,0.06891991795013651,0.11637504452360069,0.23821365125367605
2004-08-13,0.037634170138690214,-0.22359911413942093,0.1747565309062612,-0.4774364079624488,0.5527503366649124
2004-08-20,-0.3130175319765787,-1.1229912675000766,0.3424639299977071,1.1526923409827712,-0.2633356421493552
2004-08-27,0.20556638596970508,0.22506234250694143,0.36713888588855953,-1.208841982326095,0.41323684408643396
2004-09-03,-0.5526654802728602,0.4053368614625499,-0.036449073803517536,0.3507784390705692,-0.3833446363805253
2004-09-10,-1.3567837824930011,-0.7673537758169389,-0.29046820647843336,-0.4350851154649163,-1.9040490848173657
2004-09-17,-1.6041933626169045,1.2114088476800606,-0.2896786201540558,-1.0464966097675756,0.24898874083187297
2004-09-24,-0.9066651813414283,0.83895859665937,2.009272241298852,-0.8241172979487276,1.438299015458025
2004-10-01,1.3198267793349088,0.6020193423724951,-1.7831331880791295,0.30439703893215636,-1.7786278076545254
2004-10-08,-0.3187530611175022,0.15639457561863232,0.1353938448184641,-0.5188600195939882,0.6145257360288711
2004-10-15,0.8342784340820454,-0.9688355024530869,1.1671446986197975,0.5402944598656375,0.8869716917168162
2004-10-22,0.9424307112920289,1.476153958612584,-0.8448572481485735,1.044239083889397,0.616263007427461
2004-10-29,0.14826921263190668,-1.1574181920686633,-0.8244233942406408,1.193753018734411,0.34443703953781546
2004-11-05,1.1829352073592687,-0.28968555439550575,0.36810072715201503,0.24441747636461558,-0.0549348218664438
2004-11-12,0.2552604832487817,-0.338623015854601,-0.5409553521944593,-0.698316360335869,-0.22111647995180428
2004-11-19,-0.09191799377496178,-0.4273458939695011,0.7821502394932862,-0.3965472698656452,1.0405544963371214
2004-11-26,-1.8276963494635114,-0.09415363666538093,-0.38932555349371323,0.05794042882037955,-0.2546846507181958
2004-12-03,1.3514410839181148,-1.9067833066075253,0.5764039458062147,-0.6452819334305966,-0.11321433813189036
2004-12-10,-0.9170502600349453,-0.05231475335002665,-2.265093660846803,2.0118307879386568,-0.5471778995052657
2004-12-17,-0.132178876813898,0.5027462272844692,-0.8153987113891407,-0.36027340982543377,2.1603974950341054
2004-12-24,-0.37321500399321517,-0.8858589444558169,-0.2840178632166562,-0.11378838997079843,1.0206214490968188
2004-12-31,1.3948066726119368,-2.1492516376005275,2.3670915395398366,0.5495817371616516,-0.7164378792253216
2005-01-07,0.4421591818953993,0.0775213804660893,0.2429390237327436,-0.3544116809906765,0.08388874011774039
2005-01-14,-0.024756473214987595,-1.23123431531304,-1.1761117737449005,-0.42563347216394637,-0.16714563706135832
2005-01-21,1.3680854054230585,-1.7717538685457284,0.6216339976344263,-0.922964105539862,1.9572192924810026
2005-01-28,-0.255566265973062,1.4772006532130726,0.25394115594246447,0.08903634501384854,-0.9484057189845616
2005-02-04,0.06201908039721976,-0.0015154203389088723,-0.5269913983491905,1.331635022133336,1.3593020778579126
2005-02-11,0.8953153647923878,-1.1839532977074396,-0.5175093601221009,-0.8198481833554646,-1.3060234458998958
2005-02-18,-1.0163137460253406,0.9350310836283341,0.19667267502279545,0.6132692794415312,-1.1158735220757505
2005-02-25,1.2292674084330815,0.6012036592221169,0.7945543583659104,0.3459145168722223,-1.7781920710756012
2005-03-04,-0.30120751909052307,-1.1433069550832655,-0.8434748554642145,0.05915421389092297,0.7884363520953921
2005-03-11,-0.6345709962089664,1.9425959612531516,-0.4235031342772667,-0.12005091858416363,1.228627334937644
2005-03-18,0.4011224596725479,-0.16163085655625117,0.7776877114508464,0.18900414150844774,0.17969955794926404
2005-03-25,1.5258399434271208,0.49688784265887126,-0.09497048626433634,0.6980283323606079,0.49760070281395213
2005-04-01,-1.7605767295031618,0.906068059498921,0.9453047039572908,1.3054460327372377,-0.012361436482737404
2005-04-08,0.33540239943910605,-0.3127568995165854,-0.6243245663118041,-2.009248723122001,0.5760403090247812
2005-04-15,0.19321249377340374,0.20411721857662524,-0.29603441997038715,2.625008418242928,0.5881714091163233
2005-04-22,-0.5822844262176167,0.06531272037752546,0.4421179456148117,0.2846633858203673,0.6286950575398221
2005-04-29,0.8153269972203063,-0.5687307827930486,-0.2276754065939952,-1.5089153942406128,-1.0657744037905093
2005-05-06,-0.3997270797498586,0.04754512187120668,0.4835115790194432,-0.6888398577184681,-0.8630736275225142
2005-05-13,0.13944058154519576,0.24314927565439776,-0.8312665122555567,-0.8461808602945614,2.2842567838220593
2005-05-20,-1.5279162540471378,0.10343872936477182,-0.25801016093231105,1.7697078042511778,-1.2091517794860838
2005-05-27,-0.27470531084107497,-0.6874187825846304,-1.5325602851039681,0.5536331266119517,-1.0593552167386497
2005-06-03,-0.5031362795591661,-0.12680961168729987,-0.774371026590574,1.04004509798927,-0.9573464902776346
2005-06-10,-1.510636783356376,-1.2977885755320575,-0.1567798661604577,0.5176428651142528,-1.5987559815958385
2005-06-17,1.3864521247579795,0.03219942239871001,0.11395000771697535,0.2790555657823588,1.098557889425161
2005-06-24,1.185161478997367,-1.1956210157308662,-0.2643926754745693,1.0409677261846113,0.0471153194263145
2005-07-01,-0.03800128678095866,-0.37469665831017523,0.19984858072160233,0.43695060478211195,0.1513956544541676
2005-07-08,-0.4935706828688232,0.5876701490335964,-0.0025659518454324575,-0.7673988107487524,0.6575268982762208
2005-07-15,-0.4220830494356988,0.4650425091107997,-0.22990890175839493,-1.2856955125493759,-1.6973906331350117
2005-07-22,0.5605161076311299,-0.4225536908857314,-2.2155327484867096,0.3626147786883559,-1.0123373508818672
2005-07-29,-1.4124999527609317,0.5512214801733587,1.530263192709929,0.33274001076498977,-0.5244069046107454
2005-08-05,0.21912772290083624,0.9905124662579046,1.256185657854547,0.9038071578492779,1.6766122598045203
2005-08-12,0.0010032652373804846,-0.43778240585618156,-0.8448202629284773,-0.07683063729801273,0.17205978780356013
2005-08-19,1.165407270176038,-1.0378135452783561,0.3376451437573865,-0.7611705138177449,-0.41282730152144376
2005-08-26,-0.7545843398683051,-0.2430665638203749,0.14978961595879928,1.0217470668427648,-0.49194692031638887
2005-09-02,0.4294511744727898,1.2568036852945585,-0.20873813898085425,-0.08975405170302031,-1.9647347977458576
2005-09-09,-0.07853904720774797,-0.07924260853795667,-1.7935074945442628,-0.9551644701384429,-0.458990671741607
2005-09-16,-0.6981999400014424,0.4891467142506768,-1.8695721561790182,0.9187405365431837,0.8351364619069415
2005-09-23,2.095519972897806,-1.1399857057091558,1.3397686742766344,-0.7317274753795574,-2.2231273426551046
2005-09-30,1.9074930919637203,1.97271335223694,0.5382726214891111,-0.5503772429101771,-0.4032448922104571
2005-10-07,1.7929787386154121,-0.861268053807114,-0.6775846831159567,-1.4243325508217413,0.14417107728828218
2005-10-14,0.08046156995234129,-0.8318438797345329,0.029283934430639064,0.9239534293105238,-1.135133668295667
2005-10-21,-0.06834414278902978,0.11532244202560073,0.43655051841918235,-1.307121037148564,-0.6953993011764167
2005-10-28,0.5867909451167357,-0.18363109398028474,0.6772188705105762,-0.887653157413504,0.20320220225393687
2005-11-04,-0.47264459482000043,-0.06084604533311212,-0.2530815509813068,-1.3644085133322672,-1.8803792810052926
2005-11-11,-0.6833720588854403,0.5909545536083725,0.7628527385497503,-1.638342788471115,0.32987380724954984
2005-11-18,-0.4970938118202409,-0.10675593532926998,-0.18472711499505937,-0.26482173712803503,-0.3184322771734555
2005-11-25,1.412200782889907,-1.4910060414536215,-0.5517685912650284,-0.41561275282806787,1.1243254827479991
2005-12-02,0.6331068362219194,1.0052024526699324,0.16745600167985145,-0.5139867020897101,-0.483677121020278
2005-12-09,1.2115332482622418,-0.613349475978009,0.36936670130963595,-0.09231812985319354,0.7216575354762098
2005-12-16,0.19555775561027988,-1.2515370075627976,-1.7019022628148608,-1.2510015364303768,-0.7847015211319918
2005-12-23,-0.865671332729931,0.4410767957865816,1.8760944284149044,0.17066479428677042,0.14254460520470863
2005-12-30,-0.33479577797796334,-0.8778706326752368,-0.6779209980301258,0.06711059126033363,0.3627719560676646
2006-01-06,-0.4104974296950562,-0.5947897598977916,-0.09102412251124893,0.2673060918247989,-0.45739858095974156
2006-01-13,0.31804209981465453,0.5012791051503873,0.2667639951109527,-0.4259399146003613,0.11200208243782714
2006-01-20,0.7563226293540277,-1.832253620548793,-1.5537989401483518,1.5204618573460018,-0.6370073041002755
2006-01-27,-0.03457825423180132,-0.014088669581413946,2.079272545432221,0.22455997261746247,-0.9447999431913131
2006-02-03,0.9287536831661432,-0.6429769833948011,1.316734681403098,-1.997220932149172,-2.0466282988971214
2006-02-10,-0.8253890487540613,0.05194962349015638,0.6853233571514794,-0.05709844158319237,1.2327516928714808
2006-02-17,-0.9922994579587505,0.43377733825623366,-2.3126327529467687,1.5419470051205817,0.30194551415185256
2006-02-24,0.30932032521666236,0.3770987793583589,-0.6874137773991992,-0.26409919982779245,-0.6090051199070106
2006-03-03,-0.26135978750224137,-0.30008597909681717,-0.3540747542892469,0.13813538152344465,-0.5798093123350501
2006-03-10,-0.37696628903670176,-1.3687481190449096,0.39060770132565326,1.2349536842446085,0.8991892870981301
2006-03-17,0.3826948879949684,-1.129714600688052,-0.29248101200073234,-1.1557369137907236,-1.6869033883399
2006-03-24,0.1841780234175216,-0.003257738353022496,0.8538512856300354,0.22778297220702784,0.14910592470336687
2006-03-31,0.6645926634235835,0.36716702713788013,0.9971927739817585,1.2974857337580548,-0.24692206280182977
2006-04-07,-0.5956665083348108,-1.164815931668931,-1.2879865758501265,-1.0349776451344666,-0.2990382692267796
2006-04-14,1.4754836901320048,0.49664985434923015,-0.3191521444164992,-0.6016207389709902,-0.5864329303574846
2006-04-21,0.8371717980500093,-2.242971214252992,-0.4045687266524568,-0.16654591512632247,-0.4496660184579378
2006-04-28,-0.064044244651334,0.6555591885807207,-0.46387324946735287,-0.540429639852337,0.42646541949712513
2006-05-05,0.5885048905009361,0.2035697366885414,0.27996343020525444,0.9336822065495272,0.07699123764347549
2006-05-12,0.8063518888904823,-0.2109655156021862,0.07719846447465312,0.012131700289223921,-0.9669613302218756
2006-05-19,-0.28354965353508527,-0.13934417246495281,-0.7330408968973018,0.4360905487134693,0.8309332625391712
2006-05-26,-1.1550010383387261,-1.1729356141855591,0.8837094127501628,-1.2911590898002077,1.9212815087856074
2006-06-02,0.240961022326606,0.3960202135912422,2.560329772649332,1.539690291831812,2.1393873747675047
2006-06-09,1.7678647759557804,0.29269824852403575,-0.49160627161909964,0.964106018601069,-0.12247007682621051
2006-06-16,-0.14550640911851692,-0.317832621587252,-0.7185650027977429,-0.13478845273240053,-1.2539280098776933
2006-06-23,1.8923309573951237,0.010487862529424364,-0.5109766894293042,0.4523086856405949,0.5700478030908215
2006-06-30,0.29886749389486766,1.0524174168781804,-0.1618659781380074,1.0392311898131439,-0.20577727532335305
2006-07-07,1.1890338708596957,1.0090505196911665,0.6401501822017138,1.1072543264710175,-2.592749058727319
2006-07-14,-0.21652569748040837,-1.2936656061006633,1.4594178241254174,0.015136272638417651,1.2709598684173122
2006-07-21,-0.45180310052622163,-0.5059938514050946,0.21918075098101245,-0.7573671371682672,-2.403481583323157
2006-07-28,-1.2768966856926738,-0.1975577569970304,-0.06157063605984062,-0.9518953078505145,0.8852133852655192
2006-08-04,-0.47834366524375116,1.589189098600328,-0.04968982495455388,-0.776631245216895,0.9097753868085551
2006-08-11,0.6208147213787395,1.0868145905509832,-0.7078124447213706,-0.4828211317494594,1.942994884480062
2006-08-18,-0.6906696123449068,0.0681681094224711,0.8771331266085105,0.8355155889504955,-0.7242074455922775
2006-08-25,0.5791340389606502,-0.01603236453233276,-1.1527969014245465,0.4559479053667145,-0.728695244779169
2006-09-01,1.0956518127210522,1.496857237514007,-1.3876917432716256,-0.3439448717050135,-0.21407648465297102
2006-09-08,1.482136474344467,0.863776597315054,2.1936435549189968,-0.133107886904571,-0.9438182196617695
2006-09-15,-1.1261480936380937,-0.7561597671488941,-0.03148520718866678,-1.0223782780094475,1.2284172378639244
2006-09-22,-0.45534872295363044,0.5415103586325,-1.4428775016776736,-0.12285393786523036,0.29908254161901926
2006-09-29,-0.7363826160397825,0.16519216636946274,-0.7771836635630525,0.19073093840672328,0.09009196968873051
2006-10-06,1.2088461762806482,-0.8419661594243353,0.7124895421735975,0.14188528394815336,-0.8037954121276698
2006-10-13,-0.6066815401080962,1.0246125252704856,1.0474713450929223,0.7450924775812087,0.26571258922156293
2006-10-20,0.8727132702774134,-1.02486059556515,2.132358106782617,0.505431304735134,-0.5100630067749513
2006-10-27,0.08925662921668345,1.3780684052859755,-1.5448255094880639,-0.16268047068036892,0.6289392798897525
2006-11-03,0.569744189283009,-0.3475862803727931,-0.4473143499597348,-0.3931282572613176,0.10888856649895104
2006-11-10,-0.5451980419696475,-0.748620726413235,2.0805382687373735,0.7884133797688442,-0.2442546954673262
2006-11-17,1.0199798670971323,0.5449012824558211,0.6379688675159474,0.14095843482225254,-0.8759970787830511
2006-11-24,1.0200356388660259,0.27139860652345,0.6504292257672767,1.4128510712588074,0.6605181680234339
2006-12-01,2.092966040912855,-0.9819014046593231,0.25883289236117824,-1.045627475651639,-0.08686765339538828
2006-12-08,-0.06032500186594149,0.6633363255971313,0.046644664741013545,-0.3239824153887689,-3.466346572484985
2006-12-15,0.6523915155877598,0.7826932760773596,-1.8023273842266363,0.6939524693471459,0.9932470253316036
2006-12-22,-0.4438733797784718,0.8428317278918828,-0.17918522158336098,-0.4429779511961129,0.5877799464899206
2006-12-29,-0.8287446433314815,-0.19968796879469183,0.48733389836032853,-0.3898279241004698,-0.6459619151158662
2007-01-05,-0.33555869757522866,-0.7350862767754867,0.32084421281487674,-0.17918731674622873,-0.5775818936183837
2007-01-12,-1.1605359850917802,-0.172440375826988,-0.6914722533940715,0.6141420007218013,0.10942426133328466
2007-01-19,-0.600642782986623,0.5027007658190286,-0.49402918753142966,0.8671070530257381,1.3811438209660607
2007-01-26,0.1891677742799907,-0.4597641057915209,0.579560189279791,0.0899697543188786,1.3777187681214793
2007-02-02,-0.22227473929283847,0.5239885231002143,0.9986891428092778,-1.9932489310862442,0.5919714897998235
2007-02-09,-1.0894529874554821,-1.6104218596044282,-0.595593127753836,-1.0621635725086183,-0.7318769002101048
2007-02-16,-1.2393684060114734,1.8839432556946092,0.04154350204671679,1.3341246500403774,-0.5322613568546639
2007-02-23,-0.7170561819827478,-0.29378180359919737,0.5804968226757338,-1.184944587923366,1.3992482310522238
2007-03-02,1.478294278065444,-1.1273724853681844,0.1651401387511579,0.1585490995553676,-0.7858317275917974
2007-03-09,0.20734433284166626,1.058084643515386,0.19349726166777306,-2.1858169070456324,-0.20723578413815044
2007-03-16,-0.28876702960635353,1.8359525207522425,0.15285400866442797,-1.2311667056630535,-0.026815878230362127
2007-03-23,0.43332841000481537,1.2140422267622577,1.5613372704202966,0.08932517414530021,0.7434953082001755
2007-03-30,0.13485745075660197,0.8876580182805609,0.11665347387477877,-0.16638461157486795,0.41322833718601193
2007-04-06,-0.04678526868667384,-1.7013737561203623,-1.3558127533075088,0.9064363995751199,-0.6813998524109284
2007-04-13,-1.7480848828662594,0.4362425636813726,0.6189397327523672,0.15752239936909485,-0.21808337004414854
2007-04-20,-0.5638007350205904,-0.4640612285944953,-0.7186669522333171,0.75926074531753,-2.338120117413658
2007-04-27,-1.2716629980111762,-1.8515474905019444,-0.2383610364948635,0.6399921514319847,-0.5416534192489981
2007-05-04,-0.816758927833774,-0.026708163898550956,-0.3120418314389815,0.0016264383919194858,-1.2764437519228362
2007-05-11,-0.5250426492210923,-0.45539293291170246,-1.2690331017460454,1.2767913959801223,-0.901756134519296
2007-05-18,0.46855711693880575,-0.33798310654695735,0.17038449772536154,-0.465615802416081,-1.1950143906499489
2007-05-25,-1.3405722268701934,0.9662996616716579,1.7045241022070807,2.126107964872637,0.3631447528982815
2007-06-01,-0.39365177083785013,0.381852287659543,-0.473913351836322,-0.14064443201424054,1.9068793757975953
2007-06-08,-0.14407545634711588,-1.384205193771805,0.5200729305039262,0.46450849858294113,0.6723264394929253
2007-06-15,0.3663912557839314,-0.2835908008269402,-1.3364414546147554,-0.44208509883455516,-0.061099707776497876
2007-06-22,-1.571026134974339,-2.062977120379873,-1.7178996383588365,-0.3547619954870805,-2.2089095457660832
2007-06-29,0.4213977976419001,0.31529120849307335,0.7385455204069481,0.6147237427257538,1.611192178830053
2007-07-06,-1.3537692355545392,2.1517312109160294,-0.5933375546240208,-0.6285309214195263,0.23847500901038363
2007-07-13,-0.4507247567379088,0.08088035625674145,0.7718787944466684,0.4998568966716689,0.20854785669414028
2007-07-20,1.276197893215524,0.5149090493819394,-0.3200165798095288,0.9215134260312868,0.023769147068582675
2007-07-27,1.1088632618693501,0.5291080855596304,0.05203531113346713,1.6096874774147014,1.3686106907261313
2007-08-03,0.2955653318719612,-1.075117451289755,0.950871976441412,0.08174782760100721,-0.5643632792751173
2007-08-10,0.005807131955581253,0.396336122732197,0.8512638439342962,0.43352733194473414,1.982528193788028
2007-08-17,0.29419778539666114,-0.8138982508659679,-0.6337200132655423,1.1698677902769488,0.1091192064322966
2007-08-24,-0.3057818107862929,-1.3219510683514188,0.7110537064622011,-3.109176870207582,-0.31825730190716056
2007-08-31,0.7180352409218291,-1.0496692627206843,1.3117946983349063,2.0924225770694473,-0.8117493358022057
2007-09-07,1.1871529254904627,-0.29457200854325716,-1.437547816213893,0.14101167676095097,-0.5096120128043008
2007-09-14,-1.065234648647326,-0.37921561266460924,-0.10901451780600217,-0.2808358745028353,-0.3172736345726147
2007-09-21,-0.1229264401939407,0.7124087733392075,0.3924557464535487,-1.7262639956461656,-0.324720661796823
2007-09-28,-0.5298217287888993,0.34879160017245553,-0.9475888769374833,-0.5950365785318151,0.49563034859014177
2007-10-05,0.2726874845221821,0.5281724449504785,0.4993910553786083,-0.8966671845934304,0.1954458865532829
2007-10-12,-1.0988801898695535,1.0155045049953206,0.4304058852968406,0.43166880984859457,0.4054232476970928
2007-10-19,-0.8121608744210704,0.2983289153751065,1.9052678556402933,-0.07701229751923198,-0.39377058705461204
2007-10-26,-1.0628622153556981,1.0583751687029719,1.0101331078813842,0.760954208833522,-0.9716188345434437
2007-11-02,-1.2476577887005074,-0.07034555443259664,0.7012611799117457,-2.9347833215214356,-0.37524116912084776
2007-11-09,-0.4045545370187392,-0.2500267682025959,-1.3116766860432953,-1.9963838854624665,-1.1491201261279393
2007-11-16,-0.049363025132119646,0.6148289672075072,1.3050152545359328,-0.17414438798085408,0.22542584963742632
2007-11-23,-0.43882703281374247,-0.08336998347953078,0.25299441616601187,-0.805965822484688,0.3459319685929918
2007-11-30,-1.1347578998157763,0.24760557183597343,-1.397222302932905,-0.586207791425949,0.5682478090925955
2007-12-07,-0.3118448243289094,-0.5518639885620892,1.0133826883536523,1.3288654888107299,-2.00000687424135
2007-12-14,-0.20256102346875077,0.3895799459620824,0.634025587346572,-0.263908649378256,-0.33435818910314813
2007-12-21,-0.7538429808131553,-1.1160953627614554,1.7346765613548087,1.780996510148262,0.05841796186839024
2007-12-28,-0.15133066851745558,-0.39269208872963157,-0.7596571977565828,-0.45768426128806877,-1.230060020577586
2008-01-04,1.6402556014688674,1.598762410634361,1.7312414135001886,0.9209837431451826,-1.2007849990785497
2008-01-11,-0.09948237861014628,-0.11561971739828458,-0.25939691897157136,-0.7762175748399915,0.7084123574060591
2008-01-18,0.016463481299196166,0.031133964417868046,-2.0243450360965496,0.3344637579887111,-1.021226260720832
2008-01-25,-0.7185063500035008,1.791831943519427,-0.7334830100227262,1.4761655556214142,-0.8341473515681137
2008-02-01,-0.013870597669271647,1.033425362336912,-2.1499686115204586,-0.928016798224803,1.008923799818733
2008-02-08,-0.6921185900642801,-0.12779860802204115,-0.30577631886235934,0.6290974239609851,0.4335535496294993
2008-02-15,0.901923441217419,2.0542473290381764,-1.9028389799185133,-0.33374424928869145,-0.8689321362755397
2008-02-22,0.6016409670727422,-0.7277746914937937,0.5804640377853161,-2.1830293084400476,0.27801182452596396
2008-02-29,0.5824401304179156,-1.241236807511211,1.3750086600459388,-1.7825153923248325,-0.4635680651348252
2008-03-07,-0.7682891600255376,0.45346034315912126,-1.1637107948781742,-0.545434705637322,1.0396524961958098
2008-03-14,-0.9771187322566811,0.4682635981149477,-0.36375011527146783,-0.6579600894877807,-1.4021078040767632
2008-03-21,-0.003128755195137521,-1.405661459741935,0.9080568084865261,-0.5643370105822358,-0.3811242540364651
2008-03-28,-0.8069459426331823,0.899970162808286,0.7217057218691577,1.5377018923773382,-2.1286883669061867
2008-04-04,0.3633142675314147,1.5224734884566586,0.6938622339777253,-0.8288658278767945,0.6316625193920081
2008-04-11,1.206180761045045,1.208313076298221,1.3987230615393982,0.8125460661323829,-0.34668156695353164
2008-04-18,-1.403520090882066,-0.848040303229718,2.492303146259553,-0.4309536979078396,0.7355926107996862
2008-04-25,-2.1685151921674257,-0.4355671224284952,-1.6326485348105337,0.9683383312944962,1.1581066347026527
2008-05-02,0.48586599449286194,-1.4544381957321297,-1.9849443727714096,1.7268460204287965,0.6196132253073819
2008-05-09,-0.25704805267493464,0.5661670744508234,-1.8536464423700232,-2.332256223087884,0.2198247125230578
2008-05-16,0.04187907085764476,-0.6908736137618744,-0.4995260471575378,-0.904966468880205,0.06437695553117019
2008-05-23,-0.27074997597615574,-0.1166805452691803,1.208544423429979,0.3464543160627887,-1.359031239278782
2008-05-30,0.7914695667442089,-1.737026461779853,1.0706461642275331,-1.5635915441714332,-0.8425646279168348
2008-06-06,-0.13345784142941844,-0.2153195785427017,0.37822484660088385,0.4598715573218023,0.48820704249852
2008-06-13,-0.9310352375850018,-0.7107022132855416,0.20564492295620873,0.7822003027097761,-1.0139968877248204
2008-06-20,-0.019524687512583426,-0.8058845455500779,1.2597435747832455,-0.20520097959654152,-0.24845870936178646
2008-06-27,-0.19446833865096563,-0.0904842605732402,0.6919857764187183,1.09072966614315,0.8427409751848539
2008-07-04,-1.876911473504005,0.971822709977739,-0.5121710828465122,1.261126287491291,0.45501274971816963
2008-07-11,-0.7118854115019204,0.5951217116062318,0.7139918418642408,0.6132655813092905,-1.0155964484686884
2008-07-18,-0.8636448793188543,-0.3805159449103582,-0.6783760278008595,1.335575363161164,-0.5635743478989309
2008-07-25,0.18383945106941899,-1.440665414489174,-0.5074613995158018,0.7538228928294796,-1.1095902214765436
2008-08-01,0.9373949785492247,-2.4731515259326016,-0.4221041952528642,0.12781724224443808,0.08332030648559896
2008-08-08,-1.126119036949197,1.1152188366208253,0.6911014005814513,0.12398051205918462,0.15220066567581444
2008-08-15,-0.9346006994956612,-0.3910261341451666,-0.12448593025649729,1.0602762559198242,-0.305143524836811
2008-08-22,0.7250520697266692,-1.3664927033445766,1.1813548202799262,-1.6642849672877003,-1.9408196650699299
2008-08-29,0.3857303213481958,-0.7879949435282652,-0.21185131428907047,-0.384230332016782,0.5460783308124101
2008-09-05,1.1662221582362293,-0.820662205360458,2.9341487753862863,2.6808978576924063,0.9679665549172398
2008-09-12,-0.5186660090703353,-0.30569694913597045,-1.8369607548519347,0.9450480133526874,-0.8432344972595132
2008-09-19,1.3686652376757602,1.0600066895853963,-1.3036415196962623,-0.0944160842571842,1.6981847696061985
2008-09-26,-1.2860490643278102,0.31838756121720824,-1.6109668416967968,-0.4582289609486884,-0.9885310594382004
2008-10-03,0.24673113413198455,0.3006910600918952,0.5995176564233726,-0.517233508825948,1.0949479470972057
2008-10-10,-0.926898217400695,1.2482686792269946,0.03278628338957533,1.3445879682921236,0.8212311242358081
2008-10-17,1.3109949375251784,0.01408101130452306,1.2531487973815603,0.3495455392672797,-0.32989297244233123
2008-10-24,-0.9361088148563355,0.7906026333994378,-0.39334238358709406,1.2742106945304459,0.0033210789675774247
2008-10-31,1.183903707490956,0.6035808746100453,0.006391351490743799,-1.206120678931063,-0.6477800245931111
2008-11-07,1.092595069986795,-1.1463075764357342,0.5190724094768177,-0.6297557028914649,1.2413436738430295
2008-11-14,-1.0664607756772984,0.8666216417238539,-0.5949160502410784,0.5492453545749579,0.8404316781242299
2008-11-21,0.4419445489582112,-0.6358433304490538,-1.1450624253457542,1.4032985388968167,0.41223515840497804
2008-11-28,0.1283675687855452,1.1196928710593188,-0.1692597063452637,-1.0635965009308144,-2.3996791188167528
2008-12-05,-0.6425244519150782,0.23148172924739574,0.7171433632662705,-0.49321664958445816,0.022020564706078632
2008-12-12,0.21120917044769152,-0.2434673535656911,0.40651952332047175,0.5513740256588905,-0.6282983585065449
2008-12-19,-0.593550503651142,-0.18179918028214193,-0.2477936775822521,0.9340885584863395,1.0064543289969201
2008-12-26,0.14884421946439927,-0.22848766311689156,-1.2414972202617123,0.25608354346732143,-2.1594710508816832
2009-01-02,-0.32460481109506734,-0.24322771299343782,0.4332410383546104,1.5947799013404378,-0.22233978782109337
2009-01-09,0.03264698342219198,0.5626124796176247,1.1576782680825926,-0.4394584640639978,-0.2888600026982634
2009-01-16,-0.37479013986919,-0.3930681256910965,0.873246142082185,0.9651038317720044,0.2921451937988363
2009-01-23,0.42505661631479624,-0.7049364420856173,1.744528437567747,0.47080685012750045,-0.38923096086050507
2009-01-30,-0.11145963621114027,-1.3011285529254664,-1.0641938262438237,1.255963379070121,0.4250948551349052
2009-02-06,0.06677180855501504,0.5263049033112325,0.1399837345492566,-2.029405126461983,0.26041697545850295
2009-02-13,-0.6593040884052309,0.6382087329696917,-0.31087008609542377,-0.6205355999859057,0.7792596422045165
2009-02-20,-0.1691046545864469,0.8011547355313023,-0.007850963639886294,-0.4400142654365683,0.7189708077796804
2009-02-27,0.13220763601033847,0.8237539547936955,0.8680245392572317,-2.41737513490484,0.3794656548242867
2009-03-06,0.6486160684586605,-1.5081591530845602,0.4054984204746265,0.9272101339515441,0.02232535538855677
2009-03-13,0.7792913122443985,-0.05538982963671439,0.5930346518961523,-0.5949368584559741,-0.3226703572024165
2009-03-20,-0.21841326367004102,0.22514948549654182,0.3570718058829797,0.3925164993225406,1.0479543375934453
2009-03-27,0.5466581355888229,-0.21209828030096428,1.2559412870909863,0.6517805899057275,0.5411608635090982
2009-04-03,1.2697936882113385,1.707514130283773,-0.9841295515681701,0.2834046719898033,2.443109252867683
2009-04-10,0.3525916918180015,0.30999613690533784,0.5537403011817927,0.29048111892989553,-0.10872957457532137
2009-04-17,0.4684255533244974,0.3577871600748874,-0.6287146789179837,0.24474021158038842,-0.14167270495217904
2009-04-24,0.09618852261085245,0.28974693558366293,0.8744923357025167,-0.9416792268505211,-0.03628821825471747
2009-05-01,-0.27324234322622465,-0.22118257942355724,-0.6548664227177818,-0.8199075355655553,-0.11606463042728105
2009-05-08,-0.2550106383791433,-0.032103370732062854,0.022494894832180694,-0.6962483637553314,-0.23546738380731977
2009-05-15,0.6245784055110095,0.5692441799193564,-0.8880839558756509,-0.5962493996257231,1.1059881063258659
2009-05-22,1.5642775383258076,-1.0995481172772952,1.0055706686879462,0.7979733022462112,-0.4546102707760475
2009-05-29,-0.3428749456469709,0.6926537185146593,1.1301727124984504,0.4961978920049337,1.4906363916476917
2009-06-05,-0.21613958547942566,2.332372554259767,0.37518223016286695,1.1703403005345894,0.46952967150467584
2009-06-12,1.0670612514679234,0.7198277583323217,0.536346989506667,0.8339633265074169,-0.932186409290998
2009-06-19,2.4623674910211695,1.4185379958671447,0.028727200498765634,1.8573069318923388,-2.340826220211375
2009-06-26,0.18560623294634712,-0.94301388736687,-1.2220794958491878,0.7659331273202786,-0.15418535753344764
2009-07-03,0.2950349564313584,0.4772743735164219,0.9260703107973323,0.36454629751424106,0.3426342074725884
2009-07-10,1.8935679458015153,0.010107658203142052,-0.342291936904478,-2.143363613953588,2.535598751516161
2009-07-17,1.2763650641132958,1.4890679422273314,2.3780189156158857,-0.09272916633843198,-0.9071310538645443
2009-07-24,0.40600873187468345,-0.43222685588432747,-0.3072806803352397,-0.1882800583488355,0.3921535302009362
2009-07-31,1.2504219220169828,0.5413263486345494,0.03869089602454697,0.7792044252543784,0.5518141594531155
2009-08-07,1.0213561847311612,2.04278203015712,0.22707814524234105,0.8133592666116104,-0.08979110344528038
2009-08-14,-0.5109721612678249,1.5713761670228468,-0.6403194105517596,-0.6863056557142156,-1.31353717439286
2009-08-21,0.7457930107317335,0.893768048069236,1.3694334515379016,0.03570469485113483,0.6581902803532949
2009-08-28,-0.5088601653310852,1.6055653859597023,0.17390315423114042,-0.5022271473478497,-0.6951755751763264
2009-09-04,-1.1183004745966916,-0.4617571297246997,-0.2815379841016768,0.5375655061741758,0.2892035851223885
2009-09-11,0.8784929920280816,-1.4113212414597867,0.7409549779133286,-0.9430762066148787,-0.5536997018337682
2009-09-18,0.23648728799878613,0.35199415542439577,0.9181521833531908,0.16307355170495536,-0.7230756674067976
2009-09-25,2.7476720183667744,0.10305256383814054,-1.1667123336802965,-0.5771424039065293,-1.5895452700389316
2009-10-02,-0.038511575863180575,-0.40782462049935775,0.29319885599506373,-0.061356064641264585,-1.053741656967052
2009-10-09,-1.1045387484873996,1.2730390201026234,-0.8887644448638483,-1.472975978764722,0.24521640091010283
2009-10-16,0.49059712990794185,0.030635549520916013,1.776530348266348,-1.5815254743121419,0.9919350362542013
2009-10-23,-0.0654177033008491,0.9276869918447388,-1.408324041537162,0.43010252257368914,1.5875185066693585
2009-10-30,-1.1682768673645307,0.1192248864971638,0.3419331689294686,-0.6907937234324407,-1.6621185701649834
2009-11-06,1.1974242092857135,0.6111212811754171,1.0479217450901908,-1.2042988170189257,-0.7332249519861731
2009-11-13,0.2597939875965913,-0.08215309780220112,-0.991384408555826,1.5482347538641192,-1.1666934180197033
2009-11-20,-0.9704013585182154,-1.7895149269859805,-1.0349888268891767,0.9053665777453185,-0.5259229291865064
2009-11-27,-0.38676523231591825,0.04475671313823461,1.3103073642082046,1.6821206100578683,0.31620060635010716
2009-12-04,0.04342310746584793,-0.5029942031840462,1.0268671856337486,0.05002988333602326,1.5327456493208924
2009-12-11,-1.2787888374204588,-0.19113379843940018,1.3613036699365562,0.2474623428945119,-0.25797044952117093
2009-12-18,0.7331419972625999,0.09515004108090495,-0.3831467870119529,0.3260732411513384,-1.4860803500918305
2009-12-25,-2.1419336656254226,-1.1984083537326136,-1.0178578694611546,-0.6765159469124102,0.7307095852914655
2010-01-01,-0.4841729917783159,0.581793847450078,-0.7000839273392494,-0.946060645878518,0.7614018312979602
2010-01-08,-0.12243455690826799,1.2433969606376756,0.06756182428735873,-1.8576664456587766,0.5639760255690616
2010-01-15,0.15362999603463257,0.45588657874261523,1.1328589888380962,1.0082809944503284,1.2759119524562683
2010-01-22,0.30144861327457545,0.6316577784709326,-1.6917366414862216,-0.5766374018772796,0.47421070772024526
2010-01-29,-1.2846128443533968,0.4223901528042829,0.4632152103228689,-0.5806718132549679,-1.2688358471533185
2010-02-05,1.0196566863108583,-2.238397529882697,0.8249468531335488,0.11695074328879916,-0.01907824906099947
2010-02-12,0.05712115882387561,1.2802660761022062,-0.12397590267522399,0.04875595395804764,-0.5863176024582325
2010-02-19,0.36714238032311763,-0.24994758672653636,-0.8442583184368543,-1.417097679204927,-0.4242754427297091
2010-02-26,-1.9653689330732567,-1.4578683381812867,-0.6260016412025234,-0.42363491163893235,-0.23591036330503218
2010-03-05,-0.3555514799787734,0.18575557170471133,-1.1758429195557132,0.14700464364182855,0.887444191067217
2010-03-12,0.765268418751026,0.4711372685375527,0.3904482341463243,-0.42148114838387607,0.3403596604907291
2010-03-19,-0.7703384538670849,-0.6331271255381508,0.08754000920837372,-0.5542621094682877,-1.6374312723896256
2010-03-26,-0.08884986357453462,0.3139949916393779,1.808271223499789,0.07725512789549124,0.17120523370978782
2010-04-02,-0.614789842226294,0.03293177745460495,-1.2026614238306845,1.0761790918150864,1.3211658863420137
2010-04-09,1.2994459830820886,-0.8435596846732833,-1.0037285050472642,1.1506014199192092,0.22695153633436008
2010-04-16,0.5375413524299664,0.17505519059573776,-2.2244888060985586,-1.0576024099492598,0.8094063670449284
2010-04-23,0.5236751213086952,-1.2727459313345717,-0.8496615818396248,1.275760234363215,0.4087108095885588
2010-04-30,-1.1139902761426292,0.9556833108743541,-0.1564833407183392,-0.6612728092536923,-0.36835228746435006
2010-05-07,-0.5844323010696517,-1.0358463405490046,0.28964966469122844,-0.2294975889636751,0.47457013195337533
2010-05-14,-0.25856899019306273,0.20843993344811887,0.6650546868161066,1.5072424136234106,0.9760271463921976
2010-05-21,-0.12686100359080732,0.6368086952417313,-3.5349338616502592,0.11426836806320265,0.8634454322788345
2010-05-28,1.2199561435541701,2.9987094297348458,-1.4643117919804363,-1.000778283661442,1.7338266332067542
2010-06-04,-0.5882289190069722,-1.3593680522635316,1.4854412095075575,0.22138761840486743,0.07891882093438123
2010-06-11,-1.184968376986682,-0.4305967436992077,0.4175779337224941,2.3415904803467007,-0.923980292572269
2010-06-18,-0.36912688761169343,-1.0280487876526843,0.9718046663576009,0.049025300967138974,1.1947353877893836
2010-06-25,-0.4433216432628598,-0.397506662374759,-0.06093641639592753,0.33753575288596716,0.29893129063460167
2010-07-02,-0.6346059038177018,-0.48185286962198587,-0.3935275776453635,0.7515474555969485,0.02156825496542744
2010-07-09,-0.32676304257968664,0.2326188794629712,-0.23968428689954446,0.27301476762039806,-0.2912668917756678
2010-07-16,0.6443890680803169,1.469301169058424,0.6758163714559953,1.17182916305987,-0.017089547754083313
2010-07-23,0.5401745051979793,-1.6851004521157937,0.2864562627032499,0.7288130746583985,0.2764996953847477
2010-07-30,0.26865865752633455,1.0571534053689033,0.12800712872084938,2.015294672493255,0.5154465756439123
2010-08-06,0.04417462264135871,-1.0055293261299145,-0.6858314173553574,0.19361441966627874,-0.02224138884245397
2010-08-13,1.5297192645223538,0.12131545508082481,0.3034462264481968,1.197821458716912,1.458582039896567
2010-08-20,0.5758106268570746,-1.9678426627932184,-0.6002475193582408,-0.6277029406034712,1.9204489083164331
2010-08-27,-0.8362892975369581,0.8587433364777368,-0.699649459110938,-0.6070519445535546,0.8020531230114646
2010-09-03,-1.936554116952964,-0.8456215290811468,0.575626037448673,-0.468039207514527,-0.5023602218076406
2010-09-10,-0.2136185744964808,0.029948714487873722,-0.7901105693777739,-0.044684659414783987,1.4194350237635465
2010-09-17,0.5271689295715657,-0.275671535590761,1.2129313731502662,0.48785683074540154,-0.5121055381122802
2010-09-24,-0.10278658327706776,0.9121230448670337,-0.4764921278553978,-0.39141738922549624,-1.6047121646614273
2010-10-01,-0.929064114854894,0.19875978395737792,-1.6192707733744272,-1.5607091209994635,1.165219366468098
2010-10-08,-1.4002429175545756,1.3867289795721467,2.0906127968093218,-1.1580773737113341,-0.5330008094921141
2010-10-15,-0.3294515889267223,0.6455074844155387,0.14528241099135583,1.1693179086349281,-0.6990657556736657
2010-10-22,-0.15831380892063057,-0.8679347030163737,-0.23823898561957108,-0.5910522981287035,-2.1843258663022542
2010-10-29,0.13198920505425227,1.5552757921124225,-0.5768485682816219,-0.13483582790899795,-0.27877125308759704
2010-11-05,0.36387354451131343,1.702661924588757,0.043167537915708924,0.26244998469207814,-0.9834072560333752
2010-11-12,-1.7805747152384879,-0.7876632750088866,-0.005918489135316339,0.017249388924285965,-0.7017191589772289
2010-11-19,0.6554885547738072,1.6936042275597671,0.9429339022089328,-0.993204824398118,0.5670464226873517
2010-11-26,0.2821360417692698,1.1403643583352074,-0.030031139340818597,-0.3624185613773728,-0.3263704485302059
2010-12-03,-2.116876891008399,-1.9345472490100175,0.8597469969541942,0.9914569942148964,0.9242451080021321
2010-12-10,1.4451690865071436,0.47822864123536774,-1.4259590227927044,0.8432276823770877,0.5988396684902083
2010-12-17,-1.17192126044889,-1.3772037544979385,0.8152675842757945,0.152018838731482,-0.6200313811919677
2010-12-24,2.326296917911399,0.022956469616301146,-0.4197314632692408,0.5153932270808739,0.7140825196209394
2010-12-31,0.012611313538527073,-0.1469384230445452,0.20690369173478007,-0.20427904866094096,0.2853274226425455
2011-01-07,-0.23286483417651133,-0.03517210868564669,0.08153891901304862,-0.11781362276161651,-0.15611729674362712
2011-01-14,-0.6239151652008629,0.046146606013438875,0.7125453000342354,-0.8312336388462612,0.2736308255835729
2011-01-21,-1.860570159656903,-0.23765999062883972,2.4517028028108236,0.2750461647513352,1.4693040950901772
2011-01-28,-0.7494799498872478,1.0921176650242403,0.4637283504203669,1.4000730765498273,-0.5395321975352442
2011-02-04,0.15625847654863742,-1.059133523948191,1.9614413027586401,1.087198986410424,-2.2065146880102278
2011-02-11,-1.0045558962439738,0.4528090945076612,0.6279764885847678,0.8755120441167699,1.6396966650015494
2011-02-18,0.912279693282661,0.23234451391857958,1.0053667263982564,-1.4320662327839873,0.547319470574989
2011-02-25,0.3676590101762965,1.5171023981802045,0.7099116032917441,-1.1185243285502569,-0.4654346143559085
2011-03-04,0.7439856768080416,1.6373666253055805,-0.17464714991378985,2.115772319971343,-0.5094325229986689
2011-03-11,-0.20351861804150784,-0.38959558752389084,0.2272463593422655,-1.223895817779123,1.8187900431703106
2011-03-18,-0.4227443177991847,-0.5256697250210378,-0.07251774438983567,0.45777486645586896,-0.02285388236057343
2011-03-25,0.742657697431357,0.5136506370358511,-1.1570712348896357,0.15845752656697376,-0.46353166091604026
2011-04-01,-0.142625830731533,0.004265379034443424,-1.2556099078029914,0.8250775234111541,-0.3045434025106037
2011-04-08,0.25116288954296795,-1.9731621673681308,1.1897180988440337,-0.7064867349693086,-0.5731706929797526
2011-04-15,-0.05241270762891222,-1.1940486890957636,-1.6987080803680774,-0.4433874088258404,-0.203347601725612
2011-04-22,-1.2827673417335586,1.2095447504056847,1.9587247493187254,2.192758486142529,-0.4383557539427066
2011-04-29,-1.3564439388313356,0.6572804439072047,0.415269485182769,-2.1552609979280235,0.49935959368016547
2011-05-06,-0.3931487311724605,0.3304850720818198,-0.44802657397031653,1.0884511388750802,1.9548903437898784
2011-05-13,0.6773046927371491,0.04181990807272317,-0.7634603192571863,0.011008197804591441,1.9244766649548084
2011-05-20,-0.40197660481671965,-1.8699152212519465,-0.17282334681755496,-0.9065314211236397,-0.5641411046525016
2011-05-27,-0.6515483630810298,-1.2121824370010874,-1.47552647628035,-0.5275423524073367,0.23130724186152996
2011-06-03,-0.7103736698540685,-0.39535349259146696,-1.6504393824632624,2.4445115802745163,-0.4449435308808528
2011-06-10,0.4691318185618938,-0.08133351718943858,-1.3822661263365148,1.069694731440587,1.9466516006404881
2011-06-17,-2.1779846383668326,0.8176867396522532,0.06636938259465595,0.386152744559396,-1.4661606003427532
2011-06-24,0.24899399969631258,-0.19424702766627772,-0.7119118990283815,0.18217264186223606,-1.5072094445724356
2011-07-01,-1.1476306179284828,0.8232385334274042,1.9084831740245427,-0.04819262129779807,-0.03767874736588319
2011-07-08,-0.13794613711513967,-0.49149790010339056,1.0890062810417276,-2.1775528660387766,0.7509889288718747
2011-07-15,-1.0156557874669987,1.1275836658824072,0.23676812844946063,-2.080134944134428,-0.4442852085170781
2011-07-22,0.32411523850443824,-0.4872643506126968,0.5953415023104398,-0.12676598251238758,-0.9361503747645635
2011-07-29,0.012069517439850472,1.3211820138745325,-1.6543001304352942,-0.3731725560643818,0.8320697516012291
2011-08-05,0.6811923508304822,-0.125367165130826,-1.9542563633403176,0.021330359469059066,0.48724030888321285
2011-08-12,-1.1305306361954441,-0.29787583790088046,0.9903248019828884,-0.8129035462003229,1.0246708009137269
2011-08-19,-0.2553800206562631,-0.7796227297400994,0.5294895991518282,-1.7098888236852388,-0.15353570875326145
2011-08-26,1.253860674914989,0.7906785114675666,-0.2750978150286299,0.7748485851424244,-0.21030362955018142
2011-09-02,-1.2828851638819916,-1.7914709646770524,-0.9420439541740514,-0.7698592610705229,1.7484773254165116
2011-09-09,1.1708958521422559,-0.3385312992269394,1.0701062445521983,-1.0159688230042712,-0.32133990265735823
2011-09-16,1.5128336102052953,1.3608476611637939,-0.38049405960493915,-1.5590732339162887,-0.40121138578645377
2011-09-23,0.4404059995854685,-0.735862485548018,-1.935179311235002,1.433464678734459,0.2457539925647869
2011-09-30,-1.9104351741561916,-0.12701498333897418,0.7350145366943793,0.4756755789192357,-0.06217432892190184
2011-10-07,0.3617480086931637,-0.20768583560536863,0.23178555050891667,0.9104264491135075,0.08756406234756611
2011-10-14,0.681572383977422,-2.249057362726507,2.3090050872338113,-0.967210010086679,1.6653945421925656
2011-10-21,0.7625947657937188,-1.9100832344170222,0.3340933423657681,0.19337176982738707,-1.9613200352985085
2011-10-28,0.0108468256441294,-0.9980804105495928,-0.13645552332683128,0.8386691940554261,-1.494977063758913
2011-11-04,1.2075302894947724,-0.001113270587722485,0.8403089752576149,-0.4113750774491798,-0.9712200177406513
2011-11-11,0.6441853810728981,2.233811821622266,-1.8029195433214658,0.39719535285404634,-1.0525803054093639
2011-11-18,-0.009607837706601598,-0.018681802919653864,1.6499981807690733,-0.24416670341962238,-0.3879399344942332
2011-11-25,1.575515275923581,0.6443341316294985,-0.69767834898454,1.1988864955517002,0.24157430446528275
2011-12-02,-0.6278612250968034,-1.701542084272954,0.1637819380083898,-1.4601214883199731,0.7639474655058811
2011-12-09,0.7421183312492396,0.5282057996298657,0.6124621161145918,-0.3289115834012213,-0.827410666617271
2011-12-16,-0.17165522446216433,0.48680142102993473,-0.9766538042280712,2.2195675836817053,-0.7313744153766758
2011-12-23,0.711777327977559,0.40910570245143796,0.24616972749660726,1.0170335581883208,0.5153776047098448
2011-12-30,-1.4525612044548142,0.9178541908485275,0.6722523266410685,-0.36097607630465817,-0.5217287624451354
2012-01-06,0.10449606094280045,-0.19812599446346946,0.8782680091563274,0.4642262584324363,-0.14343084650309665
2012-01-13,0.7533205236246857,-0.06793407955921946,0.7681144088248144,-0.4501434571667039,0.3886637226869993
2012-01-20,1.9307509695335037,0.7695701385794191,-0.7330381548536985,-2.1202407404603925,-0.5464625384779452
2012-01-27,0.009814267948845502,-2.139231974547955,0.4877749145945054,-0.3689252228379669,0.9737679600691922
2012-02-03,-1.3170773570361958,-2.0024573109049166,-0.6421562869736878,-0.8034501614185099,1.070111505096122
2012-02-10,-2.3570754475786724,-1.7305917047808805,-0.43120665223061805,-2.2902094550602325,-1.3488678243487
2012-02-17,0.43619730992495115,-0.7556070061776822,1.8286467187839028,0.7641750664904888,-0.5229329631340727
2012-02-24,-1.7331168307855527,-1.4461028975360297,1.1449691203863555,0.9103893825605355,0.17479319137051547
2012-03-02,-0.07232013941213988,0.2387840187799494,-0.698578075527957,-0.3623806985623414,1.719401590802568
2012-03-09,0.9262582331804561,-0.22010671686866476,0.8728006511973139,-0.3654168398511072,-0.06781372674198392
2012-03-16,0.70223649986782,-1.0730115375748919,0.6048802818286427,0.25148006112520477,0.5556585495880173
2012-03-23,0.6479911870839908,0.8093595936819465,1.911055436437684,0.20125817192483686,0.3015026575435073
2012-03-30,2.416897355763476,0.8874072209684973,-2.0125828056988535,0.9327511370340678,-0.3425462148060881
2012-04-06,0.767713459946071,0.09135149984166273,-0.31061371823311784,-0.741216318759082,1.0417135152251484
2012-04-13,-0.6655192745488865,-0.029926629887101687,0.16062255959411326,0.2904453854793324,0.35553601309931765
2012-04-20,-0.7635740980105644,-0.2982475248704174,-0.4116620336434842,0.5899257791188119,0.23210049143194078
2012-04-27,-1.0044866401913366,-1.245132886474582,0.37870872381245274,-0.8520257868373952,0.10300938226398247
2012-05-04,-0.6472946737409895,0.32202340953273734,0.16027776024498328,0.733015207146315,-0.03296389500443294
2012-05-11,-1.446653718871524,-0.3965214852526061,0.5938473733587699,-0.4653067607005132,-0.8334676128638434
2012-05-18,1.9566281369870029,-1.807407762852712,0.8046006139300979,-1.7287764012807443,-0.3762127834022687
2012-05-25,1.1679529432917013,-0.6293023805229877,0.489455277487891,-0.15102828809595525,-0.8821527052444844
2012-06-01,-1.0624179675145164,-1.7381157550405109,1.1232130431901626,-1.0700822026471966,1.6444645044921908
2012-06-08,-0.4159693448975896,-2.4481654906579675,-0.6478338882564025,-0.5306229484898659,1.6004462740892227
2012-06-15,-2.199584652013779,-0.6679425539371985,-1.2894399629360247,-0.06895215437328066,-0.2794527481811256
2012-06-22,-1.458995342824685,1.3573703528045504,-0.3854222715605621,0.3257416722467276,0.40505892130324817
2012-06-29,0.4887563757908494,1.033551724332672,-0.5667714705468141,-0.3682254823856241,-0.5777847274999358
2012-07-06,-1.4629835919914105,-0.6229453038334385,-0.662141529717261,-0.4279792783357344,1.5438337807346703
2012-07-13,-0.7284600185598104,0.9925428126320162,-1.1267533551832398,-0.835116545986267,-0.18453396739934474
2012-07-20,-0.076681174454124,-0.7007477675580586,0.12376197589832319,-1.4242170752069867,0.9179108358337291
2012-07-27,-0.18756314934372023,-1.4316040025869272,-1.2394734031145995,-0.8904911356813309,-0.5105958493692812
2012-08-03,-1.7949783745058898,1.5053870251608812,1.259274901448716,1.4522859894040099,-1.633381121660284
2012-08-10,-1.1158529876612833,0.45367897282118486,1.7972680970914332,0.5625573717180578,1.9253433189016707
2012-08-17,-0.398050999456112,-0.4931767521012312,-1.356253614381254,0.9621814723727972,-0.6313816559441262
2012-08-24,0.7556859316567391,-0.801944850668377,-0.9528673458261071,0.9407360533171794,-0.5311464434662294
2012-08-31,-0.8236596792316984,-0.5448897361043094,1.9984358506154163,0.8946136596814215,-0.4228641870940357
2012-09-07,1.4685281043808343,2.3286297496457,1.9214908760792113,0.545645701532667,0.24955174479826278
2012-09-14,0.9192421908198215,0.8386416248767542,-1.5190981487984214,0.02277560374136255,0.09710618138218782
2012-09-21,0.19920455706843707,-0.7405690060628896,0.48543295474311404,0.026072792421772257,0.8866535783168008
2012-09-28,-0.7434544138161873,-1.0819444046838878,-0.47183808472080535,0.11041844037390033,-0.2356232987729015
2012-10-05,0.4803632062311692,0.5502407436370877,2.160824821956777,0.49765371030205313,0.2924427123891347
2012-10-12,1.7736643354758248,-0.23793741203843738,-0.248460968803982,-1.248799412808627,-2.056761063845114
2012-10-19,1.4776957798837547,-1.9664414856017505,-0.742466140396136,-1.1471334259503443,0.6129364581140682
2012-10-26,-0.015142686685086686,-1.5438406094818204,-1.045864804277125,1.4110361633915696,-0.4526023161724288
2012-11-02,0.8704877292449017,0.9189437634146828,1.0750069478003397,-1.2065065341609351,0.4324182633613791
2012-11-09,-0.17201461097243392,0.6229652227854522,-0.36317511409136727,-0.9224295832616125,-0.4030294715090485
2012-11-16,-1.2904850075876444,1.164594643510768,-1.1480514453548138,-1.1824802024671786,-0.21481024540524768
2012-11-23,0.5333752084940268,0.2675499643967608,0.2174654213361208,0.766049099845875,-0.055067038063365506
2012-11-30,0.34295603237465677,-0.5680213199374834,-1.1082845512438175,0.33927134725448566,-1.0754503471573629
2012-12-07,1.86856966584069,-0.23072888648929735,-0.8183477327084456,0.39239992191862183,-0.5653116892501772
2012-12-14,0.607042770303865,0.8593765103007557,1.3102810133611775,-1.3331993552124037,-0.8241080492799305
2012-12-21,-1.5956862606044238,-1.4865318814776332,0.7277373641833655,0.11919725291378509,-0.21719536663613084
2012-12-28,1.2073022016592414,1.6425758396028487,-0.3058854103792817,-0.8022310463218749,-0.43789968387695755
2013-01-04,1.836852414463699,-0.7069968484124899,0.16993605658676414,0.4174961975150499,-0.5716935405584258
2013-01-11,-1.5023927633540486,0.07557280722900153,1.6566158307557417,1.225862751413528,0.058763298506164775
2013-01-18,-1.2065791530904468,-0.480831941077826,1.7172146453927128,-0.5714542483601697,0.6964080055153418
2013-01-25,0.41047538393221683,0.05983504572042946,-0.09481863178412449,-0.12912520746790873,-1.0169146891410135
2013-02-01,0.48136676545103224,0.07857532808576477,0.3701532516460744,-1.2336297303725328,-0.06918014224180988
2013-02-08,0.7357560879838191,-0.835346116951036,0.016346771179128437,1.4208149508766308,-1.4516223901809346
2013-02-15,-1.0560365075677431,0.7575319101892051,-0.0035661797567393427,-0.469342913713581,0.6905704739026697
2013-02-22,-0.9428153336061289,-0.3410250892861093,-1.4019876633156163,-0.8338903561709464,0.2001423580173991
2013-03-01,-1.7046668060322534,0.431480235245777,-0.18764577004659252,0.2549621468982388,-0.6543354175963078
2013-03-08,-0.08472244740717541,0.15239300517261586,0.33901601699115685,-0.3091604449211989,-1.293644606487508
2013-03-15,-1.0013459969147762,0.5088096087048553,-0.03590600526270661,0.4691820224245249,0.2839799136306038
2013-03-22,1.199509800934784,0.4135113055009145,-0.7742430995206141,-1.270223421953788,-1.362514368945558
2013-03-29,-0.8437938034097239,-0.2181547977871136,0.12005079282010316,0.48347786270530624,0.15523517793814226
2013-04-05,0.1584452294415713,-0.503465985321543,-0.07491043423247076,0.7287210032345836,-0.5533136177642732
2013-04-12,1.6611384675497967,-0.5486658175058242,0.3266020235857952,0.9470428600317599,0.4179140123903252
2013-04-19,-1.9132383064379095,-1.4372436000378523,1.1904655405666384,0.11371982360428443,1.5194955940794452
2013-04-26,0.2124833790820716,-1.5866747396534338,1.3684195412081115,-1.3451083361758929,-1.1568715751660466
2013-05-03,0.23806014851621243,2.233622564386816,0.2416671197453397,0.40528794387704953,1.1070851087526008
2013-05-10,-0.01064580421068435,-1.393006684436209,0.7747456854084299,0.617745455846109,-0.5118601774512329
2013-05-17,1.1836294180562992,0.10384275261997845,-1.6842881025728058,-0.46100629892991385,-0.4047132600111734
2013-05-24,-0.13803111689829717,-0.13915731657666147,-0.6543220637841003,-0.262828241130398,-1.0816942812957278
2013-05-31,1.3804451429971858,-0.9976857763943118,0.834476246593537,-0.19257749119579018,1.5178648760619127
2013-06-07,-1.9229834044111598,1.556578104004591,0.6496224385864473,-0.41929962559487577,0.5386005712515798
2013-06-14,0.4943086787840397,1.0532415381105151,-1.2801425235159225,0.5475239008255579,-0.2887168722849264
2013-06-21,-0.31146721025184854,1.376270457355463,0.21973244473272438,-0.25051241743501335,-0.20325296297891132
2013-06-28,-0.04047532121067564,-0.3645249134775266,-0.2963156475855956,0.635548336463592,0.14665421890126068
2013-07-05,1.0970107009617127,0.23051427880546085,-0.059341464042592114,-0.9520045135082956,-3.3603194363056437
2013-07-12,-1.0925300517468188,-1.4224696042895912,1.1125539683335512,-0.8992294786243554,0.05586913827910625
2013-07-19,1.2870924616291297,0.14099467023575188,-2.2992569077559732,0.4633984430806019,0.43114354931336296
2013-07-26,-0.8737633564991866,-0.991182674450104,0.2870331964573205,0.31097266246750205,-2.0103512359610134
2013-08-02,1.1728951319470415,-0.9761832175588552,0.2895210673796426,-0.05413994178452156,0.906778969056875
2013-08-09,-0.4737131685397217,-0.1998995798080209,0.7840463703148198,1.581613814752701,0.11646878744760548
2013-08-16,0.22940616595930302,0.5582539541514728,1.4477898283441966,-1.8331423677722631,1.1115750269847806
2013-08-23,-0.208035560834607,-1.4167170482137308,0.16354750025345802,0.8869644366061811,1.6848605531168508
2013-08-30,-0.39192426272591063,-1.064241891316209,-1.4800472598792478,0.5511081290275479,0.6183535506925151
2013-09-06,0.8665759036904341,-0.6469401239905264,0.694041157002931,1.4556551110256186,1.1093370903579443
2013-09-13,1.1250328554128783,-1.2966900063870328,0.3592589792036928,-0.9202172436613791,0.5954059600423177
2013-09-20,-1.9775067800179849,0.14853180725078496,-0.08644281084231802,1.0128187074429091,0.5809319713037057
2013-09-27,0.6975806354821567,-1.5986556269077916,0.0655941408440195,-0.37590272757396404,-0.8123087242670781
2013-10-04,0.07871670194136689,0.8794450771300216,0.3482636626061465,1.3639080108772033,-0.5234850444056877
2013-10-11,-0.26188974208081933,1.1435555341922998,1.853417555158154,0.15272673292177674,0.6778008461884717
2013-10-18,-1.7140270266844568,-0.09852156400425395,0.7458604825503904,-0.8479897632920864,-0.5746537345979867
2013-10-25,-1.6665058697734338,0.21505635170391516,-0.479513113735105,-0.6427843047065752,-0.3497323688635991
2013-11-01,-0.4490849160581583,0.23790785421362387,0.8333675995725769,-0.5069941761696204,0.8716747346816192
2013-11-08,-1.0490139844543322,-0.46033932673905137,-0.5558917759056211,1.247257170602319,-0.46752794595024105
2013-11-15,-0.29087489827581703,0.7769858958630804,-1.013636724025435,-0.7515919292558724,0.2608807972571676
2013-11-22,0.8944083793972487,-0.5004323729341309,-0.655850443087555,1.4260592521285187,0.5966975615194332
2013-11-29,1.2025299243825942,-0.45056524042438467,-0.10609741233415267,0.4014075009191689,0.47660977210239974
2013-12-06,-0.5346703504408128,-0.09561165623334057,-1.3033977048072853,0.14960723750239185,-0.1356734372883876
2013-12-13,0.35913894118208045,0.7066941319848499,-0.22187946880368875,-1.34682209193319,-0.566631504152289
2013-12-20,1.2760898637286677,1.2597134747555263,0.1939706862141461,0.7472389687921679,-2.4047711456423135
2013-12-27,0.08376975374044153,-0.7623227366603685,0.21600544060164345,-0.11172876634694542,-2.8032309816624696
2014-01-03,-1.3364945847329945,-0.8329869367034273,2.1916471663432415,0.9871296318925056,0.525892375739298
2014-01-10,1.917025563996363,0.7911206747932693,1.1557855078345813,0.11231349061555146,0.624838404587761
2014-01-17,0.604004564403025,-0.8191066013404049,-0.2296301254920025,-0.408709831898345,-0.532494549895983
2014-01-24,-0.8405374186419198,2.1405116479042614,-0.2963744539946028,0.03995463064582521,-0.3147645969616638
2014-01-31,-1.3033403259063687,0.9627483018675765,0.5491044529559478,0.6164968989615511,0.18190642881742608
2014-02-07,-2.0796778147074075,-1.8429943007631029,0.8914647925824973,-1.073061579423527,-1.5633389461007534
2014-02-14,0.3034213885076364,0.09809883159425577,-0.4902007101805918,-0.5875026163632029,-0.7039357085989069
2014-02-21,-0.5604324350063099,-0.51604393245834,0.041436890770888156,0.29602511639002305,2.331269728258704
2014-02-28,-0.09158995488449256,-0.20224524293287843,-0.1315353573977123,-0.1830622854643694,-0.6091332721989396
2014-03-07,0.4583550574621111,-0.7400343343772885,-0.5488169850148803,0.7691560680628222,-1.313284981805539
2014-03-14,-1.543250878795111,0.6682501090375549,-0.30442828902622493,-0.7151141784739339,-0.9401782921252936
2014-03-21,0.1678682132398567,-0.9176414378711913,1.6811368723730316,-0.7796986498252567,1.074373451868069
2014-03-28,-0.7453647175178941,1.308859565568135,-0.8730236614084529,-0.8097602998533104,0.5722165923716099
2014-04-04,0.46341695499210495,1.1187456964212665,0.5614220624141497,1.1790069018581304,-1.103409005114353
2014-04-11,1.3695221434175726,1.6695932347316915,0.03169314511639074,-1.9568103898508753,-1.8497885954644078
2014-04-18,-0.5552892020694703,-1.0576948064855545,-1.0886422835852203,-2.0548333856512055,0.02637677514490175
2014-04-25,0.5186863030757477,-1.6178440103848934,0.8437516700390547,2.203126253488489,-0.15215674820979747
2014-05-02,0.15343809626818708,1.4407625846505436,-1.0909861241219043,-0.44262687765685865,2.1762533120283067
2014-05-09,-0.6923293432626257,-0.37729079605551785,0.4024168889928669,0.12362066826563316,-0.5954902443312233
2014-05-16,0.5677157668544862,0.2201367357323948,1.7105399910871997,-2.943976642225274,-1.3000516077509479
2014-05-23,-0.12647851673246718,0.8318303352976002,0.4510541166745988,-0.4880962391350277,0.16307012660642065
2014-05-30,-1.3004234808815145,-0.7399508033865702,-0.6188393082157461,1.9486762049565631,-0.14877735484691001
2014-06-06,0.209856522733652,-0.11023360171298872,-1.6131218561652394,-1.9978436393305468,-0.10766734647788744
2014-06-13,-0.26470099446460904,-1.1083596802411457,-0.3042189592330943,-0.49898199337306703,1.4179066936507219
2014-06-20,1.1547207860717192,0.22721284322202367,0.34419244912341,-0.9770644697340085,0.2276319498404236
2014-06-27,-0.6480509657399456,2.0333371279225987,1.2176439802329133,-0.8976791123026671,0.5378474802889228
2014-07-04,2.4799581474922046,-1.163743205535567,-0.10073285751141024,-1.056553247872874,-1.4836914078500678
2014-07-11,-1.7398183130697717,-0.9624323009851771,2.0332498676306936,1.19224917597147,1.4943732072442868
2014-07-18,-1.184710385532217,1.1453186019904154,-0.11818167093009085,0.476197863399493,-0.5752190647787566
2014-07-25,1.281245594275958,0.6494157584899424,-0.9682650273346912,1.5206252775676579,1.3071299747255576
2014-08-01,-0.6835638990181303,-2.1592811991031984,-0.44208508411061437,0.22785910827921027,-1.0898399998108632
2014-08-08,0.11787003944071996,0.9480449588068706,-1.068634704349525,-0.7396615109625099,-0.2793760384321263
2014-08-15,0.24719072771614353,-0.3697149639163344,0.7352077607704143,1.0243116493215043,-0.0230385112902437
2014-08-22,0.3094705344742247,-0.3468628749597044,-0.4107250130508461,0.5290569108728691,0.08343918177059081
2014-08-29,-1.1023746882602654,0.3387753144468456,0.22113673619564134,0.48403409949735554,-0.6068029166462156
2014-09-05,-0.42117973930787483,0.6571073026120756,-0.9149218143155096,0.3700895128770591,-0.3273780949975464
2014-09-12,-1.8010755866930779,0.41117926282129386,1.0402814665470337,-0.6337137099901053,1.860981644682493
2014-09-19,0.07238249165307953,0.9372762035365273,-1.060983495797964,1.5763669324657934,-2.154999035157257
2014-09-26,-1.9494042268055531,-0.869069250084209,-1.0103383020086862,-0.5343066990819804,-0.5285474271776186
2014-10-03,-1.3254014969691585,-0.42024254347224466,-0.6049521254784984,-1.6866466303769092,-0.5917304423658544
2014-10-10,-1.146397807681492,-0.12909274750727967,-0.1477974175659243,-0.3073982237151174,-0.41647513374558554
2014-10-17,0.8013624867527144,1.002363817047564,0.7849937275140317,-1.6441897374486292,-1.6638499049741755
2014-10-24,0.7430809868258164,-1.7180336560852072,0.6976519752585908,1.1429078546777505,0.6012446883970015
2014-10-31,1.1259190772053658,-1.4850514390755554,-1.130721950675071,-0.32891720508891886,0.00010512503360424225
2014-11-07,-0.02371776511184374,-0.6289844999667659,1.189623289870956,-0.689032097129468,0.5664243068269907
2014-11-14,-1.156906984265848,-2.186218982918583,-1.2726054413090928,-0.9157871283834531,-0.07237721808591113
2014-11-21,0.520343449166335,1.209031891946306,-0.3204028209953869,1.0776990660245942,0.005423854749321439
2014-11-28,-0.17532649051570234,1.522097909299831,1.2746992204497518,-0.3647133538238617,-0.982642338009514
2014-12-05,-0.1828701766302208,-1.1715042940152056,2.2696485581904766,-0.8094374250434092,1.3630805449581134
2014-12-12,-0.6161119322826757,-0.4375281843455076,0.08233782767777911,-0.6098033490679062,0.22459090575312346
2014-12-19,1.5375622036689804,-0.3807368197177795,-0.6913480528927504,1.218800128862435,1.364743043227993
2014-12-26,-1.240430711267073,-0.32522431067891533,1.412534053528379,-0.6307669495325895,0.1653999489954389
