date,close,regime,log_returns,is_transition
2000-01-07,1441.469971,BEAR,,
2000-01-14,1465.150024,BEAR,0.016294236579824088,False
2000-01-21,1441.359985,BEAR,-0.016370540768230597,False
2000-01-28,1360.160034,BEAR,-0.05798473703449907,False
2000-02-04,1424.369995,BEAR,0.04612724230581595,False
2000-02-11,1387.119995,BEAR,-0.026499955540096935,False
2000-02-18,1346.089966,BEAR,-0.0300255831362979,False
2000-02-25,1333.359985,BEAR,-0.00950200751138305,False
2000-03-03,1409.170044,BEAR,0.05529884880595804,False
2000-03-10,1395.069946,BEAR,-0.010056355289838432,False
2000-03-17,1464.469971,BEAR,0.0485488279482189,False
2000-03-24,1527.459961,BEAR,0.04211281714242982,False
2000-03-31,1498.579956,BEAR,-0.019088235900291937,False
2000-04-07,1516.349976,BEAR,0.011788151750073455,False
2000-04-14,1356.560059,BEAR,-0.11135398834946161,False
2000-04-21,1434.540039,BEAR,0.055892140408077835,False
2000-04-28,1452.430054,BEAR,0.012393785473432752,False
2000-05-05,1432.630005,BEAR,-0.013726133575036934,False
2000-05-12,1420.959961,BEAR,-0.008179247333747638,False
2000-05-19,1406.949951,BEAR,-0.009908466010820665,False
2000-05-26,1378.02002,BEAR,-0.020776505283183585,False
2000-06-02,1477.26001,BEAR,0.06954132653711807,False
2000-06-09,1456.949951,BEAR,-0.013843851422527552,False
2000-06-16,1464.459961,BEAR,0.005141371303120696,False
2000-06-23,1441.47998,BEAR,-0.015816197516441068,False
2000-06-30,1454.599976,BEAR,0.009060582549832845,False
2000-07-07,1478.900024,BEAR,0.01656765217994217,False
2000-07-14,1509.97998,BEAR,0.020797808041931595,False
2000-07-21,1480.189941,BEAR,-0.019925974405940735,False
2000-07-28,1419.890015,BEAR,-0.04159100366677103,False
2000-08-04,1462.930054,BEAR,0.02986189652747572,False
2000-08-11,1471.839966,BEAR,0.00607198473081335,False
2000-08-18,1491.719971,BEAR,0.013416501522468548,False
2000-08-25,1506.449951,BEAR,0.009826059829677406,False
2000-09-01,1520.77002,BEAR,0.009460941690468794,False
2000-09-08,1494.5,BEAR,-0.017425095947132176,False
2000-09-15,1465.810059,BEAR,-0.019383671791606095,False
2000-09-22,1448.719971,BEAR,-0.01172764301697044,False
2000-09-29,1436.51001,BEAR,-0.008463820194558625,False
2000-10-06,1408.98999,BEAR,-0.01934343917672459,False
2000-10-13,1374.170044,BEAR,-0.02502318404954997,False
2000-10-20,1396.930054,BEAR,0.01642706579021593,False
2000-10-27,1379.579956,BEAR,-0.012497937176599326,False
2000-11-03,1426.689941,BEAR,0.03357796145151185,False
2000-11-10,1365.97998,BEAR,-0.04348492946609681,False
2000-11-17,1367.719971,BEAR,0.0012729935736631069,False
2000-11-24,1341.77002,BEAR,-0.019155445909281605,False
2000-12-01,1315.22998,BEAR,-0.019978112703717195,False
2000-12-08,1369.890015,BEAR,0.04071891552330049,False
2000-12-15,1312.150024,BEAR,-0.04306342404975302,False
2000-12-22,1305.949951,BEAR,-0.004736323784116021,False
2000-12-29,1320.280029,BEAR,0.010913149519341872,False
2001-01-05,1298.349976,BEAR,-0.01674964822323163,False
2001-01-12,1318.550049,BEAR,0.015438476077463225,False
2001-01-19,1342.540039,BEAR,0.018030686029569396,False
2001-01-26,1354.949951,BEAR,0.009201145953412619,False
2001-02-02,1349.469971,BEAR,-0.004052615834949296,False
2001-02-09,1314.76001,BEAR,-0.02605775421009043,False
2001-02-16,1301.530029,BEAR,-0.010113629278245634,False
2001-02-23,1245.859985,BEAR,-0.04371447533282674,False
2001-03-02,1234.180054,BEAR,-0.009419216763779187,False
2001-03-09,1233.420044,BEAR,-0.0006159912415693198,False
2001-03-16,1150.530029,BEAR,-0.06956810347827701,False
2001-03-23,1139.829956,BEAR,-0.009343641101163959,False
2001-03-30,1160.329956,BEAR,0.017825319621872497,False
2001-04-06,1128.430054,BEAR,-0.027877075535799156,False
2001-04-13,1183.5,BEAR,0.04764881600860135,False
2001-04-20,1242.97998,BEAR,0.04903555623227623,False
2001-04-27,1253.050049,BEAR,0.008068912248033262,False
2001-05-04,1266.609985,BEAR,0.010763409926556682,False
2001-05-11,1245.670044,BEAR,-0.01667045528148482,False
2001-05-18,1291.959961,BEAR,0.036486841844848725,False
2001-05-25,1277.890015,BEAR,-0.010950122940575648,False
2001-06-01,1260.670044,BEAR,-0.013566931431171455,False
2001-06-08,1264.959961,BEAR,0.003397109724784284,False
2001-06-15,1214.359985,BEAR,-0.04082329360701259,False
2001-06-22,1225.349976,BEAR,0.009009321199453836,False
2001-06-29,1224.380005,BEAR,-0.0007919003793990164,False
2001-07-06,1190.589966,BEAR,-0.027985643490092423,False
2001-07-13,1215.680054,BEAR,0.020854681418588195,False
2001-07-20,1210.849976,BEAR,-0.003981062933120394,False
2001-07-27,1205.819946,BEAR,-0.0041627838521868365,False
2001-08-03,1214.349976,BEAR,0.007049145801034065,False
2001-08-10,1190.160034,BEAR,-0.02012115401799544,False
2001-08-17,1161.969971,BEAR,-0.023970964851550987,False
2001-08-24,1184.930054,BEAR,0.019566931101757366,False
2001-08-31,1133.579956,BEAR,-0.04430301916858214,False
2001-09-07,1085.780029,BEAR,-0.04308207808603501,False
2001-09-14,1092.540039,BEAR,0.00620664685627534,False
2001-09-21,965.799988,BEAR,-0.12330381425393107,False
2001-09-28,1040.939941,BEAR,0.07492261237224164,False
2001-10-05,1071.380005,BEAR,0.02882344738829625,False
2001-10-12,1091.650024,BEAR,0.01874279331914703,False
2001-10-19,1073.47998,BEAR,-0.01678464622732042,False
2001-10-26,1104.609985,BEAR,0.028586629030659852,False
2001-11-02,1087.199951,BEAR,-0.015886779130504625,False
2001-11-09,1120.310059,BEAR,0.02999994660229151,False
2001-11-16,1138.650024,BEAR,0.01623788583915838,False
2001-11-23,1150.339966,BEAR,0.010214150069759181,False
2001-11-30,1139.449951,BEAR,-0.009511874452661771,False
2001-12-07,1158.310059,BEAR,0.016416450353700318,False
2001-12-14,1123.089966,BEAR,-0.030878312450178417,False
2001-12-21,1144.890015,BEAR,0.01922479087693625,False
2001-12-28,1161.02002,BEAR,0.013990370698568684,False
2002-01-04,1172.51001,BEAR,0.009847812292821778,False
2002-01-11,1145.599976,BEAR,-0.023218262340764354,False
2002-01-18,1127.579956,BEAR,-0.01585479198171803,False
2002-01-25,1133.280029,BEAR,0.005042404319809429,False
2002-02-01,1122.199951,BEAR,-0.0098251079421119,False
2002-02-08,1096.219971,BEAR,-0.023423128815771962,False
2002-02-15,1104.180054,BEAR,0.00723515509335902,False
2002-02-22,1089.839966,BEAR,-0.013072161669661825,False
2002-03-01,1131.780029,BEAR,0.03776077494847727,False
2002-03-08,1164.310059,BEAR,0.028337047322502865,False
2002-03-15,1166.160034,BEAR,0.001587641389730587,False
2002-03-22,1148.699951,BEAR,-0.015085503426834642,False
2002-03-29,1147.390015,BEAR,-0.001141014647959024,False
2002-04-05,1122.72998,BEAR,-0.02172660925560427,False
2002-04-12,1111.01001,BEAR,-0.010493681090846762,False
2002-04-19,1125.170044,BEAR,0.012664653938667631,False
2002-04-26,1076.319946,BEAR,-0.044386409332357164,False
2002-05-03,1073.430054,BEAR,-0.0026885858735175823,False
2002-05-10,1054.98999,BEAR,-0.017327900519328678,False
2002-05-17,1106.589966,BEAR,0.047751905295705235,False
2002-05-24,1083.819946,BEAR,-0.02079139628200165,False
2002-05-31,1067.140015,BEAR,-0.01550960097914232,False
2002-06-07,1027.530029,BEAR,-0.037824294500581467,False
2002-06-14,1007.27002,BEAR,-0.0199141714738145,False
2002-06-21,989.140015,BEAR,-0.018163105876112424,False
2002-06-28,989.820007,BEAR,0.0006872215903327832,False
2002-07-05,989.030029,BEAR,-0.000798421333193025,False
2002-07-12,921.390015,BEAR,-0.07084127848172202,False
2002-07-19,847.75,BEAR,-0.08329763466721798,False
2002-07-26,852.840027,BEAR,0.005986207279983382,False
2002-08-02,864.23999,BEAR,0.013278508152138253,False
2002-08-09,908.640015,BEAR,0.050098496199440797,False
2002-08-16,928.77002,BEAR,0.02191215901697799,False
2002-08-23,940.859985,BEAR,0.01293318302384601,False
2002-08-30,916.070007,BEAR,-0.02670154606849215,False
2002-09-06,893.919983,BEAR,-0.02447652191616545,False
2002-09-13,889.8099980000002,BEAR,-0.004608312151799812,False
2002-09-20,845.3900150000002,BEAR,-0.051209877455789664,False
2002-09-27,827.369995,BEAR,-0.02154608791725014,False
2002-10-04,800.580017,BEAR,-0.03291550295164821,False
2002-10-11,835.320007,BEAR,0.042478407131608525,False
2002-10-18,884.3900150000002,BEAR,0.05708326543075177,False
2002-10-25,897.650024,BEAR,0.014882105273966845,False
2002-11-01,900.960022,BEAR,0.003680621871390032,False
2002-11-08,894.73999,BEAR,-0.006927723823688317,False
2002-11-15,909.830017,BEAR,0.016724625456116787,False
2002-11-22,930.549988,BEAR,0.0225180087372384,False
2002-11-29,936.309998,BEAR,0.006170819794889725,False
2002-12-06,912.22998,BEAR,-0.026054486752075733,False
2002-12-13,889.4799800000002,BEAR,-0.0252551295110034,False
2002-12-20,895.76001,BEAR,0.00703553128946228,False
2002-12-27,875.400024,BEAR,-0.022991578942812983,False
2003-01-03,908.590027,BEAR,0.03721302486506793,False
2003-01-10,927.570007,BEAR,0.020674293840557287,False
2003-01-17,901.780029,BEAR,-0.028197650845277172,False
2003-01-24,861.400024,BEAR,-0.04581161955155072,False
2003-01-31,855.7000119999999,BEAR,-0.006639139034015139,False
2003-02-07,829.6900019999998,BEAR,-0.030867721988583747,False
2003-02-14,834.8900150000002,BEAR,0.006247858153298225,False
2003-02-21,848.169983,BEAR,0.015781069742768928,False
2003-02-28,841.150024,BEAR,-0.008311035657563188,False
2003-03-07,828.8900150000002,BEAR,-0.014682557257782529,False
2003-03-14,833.27002,BEAR,0.005270268862106944,False
2003-03-21,895.7899779999998,BEAR,0.07234824264362985,False
2003-03-28,863.5,BEAR,-0.036712088358756514,False
2003-04-04,878.849976,BEAR,0.017620309763759206,False
2003-04-11,868.2999880000001,BEAR,-0.012076944104001239,False
2003-04-18,893.580017,BEAR,0.028698621903937457,False
2003-04-25,898.8099980000002,BEAR,0.005835778819393648,False
2003-05-02,930.080017,BEAR,0.034198958261215356,False
2003-05-09,933.409973,BEAR,0.0035738958215551244,False
2003-05-16,944.299988,BEAR,0.0115993815086045,False
2003-05-23,933.219971,BEAR,-0.011802959085688824,False
2003-05-30,963.590027,BEAR,0.032024980481470317,False
2003-06-06,987.76001,BULL,0.024773842426425975,True
2003-06-13,988.609985,BULL,0.0008601375800625232,False
2003-06-20,995.690002,BULL,0.007136065203097087,False
2003-06-27,976.219971,BULL,-0.019748025024805476,False
2003-07-04,985.700012,BULL,0.009664119703723767,False
2003-07-11,998.140015,BULL,0.012541501216657501,False
2003-07-18,993.320007,BULL,-0.004840687092604096,False
2003-07-25,998.679993,BULL,0.005381525035932956,False
2003-08-01,980.150024,BULL,-0.018728754342987892,False
2003-08-08,977.590027,BULL,-0.002615258811097745,False
2003-08-15,990.669983,BULL,0.013291077889942578,False
2003-08-22,993.059998,BULL,0.002409618425201209,False
2003-08-29,1008.01001,BULL,0.014942295971034735,False
2003-09-05,1021.390015,BULL,0.013186359230273838,False
2003-09-12,1018.630005,BULL,-0.002705867253205616,False
2003-09-19,1036.300049,BULL,0.01719813235914566,False
2003-09-26,996.849976,BULL,-0.03881172026077909,False
2003-10-03,1029.849976,BULL,0.03256813303312496,False
2003-10-10,1038.060059,BULL,0.007940506114154353,False
2003-10-17,1039.319946,BULL,0.0012129578136275626,False
2003-10-24,1028.910034,BULL,-0.010066578677187452,False
2003-10-31,1050.709961,BULL,0.02096606649951097,False
2003-11-07,1053.209961,BULL,0.0023765174239671377,False
2003-11-14,1050.349976,BULL,-0.002719187328031404,False
2003-11-21,1035.280029,BULL,-0.01445146956700293,False
2003-11-28,1058.199951,BULL,0.02189735563982424,False
2003-12-05,1061.5,BULL,0.003113696978326796,False
2003-12-12,1074.140015,BULL,0.011837353212343152,False
2003-12-19,1088.660034,BULL,0.013427258020237002,False
2003-12-26,1095.890015,BULL,0.006619218819171282,False
2004-01-02,1108.47998,BULL,0.011422857256173445,False
2004-01-09,1121.859985,BULL,0.01199831929183253,False
2004-01-16,1139.829956,BULL,0.015891081116295724,False
2004-01-23,1141.550049,BULL,0.0015079410901923144,False
2004-01-30,1131.130005,BULL,-0.009169893489728001,False
2004-02-06,1142.76001,BULL,0.010229260284870634,False
2004-02-13,1145.810059,BULL,0.0026654642102693312,False
2004-02-20,1144.109985,BULL,-0.001484832902183191,False
2004-02-27,1144.939941,BULL,0.000725153284724999,False
2004-03-05,1156.859985,BULL,0.010357242975717154,False
2004-03-12,1120.569946,BULL,-0.03187198910264312,False
2004-03-19,1109.780029,BULL,-0.009675612614955824,False
2004-03-26,1108.060059,BULL,-0.0015510318837839011,False
2004-04-02,1141.810059,BULL,0.030003982553549774,False
2004-04-09,1139.319946,BULL,-0.002183228473285206,False
2004-04-16,1134.609985,BULL,-0.004142579480054389,False
2004-04-23,1140.599976,BULL,0.0052654523688267394,False
2004-04-30,1107.300049,BULL,-0.029629754725036032,False
2004-05-07,1098.699951,BULL,-0.007797045847172336,False
2004-05-14,1095.699951,BULL,-0.0027342344175963107,False
2004-05-21,1093.560059,BULL,-0.0019549004428129134,False
2004-05-28,1120.680054,BULL,0.024497208846392532,False
2004-06-04,1122.5,BULL,0.0016226485217531617,False
2004-06-11,1136.469971,BULL,0.01236860097779407,False
2004-06-18,1135.02002,BULL,-0.0012766520677417435,False
2004-06-25,1134.430054,BULL,-0.0005199197991167186,False
2004-07-02,1125.380005,BULL,-0.008009608902173527,False
2004-07-09,1112.810059,BULL,-0.011232359896620426,False
2004-07-16,1101.390015,BULL,-0.010315368875783507,False
2004-07-23,1086.199951,BULL,-0.013887710563420906,False
2004-07-30,1101.719971,BULL,0.0141872471317847,False
2004-08-06,1063.969971,BULL,-0.03486540086217138,False
2004-08-13,1064.800049,BULL,0.0007798663399727475,False
2004-08-20,1098.349976,BULL,0.031021997710303867,False
2004-08-27,1107.77002,BULL,0.008539971776880153,False
2004-09-03,1113.630005,BULL,0.005275950776166779,False
2004-09-10,1123.920044,BULL,0.009197659329805905,False
2004-09-17,1128.550049,BULL,0.004111052604221453,False
2004-09-24,1110.109985,BULL,-0.016474570312997386,False
2004-10-01,1131.5,BULL,0.019085090090278974,False
2004-10-08,1122.140015,BULL,-0.008306596224059094,False
2004-10-15,1108.199951,BULL,-0.012500556632130079,False
2004-10-22,1095.73999,BULL,-0.011307108255671099,False
2004-10-29,1130.199951,BULL,0.030964639878851983,False
2004-11-05,1166.170044,BULL,0.031330347771392146,False
2004-11-12,1184.170044,BULL,0.015317231763105765,False
2004-11-19,1170.339966,BULL,-0.011747868559573639,False
2004-11-26,1182.650024,BULL,0.010463427693512885,False
2004-12-03,1191.170044,BULL,0.007178350794400293,False
2004-12-10,1188.0,BULL,-0.0026648333808311215,False
2004-12-17,1194.199951,BULL,0.005205243158648014,False
2004-12-24,1210.130005,BULL,0.013251331886814663,False
2004-12-31,1211.920044,BULL,0.001478119188041344,False
2005-01-07,1186.189941,BULL,-0.021459474807656184,False
2005-01-14,1184.52002,BULL,-0.0014087942461649672,False
2005-01-21,1167.869995,BULL,-0.014156073559719349,False
2005-01-28,1171.359985,BULL,0.0029838815501511506,False
2005-02-04,1203.030029,BULL,0.026677944332695328,False
2005-02-11,1205.300049,BULL,0.0018851408226758302,False
2005-02-18,1201.589966,BULL,-0.0030828878056949,False
2005-02-25,1211.369995,BULL,0.008106294935239065,False
2005-03-04,1222.119995,BULL,0.008835105114064535,False
2005-03-11,1200.079956,BULL,-0.018198866935273086,False
2005-03-18,1189.650024,BULL,-0.008729018184972983,False
2005-03-25,1171.420044,BULL,-0.015442440713098632,False
2005-04-01,1172.920044,BULL,0.0012796779890213742,False
2005-04-08,1181.199951,BULL,0.007034425739167798,False
2005-04-15,1142.619995,BULL,-0.03320696268688123,False
2005-04-22,1152.119995,BULL,0.008279852458058864,False
2005-04-29,1156.849976,BULL,0.004097054249992582,False
2005-05-06,1171.349976,BULL,0.012456135879914655,False
2005-05-13,1154.050049,BULL,-0.014879372142690563,False
2005-05-20,1189.280029,BULL,0.030070569216560677,False
2005-05-27,1198.780029,BULL,0.007956290783099047,False
2005-06-03,1196.02002,BULL,-0.002305002643669591,False
2005-06-10,1198.109985,BULL,0.0017459081390905004,False
2005-06-17,1216.959961,BULL,0.015610611052821681,False
2005-06-24,1191.569946,BULL,-0.021084193722623615,False
2005-07-01,1194.439941,BULL,0.002405686916697864,False
2005-07-08,1211.859985,BULL,0.014478950141563772,False
2005-07-15,1227.920044,BULL,0.013165359809641028,False
2005-07-22,1233.680054,BULL,0.004679899482775202,False
2005-07-29,1234.180054,BULL,0.00040520935949375103,False
2005-08-05,1226.420044,BULL,-0.006307433485942894,False
2005-08-12,1230.390015,BULL,0.0032318122769453127,False
2005-08-19,1219.709961,BULL,-0.008718110893213232,False
2005-08-26,1205.099976,BULL,-0.012050562460177133,False
2005-09-02,1218.02002,BULL,0.010664074798382748,False
2005-09-09,1241.47998,BULL,0.019077594247382312,False
2005-09-16,1237.910034,BULL,-0.0028796989960214003,False
2005-09-23,1215.290039,BULL,-0.018441737654689684,False
2005-09-30,1228.810059,BULL,0.011063505882018376,False
2005-10-07,1195.900024,BULL,-0.027147209351729224,False
2005-10-14,1186.569946,BULL,-0.007832313366947148,False
2005-10-21,1179.589966,BULL,-0.005899855044752358,False
2005-10-28,1198.410034,BULL,0.015828814926714084,False
2005-11-04,1220.140015,BULL,0.0179699119772424,False
2005-11-11,1234.719971,BULL,0.011878581686600087,False
2005-11-18,1248.27002,BULL,0.010914408483753083,False
2005-11-25,1268.25,BULL,0.015879388740860083,False
2005-12-02,1265.079956,BULL,-0.002502670958503625,False
2005-12-09,1259.369995,BULL,-0.004523734554693488,False
2005-12-16,1267.319946,BULL,0.00629280000317895,False
2005-12-23,1268.660034,BULL,0.0010568601765812342,False
2005-12-30,1248.290039,BULL,-0.01618660614052189,False
2006-01-06,1285.449951,BULL,0.029334167486260977,False
2006-01-13,1287.609985,BULL,0.0016789616729800387,False
2006-01-20,1261.48999,BULL,-0.020494221080469447,False
2006-01-27,1283.719971,BULL,0.017468536291472193,False
2006-02-03,1264.030029,BULL,-0.01545703779822419,False
2006-02-10,1266.98999,BULL,0.002338948192583271,False
2006-02-17,1287.23999,BULL,0.0158563828913357,False
2006-02-24,1289.430054,BULL,0.0016999184916899886,False
2006-03-03,1287.22998,BULL,-0.0017076948496329632,False
2006-03-10,1281.420044,BULL,-0.004523734921982669,False
2006-03-17,1307.25,BULL,0.01995682171938644,False
2006-03-24,1302.949951,BULL,-0.0032948072720444567,False
2006-03-31,1294.869995,BULL,-0.006220586663356773,False
2006-04-07,1295.5,BULL,0.0004864208693260418,False
2006-04-14,1289.119995,BULL,-0.004936909851893688,False
2006-04-21,1311.280029,BULL,0.017043970346628603,False
2006-04-28,1310.609985,BULL,-0.0005111152725773519,False
2006-05-05,1325.76001,BULL,0.011493221207557957,False
2006-05-12,1291.23999,BULL,-0.02638289820620226,False
2006-05-19,1267.030029,BULL,-0.01892738731720759,False
2006-05-26,1280.160034,BULL,0.010309494752523156,False
2006-06-02,1288.219971,BULL,0.006276301359106217,False
2006-06-09,1252.300049,BULL,-0.028279498322109464,False
2006-06-16,1251.540039,BULL,-0.000607075529290938,False
2006-06-23,1244.5,BULL,-0.0056409813610527985,False
2006-06-30,1270.199951,BULL,0.020440486984625014,False
2006-07-07,1265.47998,BULL,-0.0037228487662854075,False
2006-07-14,1236.199951,BULL,-0.02340936243841311,False
2006-07-21,1240.290039,BULL,0.0033031360799581893,False
2006-07-28,1278.550049,BULL,0.030381406953737276,False
2006-08-04,1279.359985,BULL,0.0006332795260994228,False
2006-08-11,1266.73999,BULL,-0.009913277934274076,False
2006-08-18,1302.300049,BULL,0.027685306386301813,False
2006-08-25,1295.089966,BULL,-0.00555180506414069,False
2006-09-01,1311.01001,BULL,0.012217675592125044,False
2006-09-08,1298.920044,BULL,-0.009264656314229076,False
2006-09-15,1319.660034,BULL,0.01584096959556833,False
2006-09-22,1314.780029,BULL,-0.0037047801164306346,False
2006-09-29,1335.849976,BULL,0.015898402085751027,False
2006-10-06,1349.589966,BULL,0.010233042030585377,False
2006-10-13,1365.619995,BULL,0.01180771688005514,False
2006-10-20,1368.599976,BULL,0.002179767693548273,False
2006-10-27,1377.339966,BULL,0.006365776163268525,False
2006-11-03,1364.300049,BULL,-0.009512565660815304,False
2006-11-10,1380.900024,BULL,0.012093965386592968,False
2006-11-17,1401.199951,BULL,0.014593499482030557,False
2006-11-24,1400.949951,BULL,-0.00017843442314413035,False
2006-12-01,1396.709961,BULL,-0.003031099833170385,False
2006-12-08,1409.839966,BULL,0.009356755542910876,False
2006-12-15,1427.089966,BULL,0.012161183399752388,False
2006-12-22,1410.76001,BULL,-0.011508808699008805,False
2006-12-29,1418.300049,BULL,0.005330432508318697,False
2007-01-05,1409.709961,BULL,-0.006075024054628554,False
2007-01-12,1430.72998,BULL,0.014800807735786096,False
2007-01-19,1430.5,BULL,-0.00016075603995689588,False
2007-01-26,1422.180054,BULL,-0.005833089889481908,False
2007-02-02,1448.390015,BULL,0.01826166145317709,False
2007-02-09,1438.060059,BULL,-0.007157580998296949,False
2007-02-16,1455.540039,BULL,0.012081968511632174,False
2007-02-23,1451.189941,BULL,-0.0029931237353074108,False
2007-03-02,1387.170044,BULL,-0.04511813661778483,False
2007-03-09,1402.839966,BULL,0.0112329968086151,False
2007-03-16,1386.949951,BULL,-0.011391672713664916,False
2007-03-23,1436.109985,BULL,0.03483100259178498,False
2007-03-30,1420.859985,BULL,-0.010675747381839332,False
2007-04-06,1443.76001,BULL,0.015988517060402684,False
2007-04-13,1452.849976,BULL,0.006276299455704037,False
2007-04-20,1484.349976,BULL,0.021449821772113912,False
2007-04-27,1494.069946,BULL,0.006526953728038137,False
2007-05-04,1505.619995,BULL,0.007700866627439951,False
2007-05-11,1505.849976,BULL,0.0001527367051052989,False
2007-05-18,1522.75,BULL,0.011160403848791226,False
2007-05-25,1515.72998,BULL,-0.004620752834826798,False
2007-06-01,1536.339966,BULL,0.013505784366779966,False
2007-06-08,1507.670044,BULL,-0.018837500335198404,False
2007-06-15,1532.910034,BULL,0.016602470000222615,False
2007-06-22,1502.560059,BULL,-0.019997552590949885,False
2007-06-29,1503.349976,BULL,0.0005255759546930777,False
2007-07-06,1530.439941,BULL,0.017859301913816888,False
2007-07-13,1552.5,BULL,0.014311297616502567,False
2007-07-20,1534.099976,BEAR,-0.011922660601257936,True
2007-07-27,1458.949951,BEAR,-0.05022690890459827,False
2007-08-03,1433.060059,BEAR,-0.017904905977124595,False
2007-08-10,1453.640015,BEAR,0.014258706584248215,False
2007-08-17,1445.939941,BEAR,-0.005311177630922064,False
2007-08-24,1479.369995,BEAR,0.022856729799079604,False
2007-08-31,1473.98999,BEAR,-0.0036433153956119727,False
2007-09-07,1453.550049,BEAR,-0.013964128838800615,False
2007-09-14,1484.25,BEAR,0.020900720308138814,False
2007-09-21,1525.75,BEAR,0.02757649827381949,False
2007-09-28,1526.75,BEAR,0.0006552006786398157,False
2007-10-05,1557.589966,BEAR,0.019998439972003446,False
2007-10-12,1561.800049,BEAR,0.0026993005273821375,False
2007-10-19,1500.630005,BEAR,-0.03995401035570619,False
2007-10-26,1535.280029,BEAR,0.022827770452130816,False
2007-11-02,1509.650024,BEAR,-0.01683494193883857,False
2007-11-09,1453.699951,BEAR,-0.03776585503502935,False
2007-11-16,1458.73999,BEAR,0.0034610458126181276,False
2007-11-23,1440.699951,BEAR,-0.012443969981622331,False
2007-11-30,1481.140015,BEAR,0.02768299909368843,False
2007-12-07,1504.660034,BEAR,0.01575490998598357,False
2007-12-14,1467.949951,BEAR,-0.02470014536683455,False
2007-12-21,1484.459961,BEAR,0.011184207200228894,False
2007-12-28,1478.48999,BEAR,-0.00402975357501627,False
2008-01-04,1411.630005,BEAR,-0.04627622129748757,False
2008-01-11,1401.02002,BEAR,-0.007544511568830995,False
2008-01-18,1325.189941,BEAR,-0.0556447561833508,False
2008-01-25,1330.609985,BEAR,0.004081671568541911,False
2008-02-01,1395.420044,BEAR,0.04755800432883937,False
2008-02-08,1331.290039,BEAR,-0.047047050492358654,False
2008-02-15,1349.98999,BEAR,0.013948751340584908,False
2008-02-22,1353.109985,BEAR,0.0023084580033205138,False
2008-02-29,1330.630005,BEAR,-0.016753117562496915,False
2008-03-07,1293.369995,BEAR,-0.028401306834058695,False
2008-03-14,1288.140015,BEAR,-0.004051882142709912,False
2008-03-21,1329.51001,BEAR,0.03161113174680075,False
2008-03-28,1315.219971,BEAR,-0.010806530851624314,False
2008-04-04,1370.400024,BEAR,0.04109875557364311,False
2008-04-11,1332.829956,BEAR,-0.027798217372651722,False
2008-04-18,1390.329956,BEAR,0.042236629221811976,False
2008-04-25,1397.839966,BEAR,0.00538706633533608,False
2008-05-02,1413.900024,BEAR,0.011423696864579882,False
2008-05-09,1388.280029,BEAR,-0.018286268854165608,False
2008-05-16,1425.349976,BEAR,0.02635178902372441,False
2008-05-23,1375.930054,BEAR,-0.035287475389261164,False
2008-05-30,1400.380005,BEAR,0.01761372656274888,False
2008-06-06,1360.680054,BEAR,-0.028759017457380444,False
2008-06-13,1360.030029,BEAR,-0.0004778348243935261,False
2008-06-20,1317.930054,BEAR,-0.031444414781924404,False
2008-06-27,1278.380005,BEAR,-0.030468709606330902,False
2008-07-04,1262.900024,BEAR,-0.012182972589134212,False
2008-07-11,1239.48999,BEAR,-0.018710686050399813,False
2008-07-18,1260.680054,BEAR,0.016951304137379483,False
2008-07-25,1257.76001,BEAR,-0.0023189317468951007,False
2008-08-01,1260.310059,BEAR,0.0020254002484979966,False
2008-08-08,1296.319946,BEAR,0.028171670113357094,False
2008-08-15,1298.199951,BEAR,0.0014492124968544281,False
2008-08-22,1292.199951,BEAR,-0.004632497650560357,False
2008-08-29,1282.829956,BEAR,-0.007277613615485317,False
2008-09-05,1242.310059,BEAR,-0.03209594332390191,False
2008-09-12,1251.699951,BEAR,0.007529990922366242,False
2008-09-19,1255.079956,BEAR,0.002696692309433628,False
2008-09-26,1213.27002,BEAR,-0.03388007021414745,False
2008-10-03,1099.22998,BEAR,-0.09870929380498887,False
2008-10-10,899.2199710000001,BEAR,-0.2008375068427271,False
2008-10-17,940.549988,BEAR,0.04493710914575015,False
2008-10-24,876.7700199999998,BEAR,-0.07022007468961187,False
2008-10-31,968.75,BEAR,0.09976185757663149,False
2008-11-07,930.98999,BEAR,-0.03975805532799075,False
2008-11-14,873.2899779999998,BEAR,-0.06398086199626364,False
2008-11-21,800.030029,BEAR,-0.0876184001298424,False
2008-11-28,896.23999,BEAR,0.11355895987928234,False
2008-12-05,876.070007,BEAR,-0.022762218682850756,False
2008-12-12,879.7299800000002,BEAR,0.004169015067966301,False
2008-12-19,887.8800050000001,BEAR,0.009221584878993843,False
2008-12-26,872.7999880000001,BEAR,-0.017130183586844813,False
2009-01-02,931.799988,BEAR,0.06541176573438945,False
2009-01-09,890.349976,BEAR,-0.04550356961276479,False
2009-01-16,850.1199949999999,BEAR,-0.046237106782663906,False
2009-01-23,831.950012,BEAR,-0.021605152823507633,False
2009-01-30,825.880005,BEAR,-0.007322866714632978,False
2009-02-06,868.599976,BEAR,0.05043320189922408,False
2009-02-13,826.840027,BEAR,-0.04927145388457293,False
2009-02-20,770.049988,BEAR,-0.07115580636440735,False
2009-02-27,735.090027,BEAR,-0.046462454794710936,False
2009-03-06,683.380005,BEAR,-0.07294189629435432,False
2009-03-13,756.549988,BEAR,0.10171752790409792,False
2009-03-20,768.539978,BEAR,0.015723973409290253,False
2009-03-27,815.9400019999998,BEAR,0.05984824285468956,False
2009-04-03,842.5,BEAR,0.032032836926433904,False
2009-04-10,856.5599980000002,BEAR,0.016550703288576826,False
2009-04-17,869.599976,BEAR,0.0151089426930096,False
2009-04-24,866.2299800000002,BEAR,-0.003882869082166938,False
2009-05-01,877.5200199999998,BEAR,0.012949330768645226,False
2009-05-08,929.22998,BEAR,0.05725649479457853,False
2009-05-15,882.8800050000001,BEAR,-0.05116696799695493,False
2009-05-22,887.0,BEAR,0.004655685617374265,False
2009-05-29,919.140015,BEAR,0.035593484262683085,False
2009-06-05,940.090027,BEAR,0.022537177510062532,False
2009-06-12,946.210022,BEAR,0.006488910899677638,False
2009-06-19,921.22998,BEAR,-0.026754843057869234,False
2009-06-26,918.900024,BEAR,-0.002532383299109885,False
2009-07-03,896.419983,BEAR,-0.024768294443379284,False
2009-07-10,879.1300050000001,BEAR,-0.01947624640885474,False
2009-07-17,940.380005,BEAR,0.06735126643824157,False
2009-07-24,979.26001,BEAR,0.040513140391420774,False
2009-07-31,987.47998,BEAR,0.00835902854959498,False
2009-08-07,1010.47998,BEAR,0.02302450152109879,False
2009-08-14,1004.090027,BEAR,-0.006343760114742123,False
2009-08-21,1026.130005,BEAR,0.021712763671526338,False
2009-08-28,1028.930054,BEAR,0.0027250305609824383,False
2009-09-04,1016.400024,BEAR,-0.012252483732152795,False
2009-09-11,1042.72998,BEAR,0.02557525860118948,False
2009-09-18,1068.300049,BEAR,0.024226391159157257,False
2009-09-25,1044.380005,BEAR,-0.022645233141015197,False
2009-10-02,1025.209961,BEAR,-0.018525981082430833,False
2009-10-09,1071.48999,BEAR,0.04415276223047054,False
2009-10-16,1087.680054,BEAR,0.014996843328574047,False
2009-10-23,1079.599976,BEAR,-0.0074564572413113135,False
2009-10-30,1036.189941,BEAR,-0.041040112165232775,False
2009-11-06,1069.300049,BEAR,0.03145380683881998,False
2009-11-13,1093.47998,BEAR,0.022360978177516973,False
2009-11-20,1091.380005,BEAR,-0.0019222976859611766,False
2009-11-27,1091.48999,BEAR,0.00010077100362826567,False
2009-12-04,1105.97998,BEAR,0.013188075570462632,False
2009-12-11,1106.410034,BEAR,0.00038876870958114146,False
2009-12-18,1102.469971,BEAR,-0.003567479600355146,False
2009-12-25,1126.47998,BEAR,0.021544618092781857,False
2010-01-01,1115.099976,BEAR,-0.010153643406052754,False
2010-01-08,1144.97998,BEAR,0.026443086670740853,False
2010-01-15,1136.030029,BEAR,-0.00784739820872496,False
2010-01-22,1091.76001,BEAR,-0.039748671821217996,False
2010-01-29,1073.869995,BEAR,-0.016522140833442233,False
2010-02-05,1066.189941,BEAR,-0.007177450351849659,False
2010-02-12,1075.51001,BEAR,0.008703486059314201,False
2010-02-19,1109.170044,BEAR,0.030817050561743536,False
2010-02-26,1104.48999,BEAR,-0.0042283466304430615,False
2010-03-05,1138.699951,BEAR,0.030503536890328056,False
2010-03-12,1149.98999,BEAR,0.009866020186555366,False
2010-03-19,1159.900024,BEAR,0.00858057720768254,False
2010-03-26,1166.589966,BEAR,0.005751119040360841,False
2010-04-02,1178.099976,BEAR,0.009818016660658365,False
2010-04-09,1194.369995,BEAR,0.01371589462927863,False
2010-04-16,1192.130005,BEAR,-0.0018772182340672265,False
2010-04-23,1217.280029,BEAR,0.020877258025022955,False
2010-04-30,1186.689941,BEAR,-0.025451016112645164,False
2010-05-07,1110.880005,BEAR,-0.06601537068197798,False
2010-05-14,1135.680054,BEAR,0.02207913950083621,False
2010-05-21,1087.689941,BEAR,-0.043175510904092856,False
2010-05-28,1089.410034,BEAR,0.0015801693791423117,False
2010-06-04,1064.880005,BEAR,-0.022774175047656765,False
2010-06-11,1091.599976,BEAR,0.02478236641397912,False
2010-06-18,1117.51001,BEAR,0.023458517093905208,False
2010-06-25,1076.76001,BEAR,-0.03714646355692571,False
2010-07-02,1022.580017,BEAR,-0.05162767929527099,False
2010-07-09,1077.959961,BEAR,0.052741467759848615,False
2010-07-16,1064.880005,BEAR,-0.012208208415536458,False
2010-07-23,1102.660034,BEAR,0.03486335190837983,False
2010-07-30,1101.599976,BEAR,-0.0009618267145558692,False
2010-08-06,1121.640015,BEAR,0.018028266727814615,False
2010-08-13,1079.25,BEAR,-0.038525557920180205,False
2010-08-20,1071.689941,BEAR,-0.007029568782892112,False
2010-08-27,1064.589966,BEAR,-0.006647070094655977,False
2010-09-03,1104.51001,BEAR,0.03681209018546524,False
2010-09-10,1109.550049,BEAR,0.004552765120529041,False
2010-09-17,1125.589966,BULL,0.014352740539625767,True
2010-09-24,1148.670044,BULL,0.020297477232329664,False
2010-10-01,1146.23999,BULL,-0.002117777927872496,False
2010-10-08,1165.150024,BULL,0.016362842966437426,False
2010-10-15,1176.189941,BULL,0.009430496197745884,False
2010-10-22,1183.079956,BULL,0.005840819311589793,False
2010-10-29,1183.26001,BULL,0.00015217931737157033,False
2010-11-05,1225.849976,BULL,0.035361111828608925,False
2010-11-12,1199.209961,BULL,-0.021971487205065234,False
2010-11-19,1199.72998,BULL,0.0004335406645723374,False
2010-11-26,1189.400024,BULL,-0.00864751633864233,False
2010-12-03,1224.709961,BULL,0.02925505096386089,False
2010-12-10,1240.400024,BULL,0.012729878160295948,False
2010-12-17,1243.910034,BULL,0.0028257441733297545,False
2010-12-24,1256.77002,BULL,0.010285281675701245,False
2010-12-31,1257.640015,BULL,0.0006920072880779569,False
2011-01-07,1271.5,BULL,0.01096034515017438,False
2011-01-14,1293.23999,BULL,0.01695338380204953,False
2011-01-21,1283.349976,BULL,-0.007676861822903164,False
2011-01-28,1276.339966,BULL,-0.005477247388547852,False
2011-02-04,1310.869995,BULL,0.026694454634051765,False
2011-02-11,1329.150024,BULL,0.013848623131249033,False
2011-02-18,1343.01001,BULL,0.010373712739784595,False
2011-02-25,1319.880005,BULL,-0.01737254381260948,False
2011-03-04,1321.150024,BULL,0.0009617604373672341,False
2011-03-11,1304.280029,BULL,-0.012851400985030847,False
2011-03-18,1279.209961,BULL,-0.01940851721009707,False
2011-03-25,1313.800049,BULL,0.026681069367275986,False
2011-04-01,1332.410034,BULL,0.014065619307944527,False
2011-04-08,1328.170044,BULL,-0.003187270042690939,False
2011-04-15,1319.680054,BULL,-0.006412764152522148,False
2011-04-22,1337.380005,BULL,0.013323155990104637,False
2011-04-29,1363.609985,BULL,0.019423103907939183,False
2011-05-06,1340.199951,BULL,-0.01731676378817674,False
2011-05-13,1337.77002,BULL,-0.0018147564709064107,False
2011-05-20,1333.27002,BULL,-0.003369477199986412,False
2011-05-27,1331.099976,BULL,-0.0016289362836969217,False
2011-06-03,1300.160034,BULL,-0.023518290072783526,False
2011-06-10,1270.97998,BULL,-0.022699119261457908,False
2011-06-17,1271.5,BEAR,0.00040906517364313244,True
2011-06-24,1268.449951,BEAR,-0.0024016618633376733,False
2011-07-01,1339.670044,BEAR,0.05462770380420768,False
2011-07-08,1343.800049,BEAR,0.0030781101467642303,False
2011-07-15,1316.140015,BEAR,-0.02079823634712646,False
2011-07-22,1345.02002,BEAR,0.0217056760808449,False
2011-07-29,1292.280029,BEAR,-0.040000775113780127,False
2011-08-05,1199.380005,BEAR,-0.074603361809715,False
2011-08-12,1178.810059,BEAR,-0.017299255678743377,False
2011-08-19,1123.530029,BEAR,-0.048029964731206354,False
2011-08-26,1176.800049,BEAR,0.04632339157548615,False
2011-09-02,1173.969971,BEAR,-0.0024077892292238743,False
2011-09-09,1154.22998,BEAR,-0.01695770505572314,False
2011-09-16,1216.01001,BEAR,0.05214157775950395,False
2011-09-23,1136.430054,BEAR,-0.06768319809609293,False
2011-09-30,1131.420044,BEAR,-0.004418297447963179,False
2011-10-07,1155.459961,BEAR,0.021024979457494233,False
2011-10-14,1224.579956,BEAR,0.05809939280277184,False
2011-10-21,1238.25,BEAR,0.01110120035201197,False
2011-10-28,1285.089966,BEAR,0.03712963586157766,False
2011-11-04,1253.22998,BEAR,-0.025104525780292403,False
2011-11-11,1263.849976,BEAR,0.008438396239552328,False
2011-11-18,1215.650024,BEAR,-0.0388836658986179,False
2011-11-25,1158.670044,BEAR,-0.04800609933299284,False
2011-12-02,1244.280029,BEAR,0.07128423910726434,False
2011-12-09,1255.189941,BEAR,0.008729835859540895,False
2011-12-16,1219.660034,BEAR,-0.028714749285909398,False
2011-12-23,1265.329956,BEAR,0.03676076369428186,False
2011-12-30,1257.599976,BEAR,-0.006127799341779083,False
2012-01-06,1277.810059,BULL,0.015942597670248557,True
2012-01-13,1289.089966,BULL,0.008788795432465359,False
2012-01-20,1315.380005,BULL,0.02018908435862554,False
2012-01-27,1316.329956,BULL,0.0007219268500977124,False
2012-02-03,1344.900024,BULL,0.021472150772286702,False
2012-02-10,1342.640015,BULL,-0.001681842502753286,False
2012-02-17,1361.22998,BULL,0.013750851896370236,False
2012-02-24,1365.73999,BULL,0.0033077108744124593,False
2012-03-02,1369.630005,BULL,0.002844235061086984,False
2012-03-09,1370.869995,BULL,0.0009049371170372319,False
2012-03-16,1404.170044,BULL,0.02400084109131724,False
2012-03-23,1397.109985,BULL,-0.005040605634016969,False
2012-03-30,1408.469971,BULL,0.00809818166720094,False
2012-04-06,1398.079956,BULL,-0.007404152954012834,False
2012-04-13,1370.26001,BULL,-0.020099325155524563,False
2012-04-20,1378.530029,BULL,0.006017224913769911,False
2012-04-27,1403.359985,BULL,0.01785161546485505,False
2012-05-04,1369.099976,BULL,-0.02471577840449238,False
2012-05-11,1353.390015,BULL,-0.011541005054419932,False
2012-05-18,1295.219971,BULL,-0.043932024570704255,False
2012-05-25,1317.819946,BULL,0.017298272712800253,False
2012-06-01,1278.040039,BULL,-0.030651130329927723,False
2012-06-08,1325.660034,BULL,0.03658278939057459,False
2012-06-15,1342.839966,BULL,0.01287627458610815,False
2012-06-22,1335.02002,BULL,-0.005840460867788356,False
2012-06-29,1362.160034,BULL,0.020125412096156547,False
2012-07-06,1354.680054,BULL,-0.005506396149477807,False
2012-07-13,1356.780029,BULL,0.0015489628138259206,False
2012-07-20,1362.660034,BULL,0.004324430049661665,False
2012-07-27,1385.969971,BULL,0.01696153778321758,False
2012-08-03,1390.98999,BULL,0.003615482065894903,False
2012-08-10,1405.869995,BULL,0.010640608021520732,False
2012-08-17,1418.160034,BULL,0.008703956022868234,False
2012-08-24,1411.130005,BULL,-0.004969475289351241,False
2012-08-31,1406.579956,BULL,-0.00322961058297224,False
2012-09-07,1437.920044,BULL,0.022036460701885,False
2012-09-14,1465.77002,BULL,0.019183059777814742,False
2012-09-21,1460.150024,BULL,-0.0038415286999201157,False
2012-09-28,1440.670044,BULL,-0.013430872906685739,False
2012-10-05,1460.930054,BULL,0.013964942495818531,False
2012-10-12,1428.589966,BULL,-0.022385336140166075,False
2012-10-19,1433.189941,BULL,0.003214767809623356,False
2012-10-26,1411.939941,BULL,-0.014938084400290852,False
2012-11-02,1414.199951,BULL,0.0015993620755636515,False
2012-11-09,1379.849976,BULL,-0.024589185323494397,False
2012-11-16,1359.880005,BULL,-0.014578315978268452,False
2012-11-23,1409.150024,BULL,0.0355902385253019,False
2012-11-30,1416.180054,BULL,0.004976441204473644,False
2012-12-07,1418.069946,BULL,0.0013336101473761875,False
2012-12-14,1413.579956,BULL,-0.0031712915921193255,False
2012-12-21,1430.150024,BULL,0.011653888134352872,False
2012-12-28,1402.430054,BULL,-0.019572865856780856,False
2013-01-04,1466.469971,BULL,0.044651647780366316,False
2013-01-11,1472.050049,BULL,0.0037978878273763304,False
2013-01-18,1485.97998,BULL,0.009418453387639384,False
2013-01-25,1502.959961,BULL,0.011361997232450212,False
2013-02-01,1513.170044,BULL,0.006770346094835095,False
2013-02-08,1517.930054,BULL,0.003140783055019515,False
2013-02-15,1519.790039,BULL,0.00122459290224051,False
2013-02-22,1515.599976,BULL,-0.0027608087532110044,False
2013-03-01,1518.199951,BULL,0.0017140059984718848,False
2013-03-08,1551.180054,BULL,0.021490576105985346,False
2013-03-15,1560.699951,BULL,0.006118440738748912,False
2013-03-22,1556.890015,BULL,-0.0024441558628499616,False
2013-03-29,1569.189941,BULL,0.007869273752612226,False
2013-04-05,1553.280029,BULL,-0.010190682273750626,False
2013-04-12,1588.849976,BULL,0.02264162621415768,False
2013-04-19,1555.25,BULL,-0.021374164587379084,False
2013-04-26,1582.23999,BULL,0.01720525380639787,False
2013-05-03,1614.420044,BULL,0.020134228078919014,False
2013-05-10,1633.699951,BULL,0.011871564758749592,False
2013-05-17,1667.469971,BULL,0.020460139192627895,False
2013-05-24,1649.599976,BULL,-0.010774670518109736,False
2013-05-31,1630.73999,BULL,-0.011498926336280269,False
2013-06-07,1643.380005,BULL,0.007721206196422175,False
2013-06-14,1626.72998,BULL,-0.01018324702107147,False
2013-06-21,1592.430054,BULL,-0.02131066720607892,False
2013-06-28,1606.280029,BULL,0.008659779219349649,False
2013-07-05,1631.890015,BULL,0.01581789691739468,False
2013-07-12,1680.189941,BULL,0.029167985642089028,False
2013-07-19,1692.089966,BULL,0.007057584021880463,False
2013-07-26,1691.6500239999998,BULL,-0.00026003298349124314,False
2013-08-02,1709.6700440000004,BULL,0.010595996989087754,False
2013-08-09,1691.4200440000004,BULL,-0.010731956337094721,False
2013-08-16,1655.829956,BULL,-0.02126607171791427,False
2013-08-23,1663.5,BULL,0.004621449360524723,False
2013-08-30,1632.969971,BULL,-0.018523391512011742,False
2013-09-06,1655.170044,BULL,0.013503324206009335,False
2013-09-13,1687.9899899999998,BULL,0.019634716891003618,False
2013-09-20,1709.910034,BULL,0.01290229137322287,False
2013-09-27,1691.75,BULL,-0.010677261304420415,False
2013-10-04,1690.5,BULL,-0.0007391529643941745,False
2013-10-11,1703.199951,BULL,0.0074844626619534225,False
2013-10-18,1744.5,BULL,0.02395917581693483,False
2013-10-25,1759.77002,BULL,0.008715148412695564,False
2013-11-01,1761.640015,BULL,0.0010620718162285218,False
2013-11-08,1770.609985,BULL,0.005078909636594961,False
2013-11-15,1798.180054,BULL,0.015450960793491146,False
2013-11-22,1804.76001,BULL,0.003652552192630624,False
2013-11-29,1805.810059,BULL,0.0005816527637116069,False
2013-12-06,1805.089966,BULL,-0.0003988440580244235,False
2013-12-13,1775.319946,BULL,-0.016629775250343058,False
2013-12-20,1818.319946,BULL,0.023932310218346464,False
2013-12-27,1841.400024,BULL,0.012613196735146423,False
2014-01-03,1831.369995,BULL,-0.005461846988818848,False
2014-01-10,1842.369995,BULL,0.005988465652532089,False
2014-01-17,1838.699951,BULL,-0.001994010040487901,False
2014-01-24,1790.290039,BULL,-0.026681133840760173,False
2014-01-31,1782.589966,BULL,-0.0043102958457234795,False
2014-02-07,1797.02002,BULL,0.008062404687657985,False
2014-02-14,1838.630005,BULL,0.022890983267000987,False
2014-02-21,1836.25,BULL,-0.0012952832906206779,False
2014-02-28,1859.449951,BULL,0.012555270215002664,False
2014-03-07,1878.040039,BULL,0.009947981859149177,False
2014-03-14,1841.130005,BULL,-0.019849184309624936,False
2014-03-21,1866.52002,BULL,0.0136962290021766,False
2014-03-28,1857.619995,BULL,-0.004779649480204938,False
2014-04-04,1865.089966,BULL,0.004013195281951465,False
2014-04-11,1815.689941,BULL,-0.02684376280737816,False
2014-04-18,1864.849976,BULL,0.02671507977008374,False
2014-04-25,1863.400024,BULL,-0.0007778191232358047,False
2014-05-02,1881.140015,BULL,0.009475195104729883,False
2014-05-09,1878.47998,BULL,-0.0014150554829502216,False
2014-05-16,1877.859985,BULL,-0.00033010590703023166,False
2014-05-23,1900.530029,BULL,0.011999987272514582,False
2014-05-30,1923.569946,BULL,0.01204999656786551,False
2014-06-06,1949.439941,BULL,0.013359315110449245,False
2014-06-13,1936.160034,BULL,-0.006835473951310977,False
2014-06-20,1962.869995,BULL,0.013701037760350214,False
2014-06-27,1960.959961,BULL,-0.0009735560267804128,False
2014-07-04,1985.439941,BULL,0.01240639296612989,False
2014-07-11,1967.569946,BULL,-0.00904127095147052,False
2014-07-18,1978.219971,BULL,0.005398184437678429,False
2014-07-25,1978.339966,BULL,6.065622760559851e-05,False
2014-08-01,1925.150024,BULL,-0.027254192793187266,False
2014-08-08,1931.589966,BULL,0.00333958109801527,False
2014-08-15,1955.060059,BULL,0.012077433335091384,False
2014-08-22,1988.400024,BULL,0.016909393626816434,False
2014-08-29,2003.369995,BULL,0.007500452735949816,False
2014-09-05,2007.709961,BULL,0.0021639896193672015,False
2014-09-12,1985.540039,BULL,-0.011103812576524584,False
2014-09-19,2010.400024,BULL,0.01244278209798941,False
2014-09-26,1982.849976,BULL,-0.01379852757757692,False
2014-10-03,1967.900024,BULL,-0.00756819508094261,False
2014-10-10,1906.130005,BULL,-0.03189198533110604,False
2014-10-17,1886.76001,BULL,-0.010213933607403483,False
2014-10-24,1964.579956,BULL,0.040417382032678494,False
2014-10-31,2018.050049,BULL,0.02685326329145723,False
2014-11-07,2031.920044,BULL,0.00684945760459423,False
2014-11-14,2039.819946,BULL,0.0038803616792513883,False
2014-11-21,2063.5,BULL,0.011542028014378952,False
2014-11-28,2067.560059,BULL,0.001965626376400644,False
2014-12-05,2075.3701170000004,BULL,0.0037703108283433707,False
2014-12-12,2002.329956,BULL,-0.035828026915602544,False
2014-12-19,2070.649902,BULL,0.03355103982062212,False
2014-12-26,2088.77002,BULL,0.008712865241103061,False
2015-01-02,2058.199951,BULL,-0.014743594948722195,False
2015-01-09,2044.810059,BULL,-0.006526886116153318,False
2015-01-16,2019.420044,BULL,-0.012494541237155526,False
2015-01-23,2051.820068,BULL,0.01591687404468792,False
2015-01-30,1994.98999,BULL,-0.028088204518643765,False
2015-02-06,2055.469971,BULL,0.02986548536615979,False
2015-02-13,2096.98999,BULL,0.01999846027091859,False
2015-02-20,2110.300049,BULL,0.0063271622731198565,False
2015-02-27,2104.5,BULL,-0.0027522314670890245,False
2015-03-06,2071.26001,BULL,-0.015920786651114346,False
2015-03-13,2053.399902,BULL,-0.008660214420370906,False
2015-03-20,2108.100098,BULL,0.026290206214478692,False
2015-03-27,2061.02002,BULL,-0.022586098779139384,False
2015-04-03,2066.959961,BULL,0.0028778943342870796,False
2015-04-10,2102.060059,BULL,0.016838934432032705,False
2015-04-17,2081.179932,BULL,-0.009982836485074531,False
2015-04-24,2117.689941,BULL,0.017390836237946003,False
2015-05-01,2108.290039,BULL,-0.004448633238562826,False
2015-05-08,2116.100098,BULL,0.0036976072972274205,False
2015-05-15,2122.72998,BULL,0.003128168520256474,False
2015-05-22,2126.060059,BULL,0.0015675425951007286,False
2015-05-29,2107.389893,BULL,-0.008820365070869573,False
2015-06-05,2092.830078,BULL,-0.006932909904194098,False
2015-06-12,2094.110107,BULL,0.0006114388949068927,False
2015-06-19,2109.98999,BULL,0.00755451019549363,False
2015-06-26,2101.48999,BULL,-0.004036591213537628,False
2015-07-03,2076.780029,BULL,-0.011827980942475178,False
2015-07-10,2076.6201170000004,BULL,-7.700293468362091e-05,False
2015-07-17,2126.639893,BULL,0.023801590800711613,False
2015-07-24,2079.649902,BULL,-0.02234365591062092,False
2015-07-31,2103.840088,BULL,0.011564724984459651,False
2015-08-07,2077.570068,BULL,-0.012565313930213231,False
2015-08-14,2091.540039,BEAR,0.006701681139131765,True
2015-08-21,1970.890015,BEAR,-0.059415430403592005,False
2015-08-28,1988.869995,BEAR,0.009081410754623657,False
2015-09-04,1921.219971,BEAR,-0.034606249924609,False
2015-09-11,1961.050049,BEAR,0.0205196832509959,False
2015-09-18,1958.030029,BEAR,-0.0015411885124426363,False
2015-09-25,1931.339966,BEAR,-0.013724835643169562,False
2015-10-02,1951.359985,BEAR,0.010312512775280154,False
2015-10-09,2014.890015,BEAR,0.03203805309163063,False
2015-10-16,2033.109985,BEAR,0.009002022252917892,False
2015-10-23,2075.149902,BEAR,0.020466759965749846,False
2015-10-30,2079.360107,BEAR,0.002026812515633192,False
2015-11-06,2099.199951,BEAR,0.009496090908723649,False
2015-11-13,2023.040039,BEAR,-0.03695494654242761,False
2015-11-20,2089.169922,BEAR,0.032165470695056736,False
2015-11-27,2090.110107,BEAR,0.00044992678611458284,False
2015-12-04,2091.689941,BEAR,0.0007555760949956367,False
2015-12-11,2012.369995,BEAR,-0.03865919399291833,False
2015-12-18,2005.550049,BEAR,-0.003394767678296077,False
2015-12-25,2060.98999,BEAR,0.027268083242996524,False
2016-01-01,2043.939941,BEAR,-0.008307156193568102,False
2016-01-08,1922.030029,BEAR,-0.061497354581965584,False
2016-01-15,1880.329956,BEAR,-0.021934664302715148,False
2016-01-22,1906.900024,BEAR,0.014031629491637075,False
2016-01-29,1940.23999,BEAR,0.017332772165508242,False
2016-02-05,1880.050049,BEAR,-0.03151327331381022,False
2016-02-12,1864.780029,BEAR,-0.008155299073410146,False
2016-02-19,1917.780029,BEAR,0.028025182965989496,False
2016-02-26,1948.050049,BEAR,0.015660615206836422,False
2016-03-04,1999.98999,BEAR,0.02631327815199023,False
2016-03-11,2022.189941,BULL,0.011038877829937944,True
2016-03-18,2049.580078,BULL,0.01345387879038044,False
2016-03-25,2035.939941,BULL,-0.006677332441074935,False
2016-04-01,2072.780029,BULL,0.017933115699168455,False
2016-04-08,2047.599976,BULL,-0.012222351545580398,False
2016-04-15,2080.72998,BULL,0.016050420186830422,False
2016-04-22,2091.580078,BULL,0.0052010144536657945,False
2016-04-29,2065.300049,BULL,-0.012644280483914425,False
2016-05-06,2057.139893,BULL,-0.0039589014140078505,False
2016-05-13,2046.609985,BULL,-0.005131858140794745,False
2016-05-20,2052.320068,BULL,0.002786135220606505,False
2016-05-27,2099.060059,BULL,0.02251875987562857,False
2016-06-03,2099.129883,BULL,3.326385941141118e-05,False
2016-06-10,2096.070068,BULL,-0.0014587221483184669,False
2016-06-17,2071.219971,BULL,-0.011926403644269688,False
2016-06-24,2037.410034,BULL,-0.01645838157909804,False
2016-07-01,2102.949951,BULL,0.03166168751260075,False
2016-07-08,2129.899902,BULL,0.01273388667227462,False
2016-07-15,2161.73999,BULL,0.014838464089124424,False
2016-07-22,2175.030029,BULL,0.0061290225421297695,False
2016-07-29,2173.600098,BULL,-0.0006576466656287165,False
2016-08-05,2182.8701170000004,BULL,0.004255754100737938,False
2016-08-12,2184.050049,BULL,0.000540395511647111,False
2016-08-19,2183.8701170000004,BULL,-8.238795273866771e-05,False
2016-08-26,2169.040039,BULL,-0.006813894542949948,False
2016-09-02,2179.97998,BULL,0.005031001939401907,False
2016-09-09,2127.810059,BULL,-0.024222383765645873,False
2016-09-16,2139.159912,BULL,0.0053198779672246985,False
2016-09-23,2164.689941,BULL,0.011863949405427298,False
2016-09-30,2168.27002,BULL,0.0016524869128281385,False
2016-10-07,2153.73999,BULL,-0.0067237626507101154,False
2016-10-14,2132.97998,BULL,-0.009685807538086228,False
2016-10-21,2141.159912,BULL,0.0038276435463539802,False
2016-10-28,2126.409912,BULL,-0.006912626784454458,False
2016-11-04,2085.179932,BULL,-0.019579920516906373,False
2016-11-11,2164.449951,BULL,0.037311115122821016,False
2016-11-18,2181.899902,BULL,0.008029746960041561,False
2016-11-25,2213.350098,BULL,0.014311237257653165,False
2016-12-02,2191.949951,BULL,-0.009715712937028277,False
2016-12-09,2259.530029,BULL,0.030365303637206492,False
2016-12-16,2258.070068,BULL,-0.000646343642411197,False
2016-12-23,2263.790039,BULL,0.0025299208359117523,False
2016-12-30,2238.830078,BULL,-0.01108697426216969,False
2017-01-06,2276.97998,BULL,0.016896551951772306,False
2017-01-13,2274.639893,BULL,-0.0010282436897068488,False
2017-01-20,2271.310059,BULL,-0.0014649675560359453,False
2017-01-27,2294.689941,BULL,0.010240948897956079,False
2017-02-03,2297.419922,BULL,0.0011889878086798534,False
2017-02-10,2316.100098,BULL,0.008098058750724448,False
2017-02-17,2351.159912,BULL,0.01502400697616842,False
2017-02-24,2367.340088,BULL,0.006858213169277048,False
2017-03-03,2383.1201170000004,BULL,0.006643603507814037,False
2017-03-10,2372.600098,BULL,-0.004424161087533251,False
2017-03-17,2378.25,BULL,0.002378481554666789,False
2017-03-24,2343.97998,BULL,-0.014514592381768712,False
2017-03-31,2362.719971,BULL,0.007963154746676774,False
2017-04-07,2355.540039,BULL,-0.003043468366266906,False
2017-04-14,2328.949951,BULL,-0.011352515912232342,False
2017-04-21,2348.689941,BULL,0.008440199605094349,False
2017-04-28,2384.199951,BULL,0.015005916953864412,False
2017-05-05,2399.290039,BULL,0.006309258758265591,False
2017-05-12,2390.899902,BULL,-0.0035030534000614964,False
2017-05-19,2381.72998,BULL,-0.0038427171227057057,False
2017-05-26,2415.820068,BULL,0.014211696148297353,False
2017-06-02,2439.070068,BULL,0.0095780448548262,False
2017-06-09,2431.77002,BULL,-0.002997451500705972,False
2017-06-16,2433.149902,BULL,0.0005672784173752105,False
2017-06-23,2438.300049,BULL,0.0021144213614290074,False
2017-06-30,2423.409912,BULL,-0.006125492338279366,False
2017-07-07,2425.179932,BULL,0.0007301174715033526,False
2017-07-14,2459.27002,BULL,0.013958845671154655,False
2017-07-21,2472.540039,BULL,0.005381412043758847,False
2017-07-28,2472.100098,BULL,-0.0001779466205716644,False
2017-08-04,2476.830078,BULL,0.001911516740800324,False
2017-08-11,2441.320068,BULL,-0.014440643748309051,False
2017-08-18,2425.550049,BULL,-0.006480581487979767,False
2017-08-25,2443.050049,BULL,0.007188955763843824,False
2017-09-01,2476.550049,BULL,0.013619203649464081,False
2017-09-08,2461.429932,BULL,-0.0061240281707106,False
2017-09-15,2500.22998,BULL,0.015640265401958866,False
2017-09-22,2502.219971,BULL,0.0007956066025498716,False
2017-09-29,2519.360107,BULL,0.006826617239367865,False
2017-10-06,2549.330078,BULL,0.011825666659960581,False
2017-10-13,2553.169922,BULL,0.0015050836746141121,False
2017-10-20,2575.209961,BULL,0.008595375224421158,False
2017-10-27,2581.070068,BULL,0.0022729989411254636,False
2017-11-03,2587.840088,BULL,0.0026195169453236433,False
2017-11-10,2582.300049,BULL,-0.0021430912793751157,False
2017-11-17,2578.850098,BULL,-0.0013368925203005567,False
2017-11-24,2602.419922,BULL,0.009098150258181698,False
2017-12-01,2642.219971,BULL,0.015177710518531203,False
2017-12-08,2651.5,BULL,0.003506055687497186,False
2017-12-15,2675.810059,BULL,0.009126642704838511,False
2017-12-22,2683.340088,BULL,0.0028101597263886775,False
2017-12-29,2673.610107,BULL,-0.0036326608781979777,False
2018-01-05,2743.149902,BULL,0.02567720023872666,False
2018-01-12,2786.23999,BULL,0.015586153682244063,False
2018-01-19,2810.300049,BEAR,0.008598243579693679,True
2018-01-26,2872.8701170000004,BEAR,0.022020314181696175,False
2018-02-02,2762.129883,BEAR,-0.039309491967079495,False
2018-02-09,2619.550049,BEAR,-0.05299951286174419,False
2018-02-16,2732.219971,BEAR,0.04211188893710243,False
2018-02-23,2747.300049,BEAR,0.0055041740944551006,False
2018-03-02,2691.25,BEAR,-0.020612859336735363,False
2018-03-09,2786.570068,BEAR,0.03480570353793254,False
2018-03-16,2752.01001,BEAR,-0.01247991581523499,False
2018-03-23,2588.26001,BEAR,-0.0613457182845008,False
2018-03-30,2640.8701170000004,BEAR,0.02012261349354207,False
2018-04-06,2604.469971,BEAR,-0.013879264151735852,False
2018-04-13,2656.300049,BULL,0.01970500701311405,True
2018-04-20,2670.139893,BULL,0.0051966699320902835,False
2018-04-27,2669.909912,BULL,-8.613440268920659e-05,False
2018-05-04,2663.419922,BULL,-0.0024337490481273244,False
2018-05-11,2727.719971,BULL,0.023855102814838776,False
2018-05-18,2712.969971,BULL,-0.005422119728918449,False
2018-05-25,2721.330078,BULL,0.003076794994686856,False
2018-06-01,2734.6201170000004,BULL,0.004871769283305414,False
2018-06-08,2779.030029,BULL,0.016109427052745,False
2018-06-15,2779.659912,BULL,0.00022663001872078365,False
2018-06-22,2754.879883,BULL,-0.008954744388842395,False
2018-06-29,2718.3701170000004,BULL,-0.013341363005702852,False
2018-07-06,2759.820068,BULL,0.015133005838635935,False
2018-07-13,2801.310059,BULL,0.014921701124265808,False
2018-07-20,2801.830078,BULL,0.00018561698932334234,False
2018-07-27,2818.820068,BULL,0.006045578823067116,False
2018-08-03,2840.350098,BULL,0.007608936732216704,False
2018-08-10,2833.280029,BULL,-0.002492257162097183,False
2018-08-17,2850.129883,BULL,0.005929504867527284,False
2018-08-24,2874.689941,BULL,0.008580255600155972,False
2018-08-31,2901.52002,BULL,0.009289922679340017,False
2018-09-07,2871.679932,BULL,-0.010337543818186678,False
2018-09-14,2904.97998,BULL,0.011529298027954622,False
2018-09-21,2929.669922,BULL,0.008463263361597894,False
2018-09-28,2913.97998,BULL,-0.00536992460744799,False
2018-10-05,2885.570068,BULL,-0.009797359800673956,False
2018-10-12,2767.129883,BEAR,-0.04191183795696928,True
2018-10-19,2767.780029,BEAR,0.00023492559529497125,False
2018-10-26,2658.689941,BEAR,-0.04021206721514163,False
2018-11-02,2723.060059,BEAR,0.02392277154589377,False
2018-11-09,2781.01001,BEAR,0.021057905033601013,False
2018-11-16,2736.27002,BEAR,-0.01621848825893311,False
2018-11-23,2632.560059,BEAR,-0.038638907210388186,False
2018-11-30,2760.169922,BEAR,0.04733546457528688,False
2018-12-07,2633.080078,BEAR,-0.047137950507420104,False
2018-12-14,2599.949951,BEAR,-0.012662098041787133,False
2018-12-21,2416.6201170000004,BEAR,-0.07312227714484948,False
2018-12-28,2485.73999,BEAR,0.028200479834375965,False
2019-01-04,2531.939941,BEAR,0.01841538610010222,False
2019-01-11,2596.26001,BEAR,0.025086167745253206,False
2019-01-18,2670.709961,BEAR,0.028272388300819334,False
2019-01-25,2664.76001,BEAR,-0.0022303390324746237,False
2019-02-01,2706.530029,BULL,0.015553381304669319,True
2019-02-08,2707.879883,BULL,0.000498615380034194,False
2019-02-15,2775.600098,BULL,0.02470097763623173,False
2019-02-22,2792.669922,BULL,0.006131124177114942,False
2019-03-01,2803.689941,BULL,0.003938286140717653,False
2019-03-08,2743.070068,BULL,-0.02185862974498557,False
2019-03-15,2822.47998,BULL,0.028538168090083235,False
2019-03-22,2800.709961,BULL,-0.007742981472979244,False
2019-03-29,2834.399902,BULL,0.011957297453017672,False
2019-04-05,2892.73999,BULL,0.020373906399341182,False
2019-04-12,2907.409912,BULL,0.005058473842644796,False
2019-04-19,2905.030029,BULL,-0.0008188929802803519,False
2019-04-26,2939.879883,BULL,0.011924997137895669,False
2019-05-03,2945.639893,BULL,0.001957350262410768,False
2019-05-10,2881.399902,BULL,-0.02204982152192748,False
2019-05-17,2859.530029,BULL,-0.007618967329623044,False
2019-05-24,2826.060059,BULL,-0.011773749467787952,False
2019-05-31,2752.060059,BULL,-0.026533792739082334,False
2019-06-07,2873.340088,BULL,0.04312540321929653,False
2019-06-14,2886.97998,BULL,0.004735819305841783,False
2019-06-21,2950.459961,BULL,0.02175011105804247,False
2019-06-28,2941.76001,BULL,-0.002953032088099662,False
2019-07-05,2990.409912,BULL,0.01640242722783137,False
2019-07-12,3013.77002,BULL,0.007781321057539164,False
2019-07-19,2976.610107,BULL,-0.012406688346011,False
2019-07-26,3025.860107,BULL,0.01641027892849276,False
2019-08-02,2932.050049,BULL,-0.03149353016357023,False
2019-08-09,2918.649902,BULL,-0.004580706767857704,False
2019-08-16,2888.679932,BULL,-0.010321520190538724,False
2019-08-23,2847.110107,BULL,-0.014495144545066013,False
2019-08-30,2926.459961,BULL,0.027489005831308887,False
2019-09-06,2978.709961,BULL,0.01769681967149789,False
2019-09-13,3007.389893,BULL,0.009582249593982939,False
2019-09-20,2992.070068,BULL,-0.005107079102966397,False
2019-09-27,2961.790039,BULL,-0.010171649829149955,False
2019-10-04,2952.01001,BULL,-0.0033075308041850353,False
2019-10-11,2970.27002,BULL,0.006166566853044753,False
2019-10-18,2986.199951,BULL,0.005348795194681433,False
2019-10-25,3022.550049,BULL,0.012099202477035626,False
2019-11-01,3066.909912,BULL,0.014569649193075665,False
2019-11-08,3093.080078,BULL,0.008496872070427977,False
2019-11-15,3120.459961,BULL,0.008813030910913828,False
2019-11-22,3110.290039,BULL,-0.0032644323817610206,False
2019-11-29,3140.97998,BULL,0.009818864798575895,False
2019-12-06,3145.909912,BULL,0.0015683217282867555,False
2019-12-13,3168.800049,BULL,0.007249814290669204,False
2019-12-20,3221.219971,BULL,0.01640717799460216,False
2019-12-27,3240.02002,BULL,0.0058193480140551175,False
2020-01-03,3234.850098,BULL,-0.001596919476207422,False
2020-01-10,3265.350098,BULL,0.009384395223727937,False
2020-01-17,3329.6201170000004,BULL,0.019491233960857866,False
2020-01-24,3295.469971,BULL,-0.010309429159341448,False
2020-01-31,3225.52002,BEAR,-0.021454605585988246,True
2020-02-07,3327.709961,BEAR,0.031190184258711562,False
2020-02-14,3380.159912,BEAR,0.015638651599135554,False
2020-02-21,3337.75,BEAR,-0.012626092330322183,False
2020-02-28,2954.219971,BEAR,-0.1220622804807464,False
2020-03-06,2972.3701170000004,BEAR,0.006125006951192026,False
2020-03-13,2711.02002,BEAR,-0.0920346985403692,False
